prompt,textbook,summary,factuality,quality,coherence,combined,factuality_device
Persona_Pattern,business_ethics_1,"Below is a comprehensive expert summary of the text, written for students studying **Business Ethics**.

---

# Comprehensive Summary: Business Ethics, Integrity, Stakeholders, and Corporate Responsibility

## 1. Why ethics matters in business
The text begins by emphasizing that ethics is not just a personal matter; it is central to professional and business life. **Ethics** refers to the standards of behavior by which people judge what is honest, fair, trustworthy, respectful, and responsible. In business, ethics affects how managers and employees treat **customers, clients, coworkers, investors, shareholders, suppliers, communities, competitors, and the environment**.

The key message is that business decisions always have consequences for multiple people, not just the decision-maker. Therefore, ethical business conduct requires thinking beyond personal gain and considering the broader impact of actions.

## 2. Professional integrity
A major theme is the importance of being a **professional of integrity**. Integrity means consistency between what a person says and what they do; it also implies trustworthiness and incorruptibility. In business, acting with integrity means:
- keeping promises,
- telling the truth,
- avoiding fraud or deception,
- treating others with dignity,
- and making choices based on reason and moral principles, not merely profit.

The text argues that integrity is not only morally right but also practically valuable. Businesses that act honestly and fairly build trust, which supports long-term success. People are more likely to buy from, work for, and invest in firms they perceive as ethical.

## 3. Stakeholders and ethical responsibility
The chapter introduces the idea of **stakeholders**—all individuals and groups affected by a company’s decisions. These include:
- customers,
- employees,
- investors and stockholders,
- suppliers,
- retailers,
- the government,
- the media,
- local communities,
- competitors,
- and the environment.

A central ethical insight is that business leaders should not focus only on maximizing profit for shareholders. Ethical leadership requires balancing the interests of all stakeholders. This is one of the core distinctions in business ethics: a firm may have legal permission to act in a certain way, but that does not automatically make the action ethical.

## 4. Ethics is more than legal compliance
The text clearly separates **ethical responsibility** from **legal compliance**:
- **Law** sets mandatory minimum standards.
- **Ethics** goes beyond the law and asks what is right, fair, and responsible.

Something can be legal but still unethical. For example, a company might technically comply with regulations yet still exploit workers, mislead consumers, or ignore community harm. Businesses are therefore expected not only to obey the law but also to uphold moral standards that protect stakeholders.

This distinction is important because students often confuse “legal” with “right.” The text insists they are not the same.

## 5. Normative ethical theories: three ways to judge decisions
The text presents three major **normative ethical theories**, which are frameworks for deciding whether actions are morally acceptable.

### A. Consequence-based ethics
This approach evaluates the **ends** or **consequences** of a decision. The most important version mentioned is **utilitarianism**, which says an action is ethical if it produces the greatest good for the greatest number of people.

Key question:  
**Who benefits, and who is harmed?**

This approach is practical because it forces decision-makers to consider overall outcomes, but it may overlook whether the means used were morally acceptable.

### B. Duty-based ethics
This approach focuses on the **means** used to achieve an outcome. The main example is **deontology**, associated with Immanuel Kant. Deontology says that ethical behavior depends on following duties and universal moral rules.

Key idea:  
Some actions are right or wrong regardless of consequences.

This framework emphasizes honesty, promise-keeping, and respecting persons as ends in themselves, not merely as tools for profit.

### C. Virtue ethics
This approach focuses on **character** rather than isolated actions. **Virtue theory** asks what kind of person the decision-maker is becoming through repeated habits and choices.

The text stresses that ethical behavior is rooted in developing good habits over time. A person trained early to act responsibly can later be trusted with major responsibilities. The classical virtues highlighted include:
- courage,
- self-control,
- justice,
- and wisdom.

## 6. Practical wisdom and leadership
The text gives special attention to **phronesis**, or **practical wisdom**, a concept from Aristotle. Practical wisdom is the ability to make sound, context-sensitive ethical judgments based on experience, values, and judgment.

A wise leader:
- judges situations morally,
- anticipates consequences,
- creates shared purpose,
- communicates clearly,
- and helps others develop wisdom too.

This matters because ethical leadership is not just about following rules mechanically. Good leaders must interpret real-world situations intelligently and act for the common good.

The text also suggests that education in the **liberal arts**—philosophy, history, literature, and the arts—can improve judgment and strengthen ethical reasoning.

## 7. Ethics, profitability, and the long term
A major section addresses the relationship between ethics and business success. The text challenges the idea that business should focus only on short-term profit, especially quarterly earnings.

### Short-term perspective
A short-term view can lead to:
- careless decision-making,
- sacrificing long-term trust for immediate gain,
- and ignoring consequences that appear later.

### Long-term perspective
A long-term view recognizes that:
- reputation matters,
- trust takes time to build,
- ethical investments may not pay off immediately,
- but responsible business practices usually strengthen profitability over time.

The text argues that ethical behavior often improves business outcomes because it attracts loyal customers, committed employees, and public trust.

## 8. Stockholders vs. stakeholders
The text distinguishes between:
- **stockholders/shareholders**: owners of company stock,
- **stakeholders**: everyone affected by the business.

It critiques the narrow view that a company’s only responsibility is to maximize shareholder wealth. While shareholder value matters, ethical leadership must also consider how decisions affect employees, customers, communities, and society.

A key practical suggestion is to map stakeholders in a structured way:
1. identify stakeholder groups,
2. define their interests,
3. assess how a decision affects each one.

This helps managers avoid one-sided decisions that benefit investors while harming others.

## 9. Goodwill as a business asset
The text explains **goodwill** as the positive feeling stakeholders have toward a company. Goodwill includes:
- reputation,
- brand value,
- employee loyalty,
- customer trust,
- intellectual capital,
- and social standing.

Goodwill is intangible but highly valuable. It builds slowly and is easily damaged. Ethical conduct contributes directly to goodwill, which in turn supports long-term success. A business with strong goodwill is more likely to:
- retain customers,
- attract talented employees,
- weather crises,
- and outperform competitors.

## 10. Corporate culture and ethics
The chapter also highlights **corporate culture**, meaning the shared values, beliefs, and behaviors inside an organization. Ethical conduct at all levels—from top executives to frontline employees—helps create a healthy culture.

A company’s culture affects:
- internal relationships,
- employee morale,
- decision-making,
- public perception,
- and long-term performance.

The text suggests that companies with ethical cultures tend to earn trust and create more sustainable success.

## 11. Corporate social responsibility (CSR)
A major concept introduced is **corporate social responsibility (CSR)**. CSR means that a business sees itself as part of society and accepts obligations beyond profit-making.

CSR includes responsibility for:
- social impacts,
- environmental consequences,
- community well-being,
- and ethical business practices.

The text argues that a company should not pursue profit in isolation. Instead, it should try to **do well and do good at the same time**. In this view, making money is legitimate, but businesses also have an obligation to contribute positively to society.

Examples such as Patagonia and TOMS Shoes illustrate how some companies integrate social or environmental goals into their business models.

## 12. Ethical consistency: one standard, not many
The final section addresses **ethical relativism**, the idea that there is no universal right or wrong and that ethics depends entirely on context. The text rejects this position in business because it encourages inconsistency, confusion, and hypocrisy.

Instead, it argues for a **single ethical standard** that applies across contexts:
- family,
- work,
- friendships,
- community,
- and public life.

Why? Because consistency builds trust. If people see that you behave honorably in all settings, they are more likely to trust you professionally.

This idea is supported by all three ethical theories:
- **deontology** values universal duty,
- **utilitarianism** seeks the greatest good for all,
- **virtue ethics** requires integrity.

The text emphasizes that ethical people should not use different standards just because a situation is business-related or because they think they can gain advantage.

## 13. Ethical judgment in everyday business situations
The chapter ends by applying these ideas to practical workplace dilemmas, such as:
- using an employee discount for family,
- handling insider information,
- responding to data breaches,
- or deciding how far to go in protecting stakeholders after a crisis.

These examples reinforce the main lesson: business ethics is not abstract theory alone. It is a daily practice of judgment, consistency, and responsibility.

---

# Main Takeaways for Students
If students remember only a few ideas from this text, they should remember these:

1. **Ethics is essential in business**, not optional.
2. **Integrity** means doing what you say and acting honestly.
3. **Stakeholders matter**, not just shareholders.
4. **Legal compliance is not enough**; ethical conduct must go further.
5. Ethical decisions can be examined through:
   - consequences,
   - duties,
   - and character.
6. **Long-term thinking** is ethically and financially wiser than short-term greed.
7. **Goodwill and reputation** are powerful business assets.
8. **CSR** means businesses should contribute to society, not merely extract profit.
9. A **single ethical standard** is preferable to context-based double standards.
10. Ethical business leadership is both a **moral obligation** and a **competitive advantage**.

If you want, I can also turn this into:
- a **study guide**,
- a **bullet-point outline for exam review**,
- or a **shorter summary with key terms defined**.",,,1.0,,azure
Persona_Pattern,business_ethics_2,"Here is a comprehensive expert summary of the text, with emphasis on the key ideas business ethics students should understand.

---

## Overall Purpose of the Chapter

This chapter explains how major ethical traditions developed across history and how they apply to business decisions today. It begins with a foundational distinction:

- **Ethics** = the standards of behavior we hold ourselves accountable to in personal and professional life.
- **Law** = the minimum rules society enforces.

A central lesson is that **something can be legal but still unethical**. Business ethics therefore goes beyond compliance. The real challenge is building an organizational culture where people do the right thing even when the law does not explicitly require it.

The chapter then traces four major ethical frameworks:

1. **Virtue ethics** in ancient Athens and China  
2. **Utilitarianism**  
3. **Deontology**  
4. **Justice theory**

Each system offers a different answer to the question: *What makes an action morally right in business?*

---

## 1. Ancient Athens: Virtue Ethics and Business

### Core idea
In ancient Athens, ethics was about **character**, not just isolated actions. The key question was not merely “What did you do?” but “What kind of person are you?”

### Aristotle’s virtue ethics
Aristotle is the central figure here. His ethics are based on:

- **Teleology**: everything has a purpose or end.
- The purpose of human life is **eudaimonia**, usually translated as happiness, but better understood as **human flourishing**.
- Flourishing is achieved through **reason** and a **virtuous life**.

#### Two kinds of virtues
Aristotle distinguished between:

- **Intellectual virtues**  
  Learned through education and reflection  
  Examples: knowledge, wisdom, prudence

- **Moral virtues**  
  Developed through habit and practice  
  Examples: courage, self-control, liberality, honor, patience

The most important intellectual virtue is **prudence** or **practical wisdom**. Prudence helps a person find the **golden mean**—the balanced middle between excess and deficiency.

### Business relevance
Aristotle’s ideas matter for business because:
- Ethical business depends on **habits of character**
- Good managers act with **deliberation**, not impulsiveness
- A person should know how to act:
  - at the right time
  - in the right way
  - for the right reason

In modern business terms, prudence means making decisions based on experience, good judgment, and the long-term health of the organization—not greed or panic.

### Honor and the marketplace
Ancient Greek business life was shaped by **honor**. Business was not seen as morally neutral. Transactions had to be conducted with integrity because dishonorable conduct harmed not only the individual but the whole community.

Aristotle did not condemn commerce itself. He accepted money-making as part of civic life, but he strongly condemned **greed**. Greed was seen as irrational excess that disrupted justice and damaged the city-state.

### Justice in Athens
The chapter identifies three kinds of justice:

1. **Legal justice** – fair laws made by the state
2. **Commutative justice** – fairness between individuals
3. **Distributive justice** – fair allocation of benefits and burdens across society

These categories still matter in business today:
- Commutative justice relates to contracts, product harm, fraud, and compensation.
- Distributive justice relates to taxation, welfare, healthcare, education, and social responsibility.

### Important ethical tension
The Athens section also highlights major historical limits:
- Democracy was limited to adult male property owners
- Women had restricted rights
- Metics (resident foreigners) lacked full citizenship
- Slavery was widespread and accepted

This raises a critical ethical question for students: **How do we judge past moral systems without ignoring historical context, yet without excusing serious injustice?**

---

## 2. Ancient China: Confucian Ethics and Business

### Core idea
Confucian ethics, like Aristotle’s, is virtue-based, but it emphasizes **relationships** more than individual self-realization.

If Aristotle asks, “How does an individual become virtuous?”, Confucius asks, “How do people live well together?”

### Historical context
Confucius lived during a period of social breakdown and war. His response was to call for a return to **li**:
- proper order
- ritual behavior
- harmony
- appropriate roles

For Confucius, social stability begins with the family and extends outward to society, government, and business.

### The ideal person: junzi
The Confucian moral ideal is the **junzi**:
- gracious
- magnanimous
- cultured
- self-controlled
- balanced

A junzi is not petty, selfish, or driven by power. This person seeks to create harmony through moral refinement.

### The Dao of humanity
Confucius believed humans are naturally good but need moral cultivation. The path is the **dao of humanity**, which includes:

- sincerity and truthfulness
- the constant mean
- expediency or practical judgment (**quan**)

### Business relevance
Confucian ethics is highly relevant to business because it treats organizations as webs of relationships. Business should be conducted in a way that:
- maintains order
- respects roles
- promotes trust
- supports the common good

Examples of Confucian application in business include:
- honest reporting
- respectful leadership
- ethical risk assessment
- long-term stakeholder relationships

### The importance of truth
Confucius especially valued **truthfulness over blind loyalty**. This is highly relevant in modern business settings where whistleblowing, integrity, and speaking up about wrongdoing are often difficult.

### Expediency and practical ethics
The idea of **quan** is especially important. It means weighing options carefully in moral dilemmas and balancing competing concerns to achieve fairness. In business, this can mean adapting principles to circumstances without abandoning virtue.

### Gender and social limits
Like Athens, ancient China limited women’s roles mainly to the home. The text uses the example of **Yijing**, a fictional woman with exceptional business talent, to illustrate the tension between social norms and practical ability.

### Confucian business culture
The chapter argues that Confucianism still influences modern China, especially in:
- corporate culture
- anticorruption efforts
- social responsibility
- family-based continuity in business

However, some critics argue that Confucianism is too old to fit modern high-tech capitalism. The chapter pushes back by saying the core issue is still the same as in Aristotle: **character matters more than technical rules alone**.

---

## 3. Comparing East and West: Shared Virtue Ethics

The chapter shows that Aristotle and Confucius, despite very different cultural settings, share several important ideas:

### Shared themes
- **Control**
  - Aristotle: self-control through practical wisdom
  - Confucius: self-regulation through ritual and moral cultivation

- **Virtue as a habit**
  - Ethics is learned through practice, not just theory

- **Integration of personal and professional life**
  - A person should not behave morally at home and immorally at work

- **Ethics as socially visible**
  - Virtue is public, not private
  - Character shows up in transactions, leadership, and reputation

### Key difference
- Aristotle focuses on the **individual**
- Confucius focuses on the **family and relationships**

### Business implication
Both traditions reject the idea that business is morally separate from life. Business is a testing ground for moral character, because it involves real choices, real stakes, and real relationships.

### Universal ethics?
The chapter asks whether there are moral truths that apply across cultures and eras. It suggests that while cultural differences matter, some elements may be broadly universal, especially:
- fairness
- honesty
- responsibility
- prudence
- respect for others

It also suggests that modern business education should help students become ethically transformed, not merely rule-compliant.

---

## 4. Utilitarianism: The Greatest Good for the Greatest Number

### Core idea
Utilitarianism, associated with **Jeremy Bentham** and later **John Stuart Mill**, judges actions by their **consequences**.

The central moral rule is:
> choose the action that produces the greatest happiness for the greatest number

### Bentham’s version
Bentham believed:
- humans seek pleasure and avoid pain
- ethics should be scientific, measurable, and objective
- utility can be calculated

He developed:
- **utility**
- **hedonic calculus**
- a way to assess the intensity, duration, certainty, and probability of outcomes

Bentham’s utilitarianism is:
- universal
- objective
- rational
- quantifiable

### Strengths for business
Utilitarianism is useful for:
- cost-benefit analysis
- risk management
- strategic planning
- hiring/firing decisions
- expansion and closures

### Weaknesses
The chapter also makes clear the major criticism:
- utilitarianism can ignore individual rights
- it may justify harming a few for the benefit of many
- it can become mechanical and dehumanizing
- it may fail to account for emotional, social, or indirect harm

### Mill’s modification
John Stuart Mill improved Bentham by adding **human rights** and the **harm principle**:

> Power can only be exercised over someone to prevent harm to others.

Mill valued:
- liberty
- free speech
- individuality
- the protection of minorities

His version makes utilitarianism more humane, but still leaves major questions:
- What counts as harm?
- Who decides?
- How do we account for nonphysical harm?

### Business relevance today
Utilitarian reasoning appears in:
- stakeholder analysis
- ESG decisions
- project evaluation
- risk calculations
- organizational strategy

But the chapter warns that simple cost-benefit thinking is not enough unless it considers:
- all stakeholders
- externalities
- coercion
- social and environmental effects

---

## 5. Deontology: Ethics as Duty

### Core idea
Immanuel Kant rejected consequence-based ethics. For him, morality is based on **duty**, **good will**, and **universal moral law**.

### The categorical imperative
Kant’s most famous principle is:

> Act only according to that maxim which you can at the same time will to become a universal law.

This means:
- act only in ways that could be applied to everyone
- never treat people merely as means to an end
- always respect human beings as ends in themselves

### Key difference from utilitarianism
Unlike utilitarianism:
- Kant does **not** focus on outcomes
- he focuses on intention and moral duty
- the morality of an action depends on whether it is done for the right reason

### Business relevance
Kantian ethics is useful for business because it highlights:
- honesty
- respect
- autonomy
- moral consistency

It helps explain why scandals like:
- Uber
- Volkswagen
- Theranos
- corruption in military or corporate systems

are not just failures of results, but failures of **character and duty**.

### Limits in business
Kantian ethics can be difficult in practice because:
- it is rigid
- it may be hard to apply universally across cultures
- it does not easily handle complex tradeoffs

Still, the chapter suggests that many business crises result from ignoring exactly what Kant emphasized: **the moral intention behind action**.

### Example: Jean Valjean
The text uses *Les Misérables* to show the gap between law and morality. Valjean breaks the law by stealing bread, but morally he acts to save starving people. This illustrates Kant’s concern with **motivation** and **human dignity**.

---

## 6. Rawls and Justice Theory

### Core idea
John Rawls offers a modern theory of justice based on fairness rather than utility. He wants to answer: **What is a just society?**

His answer is **justice as fairness**.

### Key concepts
#### Original position
A hypothetical situation in which rational people design a fair society.

#### Veil of ignorance
Decision-makers do not know their own:
- class
- race
- gender
- income
- ability
- status

Because they do not know where they will end up, they are more likely to choose fair rules.

#### Unanimity
The system requires agreement by all.

### Why Rawls matters
Rawls shifts attention from maximizing total happiness to ensuring that institutions are just, especially for the least advantaged.

### Redistribution
A major issue in Rawls’s theory is redistribution of resources:
- Should the state ensure housing, healthcare, education, and basic necessities?
- Is it fair to redistribute from the better off to the worse off?
- How much coercion is justified in the name of fairness?

This creates a major tension:
- Rawls is more egalitarian than utilitarianism
- but critics say he may still impose coercion through the state

### Business relevance
Rawls is useful in business because fairness matters in:
- hiring
- promotion
- pay
- employee treatment
- CSR
- stakeholder relations
- diversity and inclusion

His framework encourages organizations to ask:
- What rules would we choose if we did not know our own position?
- Would this policy be acceptable if we were the least advantaged person affected?

### Main insight
Rawls is especially valuable because he gives ethics a **method**:
- not just a list of rules
- but a way to reach fair decisions through impartial reasoning

---

## Main Takeaways for Business Ethics Students

### 1. Ethics is more than compliance
Legal behavior and ethical behavior are not the same.

### 2. Character matters
Aristotle, Confucius, and Kant all emphasize that who the decision-maker is matters deeply.

### 3. Relationships matter
Confucian ethics especially shows that business is relational and community-based.

### 4. Outcomes matter, but not alone
Utilitarianism reminds us to think about consequences, stakeholders, and harm.

### 5. Fairness matters
Rawls shows that ethical systems need procedures that protect the vulnerable and reduce bias.

### 6. Business is a moral arena
The workplace is not morally neutral. It is a place where:
- honor
- truth
- justice
- duty
- fairness
- responsibility

are constantly tested.

### 7. Ethical culture must be cultivated
The chapter repeatedly emphasizes that ethical behavior is learned through:
- education
- habit
- institutional design
- leadership
- reflection

---

## Final Synthesis

The chapter presents business ethics as a long conversation across civilizations and centuries. Ancient Athens teaches that business should be guided by virtue and honor. Ancient China teaches that business should preserve harmony through relationships and truthfulness. Utilitarianism adds concern for consequences and social welfare. Kant insists on duty, dignity, and universal moral law. Rawls finally re-centers ethics on fairness, especially for those who are least advantaged.

For students, the big lesson is that **ethical business is not just about making money responsibly**. It is about:
- building character
- respecting people
- balancing interests
- protecting rights
- promoting fairness
- and creating trust in organizations and society

If you want, I can also turn this into:
1. a shorter study guide,  
2. bullet-point lecture notes, or  
3. a comparison table of Aristotle, Confucius, Bentham, Mill, Kant, and Rawls.",,,1.0,,azure
Persona_Pattern,business_ethics_3,"Here is a comprehensive expert summary of the text, with an emphasis on the business ethics concepts students should understand deeply.

---

# Comprehensive Summary: Stakeholders, Ethical Prioritization, and Corporate Social Responsibility

This text develops a central theme in business ethics: **a company is morally responsible not only to shareholders, but to a wide network of stakeholders whose interests are affected by its decisions**. Using examples such as Starbucks, Samsung, Amazon, Johnson & Johnson, Volkswagen, IKEA, Coca-Cola, and others, the text shows that ethical business conduct requires more than legal compliance. It requires recognizing stakeholder welfare, balancing competing claims, and evaluating whether a company’s actions support long-term social and economic sustainability.

## 1. Starbucks as a Stakeholder Case Study

The chapter opens with the 2018 Starbucks incident in Philadelphia, where two Black men were arrested while waiting for a friend. In response, Starbucks temporarily closed about 8,000 U.S. stores to conduct racial-bias training and changed its restroom policy so customers and non-customers could use the facilities without making a purchase.

This example is important because it shows several ethical dimensions of stakeholder responsibility:

- The company’s actions affected **customers, employees, investors, suppliers, communities, and government**
- The response was **financially costly**
- The company acted beyond legal obligation because it believed it was morally necessary
- It demonstrates that ethical decisions often involve trying to repair trust with multiple stakeholders, not just protecting the firm from legal liability

The broader lesson is that large corporations do not operate in isolation. Their decisions shape the lives of many groups at once, and ethical decision-making must account for that reality.

---

## 2. Adopting a Stakeholder Orientation

A **stakeholder** is anyone who has an interest in, can affect, or is affected by a business. The text makes clear that stakeholders include:

- Customers
- Employees
- Shareholders
- Suppliers
- Communities
- Governments
- The media
- The environment
- NGOs and other public-interest groups

### Key idea:
Not all stakeholders are equally important in every situation, but **all deserve consideration**.

### Internal stakeholders
The text explains the role of internal stakeholders:

- **Board of directors**: oversees the mission and strategic direction of the company, sets major goals, and hires the CEO
- **CEO**: implements board policy and oversees major business decisions
- **Executives and employees**: carry out operations across departments such as finance, marketing, HR, legal, manufacturing, and public relations

### External stakeholders
External stakeholders include:

- **Customers**, who provide revenue and trust
- **Suppliers**, who provide essential inputs
- **Governments**, which regulate business behavior
- **Communities**, which are affected by business operations
- **Media and social media**, which can amplify praise or criticism rapidly

The text stresses that stakeholder relationships are **mutual**: businesses depend on stakeholders, and stakeholders depend on businesses.

---

## 3. Ethical Responsibilities Extend Beyond the Law

A major ethical point in the chapter is that **the law sets only a minimum standard**, not the full range of moral responsibility.

### Important distinction:
- **Ethical minimum** = the least a company can do while still complying with the law
- **Ethical maximum** = the strongest ethical action a company can reasonably take in a situation

The text uses **Samsung’s washer recall** as an example. When defects in its washers created a tipping hazard, Samsung eventually offered full refunds and pickup for millions of customers. This was expensive, but it preserved trust and reduced legal exposure.

The lesson is that a company may be legally safe while still being ethically inadequate. If it simply warns customers and does no more, it may have met the legal minimum but failed morally, especially if the danger is severe or the warning is incomplete.

### Core ethical insight:
A business relationship is often an **implicit social contract**. Consumers expect honesty, safety, and reliability. When a company breaks that trust, it risks not only lawsuits but also reputational damage and the loss of stakeholder loyalty.

---

## 4. The Stakeholder View vs. the Shareholder-Only View

The text presents two broad views of business ethics:

### A. Shareholder primacy view
This view holds that a company’s main responsibility is to maximize shareholder wealth, so long as it stays within the law.

### B. Social responsibility / stakeholder view
This view argues that stakeholders are **ends in themselves**, not merely instruments for profit. Customers, employees, communities, and others have intrinsic moral worth.

The chapter aligns strongly with the **stakeholder-oriented view**, arguing that ethical business should place stakeholder welfare at the center of decision-making.

### Important nuance:
The text does not claim that profit is unimportant. Rather, it argues that **long-term profit is best supported by ethical stakeholder treatment**. In other words, caring for stakeholders is both morally right and strategically wise.

---

## 5. Why Stakeholder Welfare Matters Strategically

The chapter shows that stakeholders influence business success through trust, loyalty, reputation, and market response.

Examples include:

- Customers boycotting companies that treat employees unfairly
- Social media spreading unethical behavior quickly
- Employees staying loyal when treated fairly
- Investors benefiting from companies that maintain trust over time

It also notes that even shareholders are not always unified. Some may push for short-term gain at the expense of employees or customers, while others favor a longer-term view that protects the company’s future.

The text cites Lynn Stout’s argument that shareholders as a class benefit when companies treat stakeholders well, because loyalty from employees and customers strengthens the firm in the long run.

---

## 6. Weighing Stakeholder Claims

This section explains that although all stakeholder claims matter, **they do not all have equal urgency or importance**. Managers must prioritize them based on context, power, influence, and necessity.

A **stakeholder claim** is any interest a stakeholder has in a business decision.

For example:

- A community may oppose a big-box retailer because it threatens local businesses
- Shareholders may support the retailer because of profits
- Consumers may support it because of lower prices and convenience
- Employees may support it because it creates jobs

There is no easy formula for resolving such conflicts, which is why ethical reasoning is essential.

---

## 7. Three Ways to Think About Stakeholder Claims

The text describes three theoretical approaches from Donaldson and Preston:

### 1. Descriptive approach
Describes the company as a collection of stakeholder groups with different interests. It focuses on understanding reality.

### 2. Instrumental approach
Treats stakeholder management as useful because it improves financial performance. Stakeholder care is valuable because it helps the bottom line.

### 3. Normative approach
Sees stakeholders as **morally significant in themselves**. Their interests matter not just because they help the company, but because they deserve ethical consideration.

The text argues that the **normative approach is the most ethically important**. This is the strongest stakeholder theory because it treats stakeholder interests as intrinsically valuable.

---

## 8. Stakeholder Categories and Organizational Linkages

To help managers analyze stakeholders, the text introduces categories based on their relationship to the firm:

### Enabling stakeholders
These allow the company to function:
- stockholders
- boards of directors
- legislators
- regulators

### Functional stakeholders
These directly affect inputs or outputs:
- suppliers
- employees
- unions
- customers
- distributors
- retailers

### Normative stakeholders
These influence norms and informal rules:
- competitors
- peers

### Diffused stakeholders
These have less direct but still meaningful influence:
- NGOs
- voters
- media
- broader civil society

The text emphasizes that stakeholders can influence the company in different ways, and if one group is affected, others often are too. This creates a network of consequences across the supply chain and market system.

---

## 9. Publics and Stakeholder Awareness

The chapter also uses a communications framework that distinguishes between:

- **Nonpublic**: no problem exists or is recognized
- **Latent public**: problem exists but is not recognized
- **Aware public**: problem is recognized
- **Active public**: problem is recognized and organized action is taken

This model helps explain why communication matters ethically. If a firm knows about a problem before the public does, it has a responsibility to act transparently and responsibly.

### Johnson & Johnson’s Tylenol crisis
The Tylenol poisoning case is presented as an example of strong ethical action. Johnson & Johnson voluntarily removed Tylenol from the market nationwide, even though the issue was geographically limited to one area. This action:

- Protected consumers
- Reflected a strong corporate credo
- Rebuilt public trust
- Ultimately restored market share

This case stands in contrast to **Volkswagen**, which concealed emissions cheating through software manipulation. Volkswagen’s failure led to huge financial penalties, criminal consequences, and reputational collapse.

The ethical lesson is clear:
- **Transparency, responsibility, and swift corrective action build trust**
- **Deception and denial destroy it**

---

## 10. Prioritizing Stakeholders Ethically

Because companies have limited time and resources, they must prioritize stakeholder claims.

The text explains that prioritization should consider:

- The stakeholder’s importance to the firm’s survival
- The urgency of the claim
- The stakeholder’s power and interest
- The degree to which the stakeholder is replaceable or not

### Power-interest logic
A stakeholder with both high power and high interest is especially important. Examples include:
- major customers
- key suppliers
- regulators
- influential investors

Managers should not ignore low-power stakeholders, but they may need to attend first to those whose claims are most urgent and consequential.

### Ethical point:
Prioritization must not become favoritism or exploitation. It should be based on fair assessment, not convenience or manipulation.

---

## 11. Managing Stakeholder Expectations

The text emphasizes that effective stakeholder management requires:

- Accurate identification of stakeholders
- Continuous reassessment, since stakeholder groups change over time
- Gathering data through surveys, focus groups, usage analytics, and social media monitoring
- Communicating clearly with stakeholders about what the company heard and what it will do

This is not simply public relations. It is part of ethical responsiveness.

### Examples:
- **United Airlines overbooking incident**: raises questions about whether the company prioritized employees over ticketed passengers
- **Malaysia Airlines**: must balance passenger needs, government expectations, and profitability
- **IKEA**: adapts to different cultural expectations in the U.S. and China, showing sensitivity to local stakeholders

These cases show that stakeholder management is dynamic and context-dependent.

---

## 12. Corporate Social Responsibility (CSR)

The final section shifts from stakeholders as external parties to the corporation itself as a stakeholder in society.

### CSR defined
**Corporate social responsibility** is the idea that businesses should:
- produce reliable products
- charge fair prices
- pay fair wages
- care for the environment
- respond to social concerns

CSR represents a broader ethical obligation than legal compliance.

### CSR is especially important because:
- corporations have major social and environmental impact
- some stakeholders, especially communities and the natural environment, traditionally have had little voice
- companies can create harm through pollution, exploitation, and community disruption

The text places CSR in historical context, showing that writers and reformers have long criticized industrial damage to society and the environment.

---

## 13. Sustainability and the Triple Bottom Line

The chapter introduces **sustainability** as operating in a way that preserves resources and supports long-term ecological health.

It then presents the **triple bottom line (TBL)**, which expands the traditional financial bottom line into three dimensions:

1. **People** – social impact
2. **Planet** – environmental impact
3. **Profit** – economic performance

The key ethical idea is that a company should be judged not only by how much money it makes, but also by how it affects people and the environment.

This is especially relevant because many business impacts are **externalities**—costs or harms imposed on others, such as pollution, health effects, or resource depletion.

---

## 14. CSR vs. Greenwashing

The text warns that CSR can be sincere or merely cosmetic.

### Greenwashing
This is when a company presents itself as environmentally responsible without making meaningful systemic changes. It is essentially CSR as a public relations strategy.

### Important caution:
Students should not assume that a company’s sustainability claims are automatically credible. One must examine:
- supply chains
- labor practices
- environmental data
- community impact
- consistency between messaging and actual behavior

### Examples:
- **Ben & Jerry’s**: presents itself as socially mission-driven, but large-scale sourcing may conflict with its original values
- **Coca-Cola**: speaks about stakeholder engagement and sustainability, yet its water use and local impacts raise ethical concerns

These examples show that companies can have attractive branding while still producing significant ethical harm.

---

## 15. The Ultimate Lesson: Ethical Stakeholder Relations Benefit Everyone

The final message of the chapter is that **ethical stakeholder management is both morally right and economically wise**.

If companies genuinely listen to and respect stakeholders:

- trust increases
- loyalty strengthens
- conflict decreases
- long-term value improves
- communities and ecosystems are less damaged
- business becomes more sustainable

The text ultimately argues that a healthy business economy depends on interdependence. Businesses need consumers, workers, suppliers, governments, and communities; those stakeholders also depend on businesses for jobs, goods, services, and innovation. Ethical business is therefore not about serving one group at the expense of all others. It is about maintaining a sustainable network of mutual responsibility.

---

# Key Takeaways for Students

1. **Stakeholders are central to business ethics.**
2. **Legal compliance is not the same as ethical responsibility.**
3. **Not all stakeholder claims are equal, so prioritization is necessary.**
4. **The normative stakeholder approach is the strongest ethical framework.**
5. **Transparency and trust are crucial in crisis situations.**
6. **CSR should be evaluated carefully to distinguish genuine responsibility from greenwashing.**
7. **The triple bottom line expands business success beyond profit alone.**
8. **Long-term corporate success depends on treating stakeholders well.**

If you want, I can also turn this into:
- a shorter study guide,
- bullet-point notes by section,
- or a quiz with answer key for exam preparation.",,,1.0,,azure
Persona_Pattern,business_ethics_4,"Here is a comprehensive, expert-level summary of the text from a Business Ethics perspective, with emphasis on the concepts students should understand in depth.

---

## Overall Theme

The chapter argues that **ethical business leadership requires more than profit-seeking**. It presents a modern view of corporate responsibility in which companies are expected to balance the interests of **shareholders, employees, customers, regulators, communities, and the environment**. A key organizing idea is the Japanese concept of **nemawashi**—“laying the groundwork” or “building strong roots”—which in business ethics means **seeking stakeholder input before acting**, building trust, legitimacy, and support from the ground up.

The chapter’s central message is that **corporate social responsibility (CSR)** and **sustainability** are not just public relations tools. They can be ethical duties, strategic advantages, or both. The text repeatedly asks whether companies exist only to maximize shareholder profit or whether they also owe responsibilities to society and the planet.

---

# 1. Corporate Law and Corporate Responsibility

## Why corporations matter ethically
Corporations are given special legal status by the state. In exchange for the right to operate as a corporation, businesses receive major advantages, especially **limited liability**. This means shareholders, directors, and managers usually cannot lose more than what they invested, even if the business fails or owes large debts.

### Why limited liability matters
This protection:
- reduces personal financial risk,
- makes investing more attractive,
- helps businesses raise capital,
- allows ownership to be transferred more easily,
- encourages large-scale enterprise.

The text emphasizes that this is not a natural right of business owners; it is a **legal privilege granted by society**. Because society makes corporations possible and protects them, the chapter argues that corporations have a **quid pro quo**—a “this for that” obligation—to give something back, especially through **CSR**.

---

## Corporate social responsibility as a stakeholder obligation
CSR is presented as the idea that corporations should benefit not only shareholders but also:
- employees,
- customers,
- communities,
- governments,
- the media,
- the natural environment.

The ethical point is that a corporation’s decisions affect many people, including those who do not own stock. Therefore, ethical business leadership requires thinking beyond dividends and earnings.

---

## Shareholder primacy vs. CSR
A major debate in business ethics is whether corporations owe their primary duty to:
1. **shareholders only** (shareholder primacy), or
2. **all stakeholders** (broader CSR view).

### Dodge v. Ford Motor Company (1919)
This landmark case supported **shareholder primacy**. Henry Ford wanted to use corporate profits to:
- improve product quality,
- expand facilities,
- lower prices,
- benefit workers and consumers.

Shareholders sued because they wanted dividends. The court ruled that Ford had to operate the company primarily in the **profit-maximizing interests of shareholders**.

### Business Judgment Rule
Interestingly, the same era also recognized the **business judgment rule**, which gives directors and managers wide discretion if their decisions are:
- informed,
- reasonable,
- made in good faith.

This doctrine says courts generally should not second-guess managerial decisions. That is important because it creates room for managers to justify actions that may support CSR if they can argue those actions benefit the corporation long term.

### Shlensky v. Wrigley (1968)
This case marked a shift away from strict shareholder primacy. The owners of the Chicago Cubs refused to install lights at Wrigley Field, partly to protect the neighborhood and avoid night games. Shareholders argued the decision hurt profits. The court sided with management, recognizing that business judgment could include **community concerns** and not just profit maximization.

### Burwell v. Hobby Lobby (2014)
This case further complicated the debate. The Supreme Court allowed a closely held corporation to object on religious grounds to a federal rule requiring contraception coverage in health insurance.

Ethically, the case is controversial because it suggests:
- corporate owners may act according to personal moral or religious values,
- businesses may not be legally required to prioritize profit above all else,
- but such discretion can also disadvantage employees and minority shareholders.

The text highlights the danger: if management is allowed to prioritize one moral issue over profit, could it not also prioritize other social or political causes? This raises serious questions about:
- consistency,
- corporate personhood,
- minority shareholder rights,
- and the limits of management discretion.

---

## Minority shareholder concerns
A broad CSR approach can create tension when **majority owners or managers impose their values** on smaller shareholders who disagree. In large corporations, minority shareholders often have little practical power. Some state laws offer protections such as:
- cumulative voting,
- buyout rights,
- dissolution rights.

But these protections vary, and many small shareholders are left with little choice but to sell.

---

## The scholarly and ideological debate
The chapter shows that experts disagree:

### Milton Friedman’s position
Friedman argued that a corporation’s main responsibility is to **maximize shareholder wealth**. In his view:
- shareholders, not executives, should decide what social causes to support,
- CSR can amount to management using other people’s money for its own agenda,
- social responsibility may function like hidden regulation,
- executives should not be unelected social policymakers.

This view was influential in the 1970s but has become less dominant.

### Counterarguments
Other scholars argue that modern corporate law does **not require profit at all costs**. Some say corporations may pursue long-term value and stakeholder welfare without violating their legal duties. The debate remains unsettled because courts have issued inconsistent rulings over time.

### Fiduciary duty
Directors and managers owe a **fiduciary duty** to the corporation and shareholders, including:
- duty of care,
- duty of loyalty,
- duty of communication.

But the key unresolved question is: **Does this duty require pure profit maximization, or does it allow broader ethical and social judgment?**

---

# 2. CSR as Strategy and Sustainability: The Business Case

## CSR can create value
The text does not portray CSR as merely altruistic. It emphasizes that ethical and socially responsible behavior can also produce business benefits, including:
- brand trust,
- customer loyalty,
- investor confidence,
- reduced risk,
- lower long-term costs,
- reputational advantage.

This is sometimes described as a **halo effect**: consumers may infer that a company with strong CSR is also high quality and trustworthy.

### Socially responsible investing
Investors increasingly support mutual funds and financial products that screen for:
- environmental,
- social,
- governance (ESG)
criteria.

Examples include responsible investment funds and platforms aimed at ethical investing.

### Key takeaway for students
CSR is often framed not as a sacrifice of profitability, but as a **long-term strategic investment** that can align ethical behavior with business success.

---

## Unilever’s Project Shakti
This is one of the chapter’s strongest examples of CSR as both social and business strategy.

### What it is
Unilever created a micro-entrepreneurship program in India that trains rural women to become distributors of Unilever products. The women:
- receive training in business basics,
- learn supply chain and sales skills,
- gain income,
- build self-esteem and social standing.

Men in some cases help with deliveries by bicycle.

### Why it matters
Project Shakti demonstrates that CSR can:
- empower marginalized people,
- expand company distribution networks,
- increase sales,
- build sustainable local enterprise.

### Ethical significance
The example illustrates that CSR can be **both moral and profitable**. It also raises important questions:
- Does motive matter if the outcome is socially beneficial?
- If a company helps people while also increasing profits, is that less ethical—or more sustainable?

---

# 3. Sustainability: Business and the Environment

## Core concept
Sustainability means operating in a way that protects:
- the environment,
- social well-being,
- long-term business viability.

It is not just about pollution control. It is about whether economic activity can continue without destroying the natural and social systems it depends on.

---

## Earth jurisprudence and environmental rights
The text introduces **earth jurisprudence**, which argues that Earth and natural systems should have legal rights similar to those of corporations and persons.

### Corporate personhood
Corporations already have legal personhood:
- they can contract,
- sue and be sued,
- claim constitutional protections.

This raises the question: if corporations are legal persons, why not ecosystems?

### Ecuador as an example
Ecuador is cited as the first country to recognize **rights of nature** in its constitution. Nature can be treated as a legal entity whose rights may be defended in court.

### Ethical implication
The chapter suggests that environmental harm is often ignored because pollution is “invisible.” Earth itself may be the only witness, which is why advocates argue that the environment needs legal standing.

---

## Tragedy of the commons
The chapter connects environmental ethics to the **tragedy of the commons**:
- when shared resources are used by individuals or companies acting in self-interest,
- the resource becomes depleted or damaged,
- everyone loses in the long run.

This is central to environmental ethics because many natural resources are effectively communal:
- air,
- water,
- oceans,
- forests,
- climate stability.

---

## Why sustainability is good for business
The text repeatedly argues that sustainability is not just morally desirable; it can also be economically smart. Benefits include:
- lower operating costs,
- better energy efficiency,
- reduced waste,
- improved reputation,
- stronger resilience,
- better supply-chain management,
- investor appeal.

### Examples
- **Cisco** uses sustainability in supplier standards and supply-chain ethics.
- **Siemens** emphasizes energy efficiency and green products.
- **Dell** reduced emissions and saved millions through flexible work arrangements.
- Global sustainability rankings show that high-sustainability companies can outperform conventional firms financially.

### Key student takeaway
The chapter disputes the assumption that environmental responsibility necessarily reduces profits. In many cases, sustainability is presented as a source of competitive advantage.

---

## Sustainability standards
Two important frameworks are discussed:

### ISO 14000
A set of voluntary environmental management standards that help companies:
- reduce environmental impact,
- standardize best practices,
- improve compliance,
- qualify for contracts.

### LEED certification
A green-building certification system for buildings, homes, and factories that encourages:
- energy efficiency,
- environmentally responsible design,
- sustainable construction.

These standards show that sustainability is becoming institutionalized in business practice.

---

## Climate change and the cost of inaction
The text makes a strong ethical and practical case that ignoring sustainability creates enormous long-term risk:
- floods,
- droughts,
- rising seas,
- wildfire,
- infrastructure damage,
- threats to public health,
- damage to supply chains,
- national security risks.

It emphasizes that the costs of environmental harm are often deferred and distributed across society, while the profits are private and immediate.

---

## Carbon tax and cap-and-trade
The text discusses two major policy tools:

### Carbon tax
A fee on carbon emissions designed to:
- discourage pollution,
- encourage cleaner energy,
- internalize environmental costs.

This is framed as a “pay-to-pollute” system.

### Cap and trade
A system in which:
- emissions are capped,
- companies can buy and sell pollution allowances.

Both tools aim to correct **negative externalities**, where companies impose costs on others without paying for them.

---

## Fracking and Pigovian taxes
The chapter uses hydraulic fracturing as an example of a business activity that can impose hidden costs:
- road damage,
- water usage,
- groundwater pollution,
- earthquake risk.

A **Pigovian tax** is proposed as a way to charge businesses for the social cost they impose on others.

This illustrates the ethical idea that those who profit from resource use should also bear the costs of damage and cleanup.

---

## Ethical concern about toxic dumping in poorer countries
The text condemns multinational companies that dump toxic waste in countries with weak laws or weak enforcement. This is a clear example of:
- exploiting regulatory gaps,
- shifting harm to vulnerable populations,
- violating environmental justice,
- treating poorer nations as disposable.

This is a strong business ethics lesson: a company should not act differently overseas just because it can get away with it.

---

# 4. Government and the Private Sector

## The role of government
The chapter stresses that sustainability and public welfare usually require **cooperation between government and business**. Neither sector can solve large-scale problems alone.

Government regulation is justified when business activities create:
- public health risks,
- environmental harm,
- unfair burdens on communities,
- market failures,
- unsafe products or practices.

---

## Public-private cooperation
Examples include:
- the Clean Air Act and EPA enforcement,
- state-level air quality regulation,
- local regulation of environmental standards,
- partnerships between government and private firms on technological solutions.

The core idea is that smart regulation and private innovation should complement each other.

---

## Public health as an ethical justification for regulation
The text expands sustainability beyond environment to include **public health** issues such as:
- alcohol,
- tobacco,
- guns,
- opioids.

The ethical question is whether businesses should be allowed to profit from products that cause large-scale harm.

### Corporate responses
Some firms are already acting ethically beyond legal requirements:
- CVS stopped selling tobacco.
- Dick’s Sporting Goods reduced gun sales.
- Walmart restricted gun sales to younger buyers.
- CVS limited opioid prescriptions to seven days.

This shows that businesses can respond to social pressure and ethical concern even before law changes.

---

## Animal rights and consumer pressure
The chapter also includes animal welfare as part of sustainability ethics:
- fur-free policies,
- cruelty-free cosmetics,
- cage-free eggs.

The business reason is clear: consumer expectations shape corporate policy. Ethical behavior can align with market demand.

---

## The revolving door
A major governance concern is the **revolving door** between business and government:
- executives move into regulatory positions,
- then may return to the industries they once regulated.

This can create conflicts of interest or the appearance of regulatory capture.

The chapter does not claim all such movement is unethical; in fact, business expertise can be valuable in government. But it insists that transparency and safeguards are necessary.

---

## Constitutional and political debates over regulation
The text outlines several competing views:

### States’ rights / limited federal power
Some argue regulation should be mostly left to states under the Tenth Amendment and a narrow reading of the Commerce Clause.

### Small-government libertarianism
Others want less regulation at all levels.

### Federalist view
Another perspective sees federal government as necessary to protect rights and coordinate large-scale solutions.

The key business ethics question is not whether regulation is always good or bad, but whether it is:
- effective,
- fair,
- stable,
- and proportionate to the harm being addressed.

---

## Deepwater Horizon as a case study
The BP oil spill is used as a major example of what happens when regulation is weak and industry influence is strong.

### Important details
- 11 workers died.
- Millions of barrels of oil spilled.
- Enormous environmental and economic damage followed.
- The disaster may have been prevented by a relatively inexpensive shutoff valve that was not required by law.

This supports the argument that **minimal regulation can be ethically dangerous** when powerful industries lobby against safety measures.

---

## Citizens United and political influence
The text explains that the Supreme Court’s ruling in **Citizens United** allowed corporations to spend heavily on political advertising. This raises ethical concerns because:
- money can distort democratic decision-making,
- corporations can use political spending to weaken regulation,
- public policy may become overly influenced by wealthy interests.

---

## Sarbanes-Oxley and corporate accountability
The chapter ends this section by highlighting the importance of **Sarbanes-Oxley (SOX)**, enacted after major corporate fraud scandals like Enron and WorldCom.

SOX:
- increases transparency,
- requires stronger accounting controls,
- holds CEOs and CFOs more accountable,
- protects whistleblowers,
- discourages fraud and deception.

This is presented as a necessary legal framework that supports ethical business conduct.

---

# Key Ethical Lessons for Students

## 1. Corporations are socially enabled institutions
They exist because society grants them legal privileges. Therefore, corporations have responsibilities in return.

## 2. Profit and ethics are not always opposites
The text repeatedly shows that CSR and sustainability can improve:
- long-term profit,
- reputation,
- stability,
- innovation.

## 3. Shareholder primacy is contested
The law has never been fully settled on whether corporations must serve shareholders above all else.

## 4. Stakeholder thinking is central to modern business ethics
Businesses should consider impacts on:
- workers,
- consumers,
- communities,
- governments,
- the environment,
- future generations.

## 5. Environmental responsibility is both moral and practical
Pollution and climate harm create costs that can destroy businesses and societies if ignored.

## 6. Government regulation is often necessary
Markets alone do not reliably prevent harm, especially when harms are diffuse, delayed, or externalized.

## 7. Ethical business requires long-term thinking
Short-term quarterly profit can conflict with durable sustainability, public health, and ecological survival.

---

# Final Takeaway

This chapter presents a broad, integrated view of business ethics in which **corporate responsibility, sustainability, public health, and government regulation are deeply interconnected**. It argues that corporations should not be understood as isolated profit machines. Instead, they are powerful social institutions that depend on legal privilege, natural resources, public trust, and human labor. Because of that, they owe duties to society and the environment.

At the same time, the chapter recognizes that ethical business must also be economically viable. The most effective companies are those that use **nemawashi**—building stakeholder support carefully and inclusively—so that ethics becomes part of strategy, not an afterthought.

If you want, I can also turn this into:
1. a **shorter study guide**,  
2. a **bullet-point lecture outline**, or  
3. **exam-style questions with answers**.",,,1.0,,azure
Persona_Pattern,business_ethics_5,"Here is a comprehensive expert summary of the text, tailored for students studying Business Ethics.

---

## Big Picture: What the Chapter Argues

The central message of the chapter is that **business ethics are shaped by culture, history, geography, and religion**, and therefore do not operate in a vacuum. Ethical business conduct is not simply a list of rules—it reflects deeper social values, assumptions about human beings, ideas about property and work, and beliefs about justice, responsibility, and the purpose of business itself.

At the same time, the chapter asks a major philosophical question: **Are there universal ethical values that apply to business everywhere, regardless of time or place?** The text suggests that while ethical practices vary widely across cultures and historical periods, certain values—such as honesty, fairness, human dignity, and opposition to corruption—appear to have broad, possibly universal relevance.

---

# 5.1 The Relationship Between Business Ethics and Culture

## Core idea
Business is **culturally embedded**, not neutral. The way a society understands work, ownership, negotiation, authority, time, and responsibility affects how business is done and what counts as ethical.

## Key concepts: enculturation and acculturation
- **Enculturation**: the process by which people learn the rules, customs, values, and skills of their own society.
  - No one is born knowing a culture.
  - Business behavior is therefore learned, not automatic.
- **Acculturation**: the process that occurs when cultures interact and influence one another.
  - This can change both the host culture and the original one.
  - It historically occurred through conquest, but today also through globalization, trade, media, and economic development.

## Business is not culturally neutral
The text emphasizes that modern business has largely developed from **Western, especially English-speaking, capitalist traditions**. This means:
- Western assumptions about individualism, competition, ownership, contracts, and profit often dominate global business.
- Other cultures may understand these ideas differently.

### Example: The “purchase” of Manhattan
The story of the Dutch transaction with the Lenape Native Americans illustrates the danger of **misunderstanding between different cultural concepts of ownership**.
- The Dutch likely believed they were buying land.
- The Lenape may have viewed it as granting access or use rights rather than transferring permanent ownership.
- This difference in worldview contributed to conflict and war.

This example shows that ethical conflict is often not just about bad intentions, but about **different assumptions about reality, property, and exchange**.

## Business leaders must translate across cultures
When companies operate globally, they often have to:
- adapt products and practices to local cultures
- reinterpret their business model in local terms
- balance global corporate identity with local values

The text gives examples like:
- a McDonald’s using sambal instead of ketchup in Indonesia
- local differences in vacation policies, labor expectations, and business customs

## The changing role of business in society
A major shift has occurred: business is no longer seen only as a profit-making system. Increasingly, it is expected to:
- consider social responsibility
- protect the environment
- contribute to justice and sustainability

This is driven by:
- globalization
- political change
- finite natural resources
- rising public expectations

So today, business ethics must account for both **profitability and responsibility**.

## Corruption and the global marketplace
The Petrobras scandal in Brazil illustrates the ethical risks of international business environments where corruption is widespread.
Key features of the scandal:
- executives accepted bribes and kickbacks
- money was funneled into slush funds
- political campaigns and luxury items were financed illegally
- the case involved international money movement, foreign suppliers, and government officials

This shows that:
- globalization can expose companies to complex cross-border corruption
- companies may face moral pressure to “fit in” with corrupt local norms
- but local corruption does not remove ethical or legal responsibility

## Balancing beliefs
The chapter asks how a company can:
- honor local customs
- remain faithful to its own mission and ethical standards
- avoid compromising its values in the name of competitiveness

Organizations typically have three belief layers:
1. **Purpose** – why the business exists
2. **Mission** – how it defines that purpose
3. **Cultural identity** – the values inherited from the society in which it was formed

Examples:
- **IBM** emphasizes client success, innovation, trust, and responsibility
- **Johnson & Johnson** is noted for a long-standing mission-oriented culture
- **Merck** reflects a deep tradition of service and stewardship, especially in public health

The lesson is that organizational ethics are not just legal compliance—they are expressions of what a company believes about itself.

## Consumerism and the global marketplace
The chapter also links ethics to consumer culture:
- modern people are increasingly defined as **consumers**
- consumerism creates endless appetite for more goods
- globalization makes it easier to buy from companies whose supply chains may involve unethical labor, environmental harm, or exploitation

This means consumers also bear some ethical responsibility:
- to investigate products
- to understand how they were made
- to consider labor conditions, wages, safety, child labor, and environmental impact

## Nike and overseas manufacturing
Nike is used as a major example:
- it was criticized for sweatshop labor in developing countries
- it later pressured suppliers to improve working conditions
- yet the case raises hard questions:
  - Should Western firms impose Western labor standards abroad?
  - Is that ethical protection or capitalist imperialism?
  - Should consumers expect cheap goods while also demanding humane labor standards?

The chapter does not give simple answers. Instead, it frames this as a tension between:
- cultural sensitivity
- universal human rights
- cost, profit, and responsibility

---

# 5.2 Business Ethics Over Time

## Core idea
Ethics changes over time because:
- societies change
- technology changes
- public awareness changes
- institutions change
- historical events reshape what people consider acceptable

This does **not** mean morality is meaningless or that “anything goes.” Rather, it means ethical understanding develops in relation to historical conditions.

## Changing standards
The chapter uses examples from fashion and animal treatment:
- once, wearing fur was a sign of prestige
- today, many see it as ethically troubling
- modern cosmetics companies increasingly reject animal testing

This shows that ethical judgment is historically conditioned, even when based on underlying principles like compassion.

## Avoid judging the past too quickly
The text warns against applying today’s standards simplistically to the past.
- Human bias is always present.
- Some practices once considered normal are now rejected.
- But some values, such as opposition to slavery, are widely recognized as morally wrong across eras.

## Smoking example
The chapter uses smoking to illustrate historical ethical change:
- in the mid-20th century, smoking was socially normal
- even public campaigns framed it as fashionable and liberating
- later medical research revealed severe health harms
- therefore, something once accepted became ethically and medically suspect

This shows how ethics can shift when knowledge changes.

## Major historical eras shaping business ethics
The chapter identifies several periods:

### 1. Mercantilism
- dominant from the 16th to 18th centuries
- wealth was seen as finite
- countries sought to extract wealth from colonies
- business ethics centered on protecting owners’ interests
- colonization and coercion were normalized

### 2. Industrial Revolution and postindustrial era
- 19th and early 20th centuries
- emphasis on capital accumulation, profit, and market expansion
- workers often endured poor conditions
- social critics like Charles Dickens, Upton Sinclair, and Ida Tarbell exposed abuses

### 3. Information Age and Internet Age
- late 20th and early 21st centuries
- more emphasis on professional conduct, individual responsibility, and codes of ethics
- human resources departments emerged partly from the idea that employees are more than tools
- but digital technology also created new ethical risks:
  - faster transfer of money
  - misinformation
  - data misuse
  - privacy violations

## Legal regulation and self-regulation
The chapter notes that ethics has improved partly because of:
- government regulation
- court decisions
- corporate compliance systems
- whistleblower policies
- ethics training

Examples include:
- **Dodd-Frank** after the 2008 financial crisis
- court cases such as **Dodge v. Ford**, **Shlensky v. Wrigley**, and **Burwell v. Hobby Lobby**
- the **UN Global Compact**, which encourages companies to align with principles involving human rights, labor, the environment, and anti-corruption

## Important conclusion
Ethical progress is not automatic. It depends on:
- historical conditions
- leadership
- public pressure
- legal systems
- and the cultivation of moral awareness

---

# 5.3 The Influence of Geography and Religion

## Core idea
Business ethics is also shaped by:
- regional geography
- local customs
- social norms
- religious traditions

These influence how people interpret respect, time, space, hospitality, authority, and responsibility.

## Geography and globalization
Because business is increasingly international, companies must build relationships across cultures and borders.

### Localization
Localization means adapting products and practices to local environments by:
- translating language
- changing measurements and currencies
- adjusting content to local tastes
- meeting local laws and customs

The chapter stresses that effective global leadership requires not just adaptation but often **exceeding cultural expectations**.

## Cultural differences in time
Time is a major business-culture issue.
- In the United States and other Western contexts, time is often treated as scarce and linear: “time is money.”
- In many other cultures, time is more relational and flexible.

Examples:
- in some African and Middle Eastern contexts, conversation and hospitality come before business
- in Kenya, “later” can be flexible
- the Tuareg value tea and conversation before negotiations
- in some cultures, urgency must be expressed more explicitly than in English

This means that punctuality, deadlines, and speed are not universally interpreted the same way.

## Personal space and contact
Cultural expectations also differ regarding:
- standing distance
- touching
- eye contact
- handshakes

The chapter distinguishes between:
- **contact cultures**: more physical proximity and touch
- **noncontact cultures**: more distance and less touch

Ethical managers must recognize that gestures considered polite in one place may be inappropriate elsewhere.

## Clothing and workplace norms
Dress codes also vary across cultures and business environments.
- In some settings, conservative attire signals professionalism.
- In others, casual dress signals innovation and creativity.

The broader ethical point is that business behavior is never purely functional—it carries social meaning.

## Religion and ethics
Religion has historically been deeply connected to ethics.
The chapter highlights several points:
- religion and ethics were once nearly inseparable
- religion often supplied moral authority
- the Enlightenment attempted to separate ethics from religion, but that separation was incomplete

### Christianity and Protestant ethics
The chapter shows how Protestant values influenced modern capitalism:
- frugality
- hard work
- simplicity
- discipline
- entrepreneurship

These values helped shape business cultures in Britain and the United States.

### John D. Rockefeller
Rockefeller is used as a complex case:
- deeply religious
- believed wealth was a stewardship and a public trust
- donated heavily to education and medicine
- yet also used aggressive, highly competitive business tactics

This illustrates how religious belief can inspire both philanthropy and business ambition.

### Stewardship across traditions
The chapter notes shared ethical themes in:
- Judaism
- Islam
- Christianity

These include:
- care for others
- responsibility with wealth
- refusal to treat people merely as means to material ends

## Universal rights and secular ethics
The chapter suggests that even in a more secular world, business ethics can still be grounded in broad human rights.
The **Universal Declaration of Human Rights** is presented as an important ethical reference point.

## Example: Ramadan dilemma
The Ramadan scenario illustrates cultural sensitivity in practice:
- a Western auditor working in Pakistan must decide how to behave during Ramadan
- should she eat privately, go elsewhere, or fast with her colleagues?
- the issue is not just compliance but respect, sensitivity, and relationship management

This demonstrates that ethical behavior often involves thoughtful adaptation rather than rigid rule-following.

---

# 5.4 Are the Values Central to Business Ethics Universal?

## Core idea
This section asks whether there are **absolute values** that apply everywhere, or whether all ethics are culturally relative.

## Relative vs. universal values
The text suggests that while many business practices are culturally specific, some values appear broadly universal:
- do not cheat customers
- do not defraud clients
- do not lie
- do not commit murder
- honor contracts
- avoid corruption

These are presented as examples of values that most societies would recognize in some form.

## Corruption as a global problem
Corruption is treated as a near-universal ethical issue.
It:
- undermines accountability
- weakens transparency
- harms democracy
- burdens companies
- hurts the poor most severely
- diverts resources from public needs

Because corruption exists everywhere, the chapter argues that a persistent universal response is needed.

## Three levels of business ethics
Business ethics operates on:
1. **Individual level** – conscience, personal choice, integrity
2. **Organizational level** – corporate culture, oversight, compliance systems
3. **Societal level** – law, regulation, enforcement, public norms

No system works unless all three are addressed.

## Compliance is necessary but not sufficient
Organizations must obey laws and regulations, but compliance alone does not guarantee ethical conduct.

The chapter criticizes the tendency of firms to:
- treat ethics training as a legal shield
- focus on minimum compliance
- ignore deeper cultural reform

Important tools include:
- codes of ethics
- whistleblower systems
- high-level oversight
- reporting structures
- preventive controls

But the chapter insists that ethics is ultimately about **forming conscience**, not just protecting the organization from liability.

## Major corporate scandals
The text cites several examples to show that unethical behavior can occur in any region or industry:
- Petrobras
- Siemens
- Samsung
- FIFA
- Volkswagen
- LIBOR banks

These cases show that:
- systems can fail
- executives can rationalize wrongdoing
- culture can normalize misconduct
- financial pressure can encourage cheating

## Normative business ethics
Normative business ethics should address:
- systems and structures
- individual character
- practical moral decision-making
- transparency and responsibility
- leadership role models

Programs like “Giving Voice to Values” help individuals act on ethical convictions, but the deeper issue is how those convictions are formed.

## Humanistic business model
The chapter introduces a more human-centered model of business:
- employees are treated as whole persons
- businesses support health, education, family life, and even spiritual concerns
- relationships with stakeholders are based on trust and authenticity

This model is attractive because it promotes “sustainable human welfare.”

### Limitation of the model
The chapter also notes a weakness:
- businesses may still prioritize the flourishing of the firm over the flourishing of people
- if employees are treated only as instruments, human dignity is not fully honored

## Humanities in business
A major proposal is to bring the humanities into business education.
Why?
Because business is about people, not just numbers.

The humanities can help students learn to:
- understand character
- interpret motives
- imagine other perspectives
- make humane judgments

Writers and philosophers like Shakespeare, Homer, and philosophical ethics may teach future leaders more about human behavior than technical management alone.

## Moral agency and bias
The chapter ends with a strong argument for **moral agency**:
- people must remain free and responsible for their decisions
- blaming superiors or the system is not morally adequate

Bias is a major ethical danger:
- it can distort perception
- justify wrongdoing
- cause people to abandon conscience
- make them obey authority uncritically

Ethics requires the capacity to recognize right and wrong and to choose accordingly.

## Love as responsibility
The chapter closes with Martin Buber’s idea that love is not just a feeling but a **responsibility for another person**.

This is important for business ethics because:
- business depends on trust and relationships
- without concern for others, markets cannot function ethically
- profit and responsibility should not be opposites

The text suggests that if any value approaches universality, it may be this idea of responsible care for others.

---

# Overall Takeaways for Students

## 1. Business ethics is culturally shaped
Ethics in business cannot be understood without examining culture, language, religion, and social values.

## 2. Ethics changes over time
What was once acceptable may later be seen as unethical because society’s knowledge and moral awareness evolve.

## 3. Global business creates ethical tensions
Companies must balance:
- local customs
- universal rights
- profit pressures
- legal compliance
- social responsibility

## 4. Compliance is not enough
Ethics requires more than obeying the law. It requires:
- moral judgment
- organizational culture
- responsible leadership
- individual conscience

## 5. Corruption is a major global ethical challenge
Corruption is expensive, destructive, and widespread. Fighting it requires systems, laws, and ethical individuals.

## 6. There may be universal ethical principles
Even though cultures differ, some values—honesty, fairness, dignity, anti-corruption, and respect for persons—seem to transcend time and place.

## 7. Business is about human beings
The chapter’s deepest point is that business should not be reduced to profit extraction. It must be understood as a human institution that affects people, communities, and the future of society.

---

If you want, I can also turn this into:
1. a **shorter study guide**,  
2. **flashcards**, or  
3. a **bullet-point outline by subsection** for easier exam review.",,,1.0,,azure
Persona_Pattern,business_ethics_6,"Below is a comprehensive, expert-level summary of the text from a **Business Ethics** perspective, with emphasis on concepts students should understand in depth.

---

# Comprehensive Summary: Business Ethics in the Workplace

This chapter examines the ethical responsibilities of employers and managers toward employees across four major areas: **workplace environment and safety, fair wages, labor organization, and privacy**. A central theme is that ethical workplace behavior is not just about complying with the law; it is about creating a culture where employees are treated with **dignity, fairness, transparency, and respect**. The chapter repeatedly argues that **ethical leadership must begin at the top**, because senior management sets the tone for the entire organization.

---

## 1. Diversity in Leadership and Ethical Role Modeling

The introduction begins with a discussion of the continuing lack of diversity in corporate leadership, especially among **Fortune 1000 boards and top executive positions**. Women and minorities remain underrepresented, even though leadership demographics affect decisions about workplace conditions, labor policy, family leave, harassment, and broader public policy positions.

The ethical concern is not only representation for its own sake. A homogenous leadership structure can result in:
- narrow decision-making perspectives,
- overlooked employee concerns,
- weaker responsiveness to harassment and discrimination,
- and policy choices that fail to reflect the workforce or public.

The chapter suggests that **ethical behavior in the workplace is most effectively established when modeled by senior leaders**. If management does not act ethically, employees are less likely to do so.

---

# 6.1 The Workplace Environment and Working Conditions

## A. Core Ethical Duties of Employers

Employers have an ethical duty, and often a legal one, to be a **responsible employer**. This includes:
- providing a **safe workplace**,
- paying workers **fairly**,
- treating employees with **dignity and equality**,
- and respecting a minimum level of **privacy**.

Good managers are expected to serve as:
- role models,
- mentors,
- and ethical leaders.

A manager’s job is framed as giving people a reason to return to work each day. That means leadership should not be coercive or indifferent, but supportive and principled.

## B. Ethical Leadership and Transparency

The text emphasizes **transparency** as a managerial responsibility. Employees should know:
- what is expected of them,
- how their work contributes to company goals,
- and what matters affect them.

Transparency is especially important during difficult events like:
- layoffs,
- plant closures,
- downsizing,
- outsourcing,
- automation,
- and AI-driven workforce reductions.

The chapter criticizes euphemistic corporate language like “right sizing,” arguing that it disguises painful decisions and avoids accountability. Ethically, companies should:
- communicate honestly,
- provide advance notice,
- offer severance when possible,
- and help workers transition.

The **WARN Act of 1989** is discussed as a legal response to unethical employer behavior. It requires **60 days’ notice** before mass layoffs or plant closings. The law exists because many companies previously acted in ways that were seen as unfair and exploitative.

The chapter also suggests that ethical duties may exceed legal minimums. Even where WARN does not apply, ethically responsible employers should still warn affected workers when possible.

---

## C. Workplace Safety and OSHA

The chapter identifies the **Occupational Safety and Health Act (OSHA)** as the primary federal law governing workplace safety. OSHA’s mission is to ensure workplaces are free from serious physical and health hazards, including:
- machinery dangers,
- electrical risks,
- toxic chemicals,
- extreme temperatures,
- and unsafe or unsanitary conditions.

Employer responsibilities under OSHA include:
- identifying hazards,
- eliminating them where possible,
- training employees,
- supplying protective equipment at no cost,
- and maintaining records of injuries and citations.

Employees also have rights under OSHA, including:
- making confidential complaints,
- receiving hazard information,
- reviewing injury records,
- and being protected from retaliation for reporting unsafe conditions.

The chapter highlights major OSHA enforcement actions, showing that unsafe workplaces can lead to:
- very large fines,
- civil liability,
- reputational damage,
- compensation costs,
- and in severe cases, death.

The ethical takeaway is that safety should never be treated as a place to cut costs. A company that “gamble[s]” on safety is failing both morally and strategically.

---

## D. Harassment-Free Workplaces

Employers also have an ethical and legal duty to prevent workplace harassment. Harassment can be based on:
- sex,
- race,
- religion,
- national origin,
- disability,
- and other protected categories.

The chapter places particular emphasis on:
- **sexual harassment**,
- and **racial harassment**.

Under **Title VII of the Civil Rights Act of 1964**, sexual harassment is illegal. It includes two major forms:
1. **Quid pro quo harassment** — sexual conduct demanded in exchange for workplace benefits.
2. **Hostile work environment** — conduct that is so frequent or severe that it creates an abusive atmosphere or leads to adverse employment action.

Harassment may come from:
- supervisors,
- co-workers,
- or even clients and customers.

Both opposite-sex and same-sex harassment are covered.

The ethical responsibility of management is not only to punish harassment after the fact but to **prevent it through policy, training, and enforcement**.

### Key examples discussed:
- **American Apparel** and **Uber** are presented as examples of toxic leadership cultures that tolerated unethical and abusive behavior.
- These examples show how poor ethical culture can lead to executive dismissals, criminal issues, reputational collapse, and organizational upheaval.
- **Ford** is used as a long-term case showing that harassment cultures can persist even after settlements and public scandals. The company paid substantial damages and made promises to improve, yet similar abuse allegedly continued years later.

The lesson is that **one-time legal settlements do not automatically change culture**. Ethical change requires sustained commitment and leadership.

---

## E. Creating a Satisfied and Productive Workforce

The chapter goes beyond avoiding harm and asks how companies can create positive workplaces where employees can thrive.

Modern employees spend a large share of their waking lives at work, so employers should foster environments that support:
- engagement,
- productivity,
- well-being,
- and work-life balance.

Workers today often value not only salary and traditional benefits, but also:
- childcare,
- flexible schedules,
- work-from-home options,
- gym access,
- perks,
- and time off.

The chapter argues that happy employees tend to be:
- more productive,
- more creative,
- better team players,
- less stressed,
- and less likely to leave.

### What ethical managers do:
- show interest in employees as people,
- build belonging and friendship at work,
- recognize progress and milestones,
- say thank you,
- encourage humor appropriately,
- support exercise and sleep,
- and avoid glorifying overwork.

A major ethical concern is the expectation of constant availability. The chapter notes that some countries, such as France and Germany, have taken steps to protect employees from after-hours work demands.

### Benefits and fairness
The chapter explains that designing benefits is ethically complex because companies must balance:
- budget limits,
- employee preferences,
- industry competition,
- and fairness across different employee groups.

Benefits are not one-size-fits-all. For example:
- women often value daycare, family leave, and flexible work more highly,
- men may place relatively more value on gym access or free coffee,
- younger workers often prioritize flexibility and career development,
- older workers often emphasize work-life balance and retirement security.

This shows that ethical management must be attentive to diversity in needs.

### Examples of generous employer practices
Google and SAS are cited as examples of companies offering extensive perks such as:
- paid parental leave,
- childcare,
- health services,
- wellness programs,
- education support,
- and family/death benefits.

These examples illustrate how some firms attempt to compete for talent by building employee-centered cultures.

---

# 6.2 What Constitutes a Fair Wage?

## A. Why Wage Ethics Matter

The chapter argues that fair pay is both a moral and business issue. Financial stress among workers:
- reduces morale,
- lowers productivity,
- increases absenteeism,
- contributes to healthcare claims,
- and raises turnover.

So paying a fair wage is not only just; it is also good management.

A fair wage also has a macroeconomic significance. In a capitalist economy, workers depend heavily on wages to support themselves and their families. If wages stagnate while wealth concentrates at the top, broader economic sustainability is threatened.

---

## B. Wage Stagnation and Real Pay

The chapter provides evidence that:
- middle-income wages in the U.S. have been largely stagnant for decades,
- while high-income wages have grown significantly.

The text distinguishes between:
- **nominal wages**: the dollar amount paid,
- and **real wages**: purchasing power after inflation.

This is crucial because a nominal raise may still leave a worker worse off in real terms.

Minimum wage purchasing power has declined substantially over time. The chapter notes that the federal minimum wage has not kept pace with inflation, though many states and some cities have enacted higher minimum wages.

The ethical issue is not just legality, but whether wages permit a decent standard of living.

---

## C. The Gender Pay Gap

A major focus is the persistent pay gap between women and men. The chapter stresses that even when women have the same:
- education,
- skills,
- experience,
- and job title,

they often still earn less than men.

This is true at:
- entry levels,
- mid-level positions,
- and even executive roles.

The **Equal Pay Act of 1963** prohibits unequal pay for the “same” job, but not necessarily for “equivalent” work. This legal distinction allows employers to preserve inequities by altering job titles or duties slightly.

The chapter highlights several ethical problems:
- salary discrimination is hard to prove individually,
- initial salary gaps compound over time,
- and using salary history perpetuates prior discrimination.

### Career-long effects
Even a small difference in starting pay can create massive lifetime income differences due to raises compounding over time. This makes early wage equity especially important.

---

## D. Policy Solutions and Comparative Approaches

The text explores several policy responses:
- stronger equal pay laws,
- equivalent pay standards,
- comparable worth approaches,
- salary history bans,
- pay transparency requirements,
- and public childcare/early education support.

International examples include:
- **Iceland**, which uses an aggregate salary approach and puts the burden on employers to prove equal pay,
- **the United Kingdom**, which requires some firms to report gender pay gaps,
- and **Germany/UK childcare policies**, which help women remain in the workforce.

The broader ethical point is that wage inequality is not only an individual employer issue—it is shaped by legal structure, labor policy, and social support systems.

---

## E. Creative Compensation Experiments

The chapter presents examples of bold compensation strategies, especially **Dan Price at Gravity Payments**, who set a $70,000 minimum salary and cut his own pay dramatically.

The significance of this example is ethical and strategic:
- employees may be more motivated when wages are sufficient for a decent life,
- turnover can drop,
- productivity and retention may improve,
- and morale may rise.

Other examples include firms that:
- raised starting pay,
- shortened the workday instead of increasing wages,
- or otherwise tried to align compensation with dignity and performance.

The central lesson is that managers should think creatively and ethically about compensation rather than assuming the lowest possible wage is optimal.

---

# 6.3 An Organized Workforce

## A. The Role of Unions

The chapter explains that unions exist to represent workers in **collective bargaining**, much like lawyers or agents represent clients. Their purpose is to negotiate employment contracts that are fair to workers.

The union debate is presented as morally and economically complex. Unions can:
- raise wages,
- improve benefits,
- formalize dispute resolution,
- advocate for worker rights,
- and set industry standards.

But critics argue unions can:
- make it harder to reward high performers,
- increase costs,
- create adversarial labor relations,
- and sometimes develop closed cultures that make diversity harder.

The ethical evaluation depends on perspective, but historically unions helped improve:
- wages,
- safety,
- child labor protections,
- and workplace conditions.

---

## B. Decline of U.S. Union Membership

The chapter describes how union power in the U.S. declined over time due to:
- shifts from manufacturing to services,
- legal changes,
- and **right-to-work laws**, which allow employees to opt out of union membership even in unionized workplaces.

This has led to reduced membership and influence. The chapter presents both sides:
- supporters say right-to-work protects individual choice,
- critics say non-members benefit from union gains without paying dues.

---

## C. International Comparison and Codetermination

The text introduces **codetermination**, a system in which workers participate in corporate governance and may have board-level representation. This is more common in Europe, especially Germany.

Codetermination is presented as a potentially effective ethical and economic model because it can produce:
- better worker engagement,
- fewer strikes,
- higher productivity,
- safer conditions,
- and stronger cooperation between labor and management.

This contrasts with the more adversarial U.S. model.

---

## D. Productivity vs. Pay

One of the chapter’s strongest themes is that **worker productivity has outpaced wage growth**. U.S. productivity has increased significantly over the decades, while wages have not kept up.

This means workers are generating more value than they are receiving in pay. The text argues that workers should not be blamed for a company’s competitive struggles when they are already producing more efficiently than before.

---

## E. CEO Pay and Pay Ratios

The chapter highlights dramatic growth in executive compensation. CEO pay in the U.S. has risen far faster than worker pay.

The **pay ratio** compares CEO compensation to average employee compensation. In the U.S., the average ratio is around **300:1**, much higher than in many other countries.

This raises ethical questions:
- Are CEOs truly worth that much more?
- Is compensation linked to performance or simply power?
- Should workers also share in stock-based rewards?

The text suggests that many companies justify high CEO pay as:
- performance-based,
- or necessary to retain talent.

But from an ethics standpoint, such explanations may not fully justify extreme inequality.

---

## F. Labor Conflict and Strikes

The Verizon strike is used to show how compensation disputes can damage workplace relationships. During strikes:
- workers may resent management,
- management may rely on non-union staff or strikebreakers,
- and trust can erode for years.

The ethical challenge is not just settling the dispute, but restoring civility afterward.

---

# 6.4 Privacy in the Workplace

## A. Privacy vs. Organizational Security

Employers have legitimate reasons to monitor employees:
- theft prevention,
- data security,
- productivity,
- pornography or inappropriate content,
- safety,
- drug use,
- and violence prevention.

However, the chapter stresses that monitoring must be balanced against employees’ **reasonable expectations of privacy**.

The ethical question is: how much monitoring is justified, and when does it become intrusive or disrespectful?

---

## B. Electronic Monitoring

The chapter explains that modern technology allows employers to monitor:
- internet use,
- emails,
- social media,
- phone calls,
- keystrokes,
- screen activity,
- idle time,
- and even content being typed or viewed.

This raises major ethical concerns because employees may feel constantly watched and mistrusted.

The relevant legal framework includes:
- the **Electronic Communications Privacy Act (ECPA)**,
- state privacy laws,
- and common law invasion-of-privacy claims.

### Important exceptions under ECPA:
- **Business purpose exception**: employers may monitor communications for legitimate business reasons.
- **Consent exception**: monitoring is allowed if employees consent.

The chapter explains that employer-owned devices are generally fair game for monitoring, especially when employees are warned in advance. Personal devices are more protected.

---

## C. Notice, Consent, and Reasonableness

A good monitoring policy should be:
- clear,
- specific,
- reasonable,
- limited to legitimate business purposes,
- and communicated to employees in advance.

Ethically, employers should avoid excessive surveillance, because it harms:
- morale,
- trust,
- and retention.

The chapter emphasizes that just because surveillance is legal does not mean it is ethical.

---

## D. Public vs. Private Sector Differences

Government employees have some constitutional protections against unreasonable searches, whereas private-sector employees generally do not. The chapter cites **Ontario v. Quon**, where the U.S. Supreme Court ruled that a police chief’s review of text messages on a government-issued pager was reasonable because it had a legitimate work-related purpose.

In the private sector, employers generally have even more discretion, though they still must consider ethical limits.

---

## E. Security vs. Privacy Dilemma

A practical case is presented: a jewelry store suspects theft and is considering cameras in restrooms and break rooms.

This creates a major ethical conflict:
- protecting property and solving theft,
- versus violating employee privacy and trust.

The chapter encourages students to weigh:
- necessity,
- proportionality,
- alternative methods,
- employee trust,
- legality,
- and whether the monitoring location is inherently private and therefore off-limits.

---

## F. Drug Testing

Drug testing is another area where ethics and law intersect. The chapter explains that drug testing is generally governed by:
- state law,
- employer policy,
- and specific federal rules for safety-sensitive industries like airlines and trucking.

Key issues include:
- whether testing is required or voluntary,
- whether employees consent,
- whether refusal means termination,
- and whether the process is fair and accurate.

Because many workers are **at-will employees**, employers can often require drug testing as a condition of employment. But privacy problems arise when testing becomes intrusive, such as direct observation during urinalysis.

The ethical concern is again balance:
- employers want accurate tests and anti-tampering measures,
- but overly invasive procedures may violate dignity and privacy.

The chapter notes that some courts have found certain forms of direct observation to be unreasonable invasions of privacy.

---

# Overall Ethical Themes of the Chapter

This chapter presents workplace ethics as a system built around several interconnected principles:

## 1. Respect for persons
Employees are not merely labor inputs; they are human beings deserving dignity, privacy, and fair treatment.

## 2. Justice and fairness
This includes:
- fair wages,
- equal pay,
- safe conditions,
- and nondiscriminatory treatment.

## 3. Accountability
Managers must be answerable for:
- safety,
- harassment prevention,
- compensation practices,
- and honest communication.

## 4. Transparency
Employees should not be kept in the dark about decisions that affect their jobs and lives.

## 5. Leadership by example
Ethical culture must begin at the top.

## 6. Business ethics beyond legal compliance
A recurring message is that **law sets the floor, not the ceiling**. Ethical employers should often do more than the law requires.

---

If you want, I can also turn this into:
1. a **shorter study guide**,  
2. a **bullet-point chapter outline**, or  
3. **exam-style questions with answers**.",,,1.0,,azure
Persona_Pattern,business_ethics_7,"Below is a comprehensive expert-level summary of the text, framed for students studying Business Ethics.

---

## Overview of the Chapter’s Main Ethical Question

The chapter examines the ethical responsibilities employees owe not only to employers, but also to coworkers, customers, the public, and themselves. It argues that being a responsible employee is not just about doing assigned tasks; it involves loyalty, honesty, respect, confidentiality, financial integrity, and speaking up when wrongdoing occurs.

A central theme is that modern employment relationships are more complex than the older idea of lifetime loyalty to one company. Today, many employees change jobs frequently, work in the gig economy, or do not receive the same long-term security that earlier generations expected. Because of this, loyalty is no longer viewed as one-sided. Ethical loyalty depends on reciprocity: employees are expected to support the company, but companies also must treat workers fairly and earn their trust.

---

## 1. Loyalty to the Company

### Core employee duty
Employees owe their employer:
- a good day’s work,
- their best effort,
- good faith,
- and a basic duty not to act against the company’s interests.

This duty of loyalty is grounded in common law agency principles and applies in all states. It means employees should not:
- use their position for personal gain at the company’s expense,
- create conflicts of interest,
- compete with their employer while employed, unless the employer consents,
- or misuse confidential information.

### Conflict of interest and moonlighting
An employee generally cannot take a second job that directly competes with the first job if it creates a conflict. However, outside work that does not interfere or compete may be permitted. The key ethical issue is whether the second activity undermines the employer’s interests.

### Levels of loyalty vary
The duty becomes stronger when an employee has:
- more authority,
- more access to sensitive information,
- or more trust from the employer.

At the highest level, this becomes a fiduciary duty, meaning the employee must act with the utmost loyalty and care.

### Loyalty is changing
The text explains that loyalty has weakened in modern labor markets for several reasons:
- many employees are “at will,” meaning they can be fired at any time for a legal reason and can also quit at any time,
- employees see managers and executives moving to higher-paying opportunities,
- wage growth often requires changing jobs,
- pension-style defined-benefit plans have declined, while defined-contribution plans like 401(k)s encourage mobility rather than long tenure,
- and gig workers are not traditional employees, so loyalty is less expected in the same sense.

### Retention and reciprocity
Companies often try to retain employees with:
- salary increases,
- retention bonuses,
- performance bonuses,
- and competitive compensation.

The text stresses that salary still matters greatly, even if employees also seek meaning, appreciation, and good treatment. Loyalty is more likely when employees feel valued and compensated fairly.

---

## Confidentiality, Trade Secrets, and Non-Compete Agreements

### Duty of confidentiality
Employees are expected to keep private business information confidential, including:
- proprietary information,
- patents and copyrights,
- employee records and salary data,
- customer data,
- and trade secrets.

### Trade secrets and intellectual property
Trade secrets are information that has economic value because it is not public and is protected through secrecy. Examples include:
- technical designs,
- marketing plans,
- product development data,
- and research information.

The chapter distinguishes trade secrets from federally protected forms of intellectual property such as:
- trademarks,
- copyrights,
- and patents.

### Employment contracts
Companies often use employment agreements to strengthen confidentiality obligations. These may include:
- work-for-hire clauses,
- patent assignment clauses,
- nondisclosure agreements,
- nonsolicitation clauses,
- nondisparagement clauses.

### Non-compete agreements
Non-compete agreements prevent employees from working for competitors during or after employment for a defined time and geographic area. The text raises ethical concerns about abuse, especially when these agreements are used for low-wage workers who do not have access to sensitive information.

Important ethical points:
- Non-competes may be legitimate for executives or employees with strategic knowledge.
- They may be unfair when imposed on lower-level employees simply to restrict mobility.
- California has largely voided most non-compete agreements after employment ends.
- The FTC has also challenged some non-compete practices.

The ethical issue is whether such agreements protect real business interests or merely trap workers and suppress wages.

---

## 2. Loyalty to the Brand and Customers

### Employees help build the brand
A company’s brand is one of its most valuable assets. Employees help sustain the brand by:
- behaving professionally,
- supporting the company’s image,
- believing in the product or service,
- and representing the company well to the public.

The chapter highlights “internal marketing,” which means getting employees to identify with the company’s mission and products so they become genuine brand supporters.

### Social media and reputational risk
Modern brand protection is difficult because employees can damage the company instantly through social media. The text gives examples of employees at Taco Bell, Domino’s, and Burger King engaging in offensive or unsanitary conduct that became public online. These incidents:
- harmed public trust,
- caused financial losses,
- damaged goodwill,
- and led to firings and even lawsuits.

The lesson is that employee misconduct can quickly become a public relations crisis.

### Customer service obligations
Employees are often the first point of contact with customers, so their behavior strongly affects the company’s reputation. Ethical customer service requires:
- respect,
- patience,
- professionalism,
- good judgment,
- and willingness to help.

The text notes that one excellent interaction can build goodwill, while one bad interaction can damage it.

### Exceptional service
The chapter includes the example of a school custodian, Kathy Fryman, whose job performance went far beyond ordinary expectations. She not only maintained the facility but also nurtured students and staff. This example shows that ethical customer service is broader than selling products; it includes care, responsiveness, and human concern.

### Limits of customer service
Employees are not required to accept abuse. In the Pizza Hut case:
- a customer sexually harassed and physically assaulted an employee,
- the employee’s complaints were ignored,
- and the employer was held liable.

This illustrates an important ethical boundary: customer service does not mean tolerating harassment or violence. Employers must also protect employees from abusive customers.

---

## 3. Contributing to a Positive Work Atmosphere

### Respecting coworkers
Employees should treat coworkers with courtesy and respect, even when they disagree. Productive workplaces require:
- open-mindedness,
- kindness,
- avoidance of personal attacks,
- and professionalism.

The chapter emphasizes that disagreements should focus on ideas and principles, not personalities.

### Avoiding offensive behavior
Employees should not:
- take credit for others’ work,
- insult coworkers,
- spread gossip,
- use social media to vent about colleagues,
- or make sexual jokes or innuendos that create discomfort.

### Emotional intelligence and workplace personalities
The text explains that employees differ in:
- emotional intelligence,
- personality,
- and work style.

Understanding these differences helps create a more collaborative environment. There is no single “best” personality type, but employees should know their own tendencies and learn how to work with others.

### Managerial responsibility
Managers cannot change personality conflicts, but they are responsible for fostering a respectful, civil, and harmonious workplace. Their success is judged partly by the quality of the environment they create.

---

## Workplace Violence

The chapter identifies workplace violence as a serious ethical and legal issue. Employees have a duty not to be violent, and managers have a duty to prevent or respond to violence.

The four major categories are:
1. **Criminal intent** – violence by outsiders such as robbers.
2. **Worker-on-worker violence** – one employee attacks another.
3. **Personal relationship violence** – violence tied to domestic or personal relationships.
4. **Customer or client violence** – violence from legitimate customers, patients, or clients.

This section highlights that violence is not rare and that employers must take safety seriously.

---

## Company Codes of Conduct

Companies commonly create codes of conduct or ethics that address:
- legal compliance,
- bribery and gifts,
- conflicts of interest,
- company property,
- cybersecurity,
- social media use,
- harassment,
- workplace respect,
- hiring and termination policies,
- and outside employment.

These codes are meant to guide ethical behavior and reduce ambiguity. They are especially important in areas where legal and ethical expectations overlap.

### Special concerns: cybersecurity and harassment
Employees must protect company data by:
- using passwords properly,
- avoiding risky internet behavior,
- and respecting privacy and confidentiality rules.

The text also emphasizes that sexual harassment remains a major ethical issue. Harassment can come from:
- supervisors,
- coworkers,
- executives,
- interns,
- consultants,
- or nonemployees.

Harassing behavior is wrong and should be reported.

---

## 4. Financial Integrity

### Insider trading
Insider trading means buying or selling securities based on nonpublic information that would affect their value. It is:
- illegal,
- unethical,
- unfair,
- and harmful to market confidence.

The chapter explains that insider trading includes not only insiders such as employees and executives, but also outsiders who receive confidential information improperly. Even intermediaries who pass along inside information can violate the law.

### Case examples
The text discusses major insider trading scandals, including:
- Texas Gulf Sulphur,
- Ivan Boesky,
- Michael Milken,
- Dennis Levine,
- and Martin Siegel.

These cases illustrate that insider trading can lead to:
- huge fines,
- imprisonment,
- lifetime industry bans,
- civil liability,
- and corporate collapse.

### Bribery
A bribe is a payment or item of value offered to influence unethical or illegal behavior. Bribery is illegal in all states and under federal law, including the Foreign Corrupt Practices Act (FCPA).

### Gifts vs. bribes
Not every gift is a bribe, but employees must consider:
- the value of the gift,
- its purpose,
- the recipient’s position,
- company policy,
- and legal rules.

Ethical companies create clear gift policies and encourage employees to consult ethics or HR departments when in doubt.

### The Foreign Corrupt Practices Act
The FCPA prohibits bribing foreign officials to obtain or retain business. It applies broadly to U.S. companies and many foreign companies operating in U.S. markets. The law:
- promotes transparency,
- supports fair competition,
- and prevents corruption in international business.

The text notes that some critics argue the law hurts competitiveness, while supporters say it levels the playing field and supports ethical free enterprise.

---

## Ethical Leadership and Gray Areas

Not all ethical problems are clearly illegal. Employees may receive information legally but still face ethical dilemmas about how to use it. The chapter argues that employees should not rely only on intuition; they need:
- company guidance,
- training,
- codes of conduct,
- and ethical leadership from senior managers.

This section reinforces the importance of a culture that supports ethical decision-making, not merely rule-following.

---

## 5. Criticism of the Company and Whistleblowing

### Employee criticism
Employees are not robots. They may criticize their employer, but the text distinguishes between:
- protected criticism,
- unprotected personal attacks,
- and legally protected collective speech.

### Pay secrecy
Historically, many companies banned employees from discussing salaries. That practice has been increasingly challenged:
- several states have banned pay secrecy policies,
- the National Labor Relations Act protects employee discussions about wages and working conditions,
- and federal contracting rules also restrict secrecy provisions.

The ethical significance is transparency: workers should be able to discuss pay inequities and employment conditions.

### Social media criticism
The First Amendment generally does not protect employee criticism of private employers. In most cases, employees can be fired for publicly insulting the boss or company, unless other labor laws apply. However, speech about wages, hours, and working conditions may be protected under labor law.

The text stresses the importance of distinguishing:
- personal complaints,
- concerted workplace concerns,
- and protected labor-related speech.

### Whistleblowing
Whistleblowing is different from ordinary criticism. It means reporting legal violations to an official government agency. The chapter treats whistleblowing as a public service when done to stop wrongdoing and protect others.

Key points:
- Whistleblowers often face retaliation, career damage, and blacklisting.
- Internal reporting should usually be tried first.
- Serious wrongdoing should be supported by evidence.
- The motive should ideally be protection of the public or compliance with the law, not revenge.

### Legal protection for whistleblowers
The chapter reviews multiple whistleblower protections under federal law, including:
- occupational safety,
- environmental laws,
- and the False Claims Act.

The False Claims Act is especially important because it allows private people to sue on behalf of the government and receive a share of the recovery. This is called a qui tam action.

### Famous whistleblowing cases
The chapter discusses:
- Bradley Birkenfeld, who exposed tax fraud and received a record reward,
- Sherron Watkins, who raised concerns about Enron’s accounting fraud,
- and Sallie Krawcheck, who attempted to correct harmful financial practices inside Merrill Lynch/Bank of America.

These examples show that ethical action may come at personal cost, but it can protect investors, customers, and the public.

### The moral burden on whistleblowers
The text asks students to consider how much sacrifice is fair to expect from whistleblowers. This is a major ethical issue because whistleblowers may:
- lose promotions,
- be isolated,
- face retaliation,
- or even lose their careers.

Yet their disclosures can prevent major harm and expose corruption.

---

## Final Ethical Takeaways

The chapter’s overall ethical message is that employees are morally responsible participants in business, not passive instruments of management. Their duties include:

- working diligently,
- avoiding conflicts of interest,
- protecting confidential information,
- supporting the brand and serving customers honestly,
- maintaining respectful relationships with coworkers,
- following company policy and the law,
- refusing bribery and insider trading,
- and speaking up when serious wrongdoing occurs.

At the same time, the chapter insists that loyalty is reciprocal. Companies that expect employee commitment must also:
- treat workers fairly,
- pay competitively,
- protect them from harassment and violence,
- and create a culture of trust.

In business ethics terms, the chapter presents the workplace as a network of responsibilities. Ethical employees contribute not only to profit but also to integrity, safety, fairness, and public trust.

If you want, I can also turn this into:
1. a shorter study guide,
2. a bullet-point outline by section, or
3. exam review questions with answers.",,,1.0,,azure
Persona_Pattern,business_ethics_8,"Below is a comprehensive, student-friendly summary of the text from the perspective of business ethics.

---

## Overall Theme of the Chapter

This chapter argues that modern business managers must do more than pursue profit: they must make ethical decisions that respect the rights and dignity of employees, customers, and society. The central idea is that ethical management and strong business performance are not opposites. In many cases, doing the right thing—supporting diversity, accommodating differences, promoting fairness, and responding to social concerns—also improves organizational results.

The chapter focuses on five major social and ethical issues:

1. Diversity and inclusion in the workforce  
2. Accommodating different abilities and faiths  
3. Sexual identification and orientation  
4. Income inequality  
5. Animal rights and business

Across all five topics, the chapter emphasizes that ethical managers should recognize human diversity, ensure fairness, comply with legal obligations, and adapt to changing social expectations.

---

# 1. Diversity and Inclusion in the Workforce

## Core idea
Workplace diversity is not just a legal or public relations issue—it is a strategic advantage. A diverse workforce can improve creativity, decision-making, employee morale, customer relations, and financial performance.

## Diversity as a business strength
The text rejects the idea that diversity is merely a compliance requirement. Instead, it presents diversity as an essential element of modern business success, especially in a global economy. Diverse teams bring:

- different perspectives
- broader problem-solving abilities
- improved innovation
- stronger communication with varied customer groups
- better decision-making

This matters because employees with different backgrounds, identities, abilities, and thinking styles may challenge assumptions and generate more effective solutions.

## Inclusion vs. diversity
The chapter makes an important distinction:

- **Diversity** = the presence of different kinds of people
- **Inclusion** = ensuring those people are fully engaged, respected, and able to contribute

A company can be diverse without being inclusive. Inclusion is what makes diversity meaningful. The text uses a useful metaphor:  
- Diversity is being “invited to the party”  
- Inclusion is being “asked to dance”

This means managers must do more than recruit diverse employees; they must build a workplace culture where all employees feel they belong.

## Historical context
Workplace diversity increased significantly after the **Civil Rights Act of 1964**, especially in relation to gender and racial minorities. The chapter shows that legal reforms helped expand participation of women and minorities in the workforce over time.

## Current disparities
Despite progress, major gaps remain. The text uses examples from the technology sector, especially Google, to show that many large companies still have:

- too few women in technical roles and leadership
- too few Black and Latino employees
- leadership structures still dominated by White men

Other technology firms such as Facebook, Apple, and Yahoo have also faced similar diversity shortfalls.

## Business case for diversity
A key point is that diversity is associated with better financial performance. The chapter cites McKinsey research showing that companies with greater gender and ethnic diversity tend to outperform less diverse companies. This is called the **diversity dividend**.

Important clarification: the chapter notes that correlation does not prove causation. Diversity does not automatically create profit. But it contributes to the conditions that support success, such as:

- creativity
- customer goodwill
- employee satisfaction
- stronger leadership
- better teamwork

## Managing backlash and resistance
Diversity initiatives can create tension. Some employees may resist inclusion efforts due to prejudice, fear, or discomfort with change. The chapter gives the example of a Google engineer who criticized diversity efforts and was fired, leading to public controversy.

This highlights a real managerial challenge: ethical leadership requires not only promoting inclusion but also handling resistance fairly and firmly.

Managers must:

- explain why diversity matters
- make accommodations when needed
- redesign workplace norms if they exclude certain groups
- mentor diverse employees
- involve all levels of the organization in supporting inclusion

## Examples of inclusive companies
The text highlights companies such as Texas Health Resources and Marriott as examples of organizations recognized for diversity and inclusion. These companies support inclusion through:

- workforce diversity
- language classes
- networking events
- same-sex partner benefits
- public advocacy for equality

---

# 2. Accommodating Different Abilities and Faiths

## Core idea
Ethical management requires **reasonable accommodation** for employees with disabilities and for employees with sincere religious beliefs.

---

## Disability accommodation

### Legal foundation
The **Americans with Disabilities Act (ADA)** of 1990 prohibits discrimination against qualified individuals with disabilities and requires employers to make reasonable accommodations unless doing so would create an **undue hardship**.

### What counts as a disability?
A disability is a physical or mental impairment that substantially limits a major life activity, such as work.

### Examples of accommodations
Employers may need to provide:

- accessible physical workspaces
- modified job duties
- special equipment or technology
- adjusted schedules
- readers or interpreters
- service animals or assistive animals

### Ethical and business reasons
The chapter emphasizes both ethics and practicality:

- It is morally right to allow people who want to work to do so.
- It expands the talent pool.
- It increases participation and independence.

### Verizon case
The chapter discusses a major lawsuit against Verizon involving a rigid attendance policy. Verizon was found to have failed to provide reasonable accommodations to disabled employees. The settlement was large, and the company was required to revise its policies and train managers.

This case shows that:

- rigid one-size-fits-all policies can violate the ADA
- managers must recognize accommodation requests even if employees do not use legal language
- fairness often requires flexibility

---

## Religious accommodation

### Legal foundation
Title VII of the Civil Rights Act prohibits religious discrimination and requires employers to accommodate sincere religious beliefs and practices unless doing so causes undue hardship.

### What employers must do
Employers should consider accommodations such as:

- time off for religious observance
- schedule changes
- prayer or meditation spaces
- dress or grooming exceptions
- dietary accommodations
- modified work rules

### Important ethical principle
Religious protection is not limited to traditional religions. It also includes sincere nontraditional or non-theistic beliefs if they occupy a role similar to that of religion in a person’s life.

### Abercrombie & Fitch case
The text discusses the Supreme Court case involving a Muslim applicant denied employment because of a headscarf and the company’s “Look Policy.” The Court ruled that employers cannot refuse to hire someone to avoid accommodating religious practice.

This case shows the ethical conflict between:

- corporate image standards
- religious freedom
- equal opportunity

The chapter’s ethical position is that business interests cannot justify discrimination when reasonable accommodation is possible.

---

# 3. Sexual Identification and Orientation

## Core idea
Businesses must create workplaces where people are not discriminated against because of sexual orientation or gender identity.

## Legal evolution
The chapter explains that:

- earlier federal law did not clearly protect LGBTQ workers
- the 2020 Supreme Court case **Bostock v. Clayton County** held that discrimination based on sex includes discrimination based on sexual orientation and gender identity

This was a major legal milestone, though broader protections outside employment still vary.

## Forms of discrimination
Discrimination may include:

- denial of job opportunities
- firing
- harassment
- offensive language
- stereotyping
- assault
- unequal benefits

## Ethical leadership
Even where law is incomplete, ethical businesses should act inclusively. This means:

- treating LGBTQ employees fairly
- extending benefits to same-sex partners
- avoiding hostile workplace cultures
- being respectful toward employees still coming to terms with their identity

## Business implications
The chapter argues that inclusive LGBTQ policies can improve business performance and public reputation. Companies adopting inclusive policies have sometimes outperformed peers.

### Boycotts and backlash
The text notes that anti-LGBTQ laws in some states triggered major consumer and corporate backlash. This demonstrates that social ethics have real financial consequences.

### Corporate Equality Index
The **Human Rights Campaign’s Corporate Equality Index** scores companies on LGBTQ-friendly policies. Many major corporations now score highly, showing how workplace equality has become a significant corporate benchmark.

---

# 4. Income Inequalities

## Core idea
Income inequality is both an economic and ethical issue. A widening gap between rich and poor weakens the middle class, harms consumer demand, and creates social instability.

## The shrinking middle class
The chapter explains that the U.S. economy historically depended on a strong middle class. After World War II, policies like the GI Bill helped many families enter the middle class, supporting home ownership, consumer spending, and economic growth.

But over time:

- the rich have gained a larger share of total income
- middle-income households have declined
- many families have moved downward rather than upward
- wealth has become more concentrated at the top

The text emphasizes that a shrinking middle class is bad for both society and business because middle-class consumers drive much of the economy.

## Why businesses should care
Business leaders are increasingly recognizing that if the middle class cannot afford products and services, long-term growth suffers. Thus, inequality is not only a moral problem but also a business risk.

## Possible responses

### 1. Raise the minimum wage
The chapter presents arguments for increasing the minimum wage as one way to support workers and stimulate consumer spending. Some companies and states have already done this voluntarily.

Benefits include:

- helping low-income families
- raising wages for other workers tied to minimum wage levels
- increasing purchasing power in local economies

### 2. Debate over effectiveness
Not everyone agrees minimum wage increases solve poverty. Some economists argue that wage hikes alone may not reduce poverty and that broader tools, such as the Earned Income Tax Credit, may work better.

The chapter’s ethical lesson is that companies and policymakers should think carefully about how wages affect both fairness and economic health.

### 3. Stop overusing independent contractors
Another issue is businesses classifying workers as independent contractors instead of employees to avoid benefits costs. This can reduce labor costs for employers but shifts risks and expenses onto workers.

The ethical concern is that companies may artificially keep workers below middle-class status by denying benefits, stability, and protections.

## Gender pay equity
Income inequality also includes the gender wage gap. The chapter notes that women, on average, earn about 80 percent of what men earn.

The text highlights state laws like:

- New Jersey’s **Diane B. Allen Equal Pay Act**
- Minnesota’s comparable wage rules

These laws focus on “substantially similar work,” not just identical job titles, recognizing that companies sometimes disguise unequal pay through title differences.

The ethical takeaway is that fair compensation should be based on actual responsibilities and contributions, not outdated assumptions or arbitrary titles.

---

# 5. Animal Rights and the Implications for Business

## Core idea
The chapter broadens business ethics beyond human stakeholders to include animals. It argues that animal welfare matters in industries such as agriculture, cosmetics, and medical research, and that consumer expectations and legal rules are changing rapidly.

## Historical development
The animal rights movement has roots in the late 1800s and gained momentum through:

- animal welfare organizations like the ASPCA and Humane Society
- laws such as the Humane Slaughter Act
- the Animal Welfare Act of 1966
- modern activism and public awareness

## Animal rights vs. animal welfare
The chapter distinguishes concern for humane treatment from the broader idea of **animal rights**, which suggests animals deserve ethical consideration and perhaps legal protections beyond being treated as property.

---

## Agribusiness ethics

### Why agribusiness is central
Agribusiness is responsible for food production and is deeply tied to:

- ecology
- sustainability
- food safety
- animal welfare
- labor rights
- consumer choice

### Ethical challenges in the food supply chain
The chapter says a sustainable food system must consider:

- environmental conservation
- humane treatment of animals
- safe food production
- fair labor conditions
- avoidance of corruption, forced labor, and child labor
- accurate labeling and consumer information

### Consumer trends
Consumers increasingly care about:

- vegetarian diets
- vegan diets
- gluten-free diets
- non-GMO food
- religious dietary rules such as kosher and halal

This means business ethics in food is no longer only about cost and efficiency; it is also about transparency, responsibility, and sustainability.

---

## Medical and cosmetic research

### Medical testing
Animal testing in medical research remains controversial, though it is often defended as necessary for scientific progress. The chapter notes that alternatives now exist, including:

- computer models
- imaging techniques
- human cell and tissue cultures
- microdosing
- databases and simulations

### Cosmetics testing
The chapter is especially critical of cosmetics testing on animals because:

- it is not legally required in the U.S.
- more humane alternatives exist
- many other countries have banned such testing
- consumers increasingly expect cruelty-free products

### Regulatory differences
Different countries regulate animal testing differently:

- some are highly restrictive
- some rely more on self-regulation
- the U.S. is in the middle

### Corporate and consumer pressure
The text notes that many companies have stopped testing on animals due to consumer pressure and ethical concerns. This is an example of how market forces can drive ethical change.

---

## Beagles and laboratory testing
The chapter uses beagles as a case study because they are commonly used in testing due to their temperament. It describes efforts by advocacy groups to rescue laboratory beagles and highlights the emotional and ethical problem of keeping animals in harsh experimental conditions.

The point is not simply sentimental; it is that businesses should question whether animal testing is necessary when:

- alternatives may be cheaper
- alternatives may be more accurate
- public opinion increasingly favors cruelty-free products

---

# Main Ethical Lessons of the Chapter

This chapter teaches several major lessons about business ethics:

## 1. Respect for rights matters
Ethical business leaders must respect the rights of workers and stakeholders, including rights related to:

- race and gender
- disability
- religion
- sexual identity
- fair pay
- humane treatment of animals

## 2. Legal compliance is only the minimum
Following the law is important, but ethical management often requires more than legal compliance. Businesses should go beyond the minimum when fairness and dignity are at stake.

## 3. Inclusion improves performance
Diversity and inclusion are not just moral obligations; they can strengthen innovation, decision-making, employee retention, and customer satisfaction.

## 4. Rigid policies can be unethical
Rules that ignore human differences—such as inflexible attendance policies or appearance policies—can become discriminatory if they fail to accommodate legitimate needs.

## 5. Social issues affect business outcomes
Income inequality, LGBTQ rights, and animal welfare are not distant social debates. They influence:

- consumer behavior
- employee loyalty
- public reputation
- legal risk
- long-term profitability

---

# Final Takeaway

From a business ethics perspective, the chapter’s core message is that successful managers in the twenty-first century must balance profitability with fairness, inclusion, and social responsibility. Ethical leadership means building workplaces and business practices that recognize diversity, accommodate differences, compensate fairly, protect vulnerable groups, and respond thoughtfully to broader societal concerns. In the modern economy, ethical conduct is not separate from business success—it is often a key part of it.

If you want, I can also turn this into:
1. a shorter study guide,
2. a bullet-point outline for exam review, or
3. a set of discussion questions and model answers.",,,1.0,,azure
Persona_Pattern,business_ethics_9,"Below is a comprehensive expert-level summary of the chapter, written for students who want to understand the ethical issues in depth.

---

## Overall Purpose of the Chapter

This chapter examines four major business arenas through an ethical lens:

1. **Entrepreneurship and start-up culture**
2. **Advertising and social media**
3. **Insurance**
4. **Health care**

The central idea is that these industries are not ethically neutral. Each one affects large numbers of people, shapes behavior, and raises difficult questions about fairness, responsibility, harm, access, and social welfare. The chapter emphasizes that business can either advance social well-being or contribute to harm, and that people entering these fields should understand both the rewards and the moral risks.

---

# 1. Entrepreneurship and Start-Up Culture

## What entrepreneurship is
An entrepreneur is someone willing to take the risk of starting a new business, usually with hopes of creating a sustainable product or service and earning profit. Entrepreneurship is often celebrated because it offers independence, creativity, and the possibility of substantial financial and personal reward.

## The ethical challenge of risk
The chapter stresses that entrepreneurship is far riskier than popular culture often suggests. Media coverage tends to focus on success stories, not failures. In reality, many start-ups fail—some estimates cited in the text suggest failure rates of 75 percent for venture-backed start-ups and more than 50 percent for U.S. companies after five years.

### Ethical implication
This raises a moral issue: are entrepreneurial dreams sometimes sold too optimistically? Students should recognize that start-up culture can encourage unrealistic expectations and may lead founders to take excessive risks with their own money, other people’s money, and employees’ livelihoods.

## Hubris and unethical founder behavior
Even when a start-up succeeds financially, another ethical risk emerges: **hubris**, or excessive pride. The chapter uses Uber as a case study. Uber’s rapid rise was matched by reports of a toxic workplace culture characterized by misogyny, homophobia, and sexual harassment. The founder’s leadership style reportedly fostered this climate.

### Ethical lesson
A successful business can still be morally defective. Financial success does not excuse abusive leadership, discrimination, or a destructive internal culture.

## Why start-up culture can become ethically dangerous
Start-ups often attract charismatic, intense, hard-driving founders. That energy helps them survive early instability, but it can also create:
- harsh treatment of employees,
- pressure to prioritize profit over people,
- expectations of extreme sacrifice,
- normalization of disrespect or burnout.

The chapter suggests that founders must actively shape ethical norms from the very beginning. Waiting until the firm becomes profitable to establish standards is too late. Early culture becomes deeply embedded.

## Growth changes the company
A start-up that succeeds often becomes bureaucratic as it grows:
- more employees,
- more layers of management,
- more formal procedures,
- slower decision-making,
- weaker sense of shared mission.

This is not just a management issue but an ethical one. Growth can erode the close, humane, collaborative relationships that made the start-up attractive in the first place.

### Key point
Success can create the very corporate structure founders originally rejected. Ethical leadership must therefore preserve fairness, openness, and mutual respect during growth.

## Entrepreneurial culture and leadership
The chapter describes entrepreneurial culture as the mix of personality, management style, and ethics established by the founder. Strong, demanding founders are common, but the text questions whether a more humanistic, employee-empowering leadership style could succeed from the outset.

The issue is not simply style preference. It is whether employees are treated as persons with dignity or merely as instruments for success.

### Ethical takeaway
A company’s culture is the moral reflection of its founders. How they treat employees, clients, and customers becomes the template for the entire enterprise.

## Customer respect as an ethical test
The chapter argues that if a founder builds respect for customers into the business from day one, that commitment must survive growth and new hiring. New employees may not share the founder’s moral intensity. Therefore, one of the hardest ethical tasks is transmitting values across generations of employees.

### Leadership challenge
Can a founder preserve a promise of honesty and respect when expansion inevitably dilutes the original culture? This is presented as one of the greatest tests of entrepreneurial leadership.

## Case of Paul Orfalea and Kinko’s
Paul Orfalea, founder of Kinko’s, provides a personal example of the strain entrepreneurship can place on character. As the company grew, he became angry, controlling, and difficult to work with. Later, he recognized that the “monster” he created was not the company itself, but his own emotional behavior.

### Ethical lesson
Entrepreneurship can distort character if leaders do not manage frustration, pride, and stress. Business success should not come at the cost of personal integrity or broken relationships.

---

# 2. The Influence of Advertising

## What advertising does
Advertising exists to persuade consumers to buy products and services. It can inform the public, introduce useful products, and support market competition. But it also raises ethical concerns because it often:
- encourages unnecessary consumption,
- exaggerates claims,
- uses psychological manipulation,
- targets vulnerable groups.

## The rise of social media
Social media has transformed advertising. It now serves as one of the main places where many consumers encounter marketing, especially younger people. Digital advertising is powerful because it is:
- immediate,
- highly targeted,
- immersive,
- often personalized.

But it is also risky because it exposes users and companies to:
- data breaches,
- cybercrime,
- public criticism,
- manipulation through algorithms.

### Ethical significance
Social media advertising is not just a communication tool; it can shape identity, desires, and purchasing behavior in ways that are difficult for consumers to detect or resist.

## Does advertising create unnecessary demand?
The chapter draws on John Kenneth Galbraith’s idea of the “dependence effect”: advertising can create demand for products people would not otherwise want. This raises a major ethical question:
- Are marketers simply responding to consumer demand?
- Or are they manufacturing desires and manipulating consumers into buying things they do not need?

The chapter does not give a single final answer, but it clearly insists that marketers must think seriously about truthfulness and responsibility.

## Psychological appeals
Many ads work not by describing practical benefits, but by appealing to self-esteem, identity, belonging, and emotions. For example, buying a toy may be framed as evidence of being a loving parent.

### Ethical concern
When advertising exploits emotions rather than informing consumers, it may succeed commercially while failing morally. It may persuade people to buy for emotional validation rather than rational need.

## Need vs. luxury
What counts as a necessity is partly shaped by generation and culture. The chapter notes that items once considered luxuries may become perceived necessities over time. Advertisers take advantage of these shifts.

## Fads and questionable products
The Pet Rock example shows how marketing can create demand for something of little practical value. The ethical issue is whether such marketing is harmless entertainment or a form of exploitation of gullibility.

## Consumer responsibility vs. marketer responsibility
The text presents a classic ethical tension:
- Should consumers protect themselves from hype?
- Or should marketers be held back from manipulative tactics?

The chapter suggests that both sides have responsibilities, but it emphasizes that marketers should not hide behind the idea that “the consumer should have known better.”

## Advertising to children
Children are especially vulnerable because they:
- have limited judgment,
- often cannot distinguish entertainment from advertising,
- tend to trust adult-like sources,
- may accept claims literally.

This makes child-targeted advertising ethically sensitive, especially for unhealthy products like junk food.

### Ethical standard
Advertisements aimed at children should be especially truthful, restrained, and non-exploitative.

## Subliminal advertising
The chapter also examines whether subliminal advertising really works—messages allegedly hidden below conscious awareness.

### Main conclusion
The evidence is inconclusive. Some studies suggest limited effects under narrow conditions, but there is no solid proof of a powerful, reliable subliminal marketing technology.

### Ethical relevance
Even if real subliminal persuasion remains unproven, the concern matters because if it were effective, it would be especially dangerous for children, older adults, and people with disabilities. The issue highlights how easily ethical questions can arise whenever persuasion becomes difficult to detect.

## Bottom line on advertising
Advertising is socially useful when it informs and educates consumers. It becomes ethically problematic when it:
- distorts the truth,
- manipulates vulnerable audiences,
- encourages wasteful or harmful consumption,
- invades privacy through digital tracking and targeting.

---

# 3. The Insurance Industry

## What insurance is for
Insurance exists to help people and businesses recover financially from losses. Historically, it developed from maritime trade and shared risk arrangements. Its basic purpose is socially valuable: it protects against catastrophe.

## The ethical dilemma in insurance
The insurance business model depends on collecting premiums while paying out as little as possible in claims. This creates a built-in tension:
- insurers want profitability,
- policyholders want fair compensation.

The ethical question is what counts as a **reasonable profit**.

## Insurance as a contract
Insurance is a contract between insurer and insured. Each side worries about the other:
- insurers fear exaggerated or fraudulent claims,
- consumers fear denial of valid claims or tiny payouts.

The ethical challenge is to maintain trust while still operating profitably.

## Government insurance programs
Private insurers often avoid highly risky coverage, such as flood insurance in disaster-prone areas. Because of that, the government has stepped in with programs like:
- the **National Flood Insurance Program**,
- the **California Earthquake Authority**.

### Why government involvement matters
Government can provide coverage where private insurers cannot profitably do so. This reflects a social obligation to protect citizens from catastrophic risk that markets may refuse to cover.

## Natural disaster insurance and climate change
The chapter notes that climate change may increase the frequency or severity of disasters such as wildfires, floods, and storms. This puts pressure on insurers, who may:
- raise rates,
- restrict coverage,
- leave high-risk regions altogether.

### Ethical dilemma
Should insurers be required to cover high-risk areas even if profits fall? Or is it fair to let premiums rise to match risk? This is a conflict between market logic and social responsibility.

## Private/public partnerships
The chapter suggests that some insurance markets may require hybrid public-private solutions, especially where risks are too large for private firms alone. The ethical question is whether such arrangements should be expanded and publicly funded.

## Redlining
One of the clearest ethical failures in insurance is **redlining**: denying or charging higher premiums for insurance based on neighborhood, especially when those neighborhoods are predominantly minority communities.

### Why it is unethical
Even if insurers claim they are pricing by risk, redlining often functions as racial or ethnic discrimination. The practice is widely illegal, but evidence suggests it may still occur in disguised forms.

### Ethical rule
Race, ethnicity, and creed should play no role in insurance pricing or eligibility. Ethical insurance must be based on legitimate actuarial factors, not discrimination.

---

# 4. Ethical Issues in Health Care

## Core ethical problem
Health care is unlike ordinary goods because it concerns life, dignity, suffering, and survival. The chapter argues that the U.S. health care system is ethically difficult because it is expensive, unequal, and often inaccessible to those without sufficient money or coverage.

## U.S. multipayer system vs. single-payer systems
The U.S. system is largely **multipayer**, meaning care is paid for by combinations of:
- patients,
- employers,
- private insurers,
- sometimes government programs.

In a **single-payer system**, government funds and administers most care, as in the U.K. and Canada.

### Ethical tradeoff
Multipayer systems may offer quicker access and more choice, but they often fail to ensure universal affordability and access. Single-payer systems broaden access but raise concerns about taxes, bureaucracy, and government control.

## The U.S. cost problem
The chapter emphasizes that the U.S. spends more on health care than other high-income nations, yet population health outcomes are often worse. This raises a basic ethical question:
- What is society getting in return for such high costs?

## Unequal access
A major ethical issue is whether it is acceptable for people to be denied needed care because they are poor. The chapter treats access to health care as a question of justice, not just economics.

## Prescription drug prices
Prescription drugs are especially expensive in the U.S. The chapter notes competing explanations:
- pharmaceutical companies argue prices reflect the cost of research and development,
- critics argue marketing and profit-taking drive prices up.

### Ethical issue
If life-saving drugs exist but are priced beyond reach, then society has the technology without the moral commitment to distribute it fairly.

## Employer-based health coverage
In the U.S., employers and unions historically played a major role in providing health insurance. This reflects cultural values such as self-reliance and reluctance to expand government control.

But the system has weaknesses:
- coverage is often tied to full-time employment,
- small businesses may struggle to provide it,
- employees may lose coverage when changing jobs.

## Ethics of employer responsibility
The chapter argues that businesses have an ethical obligation to provide health coverage when possible, even where not legally required. This is especially true for small businesses whose employees cannot easily secure affordable coverage elsewhere.

## Wellness programs
Companies increasingly use wellness programs to lower insurance costs and improve worker health. These may include:
- smoking cessation programs,
- gym subsidies,
- healthier food options,
- incentives for weight loss or exercise.

### Ethical benefits
They can genuinely improve employee health and reduce absenteeism.

### Ethical risks
They can also become intrusive:
- violating privacy,
- encouraging management to monitor workers’ personal lives,
- using health data in unfair employment decisions,
- blurring the line between voluntary support and coercive control.

The key ethical issue is whether such programs respect employee dignity and autonomy.

## The Affordable Care Act (ACA)
The ACA expanded access to health coverage by:
- requiring preventive care,
- protecting people with preexisting conditions,
- prohibiting cancellation because someone becomes ill,
- expanding mental health and substance abuse coverage,
- creating marketplaces for insurance plans.

### Ethical significance
The ACA reflects a policy effort to balance market-based care with broader social access. The chapter notes that it remains politically controversial, but ethically it represents an attempt to widen access and reduce exclusion.

## State-level and single-payer experiments
The chapter also discusses:
- Massachusetts’ reform efforts,
- California’s proposed single-payer plan.

These efforts show that states have tried to address health access through public administration. However, they also reveal the practical challenges:
- huge cost,
- administrative complexity,
- political resistance,
- federal coordination problems.

## Universal health care as an ethical question
The chapter ends by framing health care as a human-rights issue. Is access to care a basic right? If so, who bears responsibility?
- government,
- business,
- employers,
- individuals,
- all of the above?

The chapter does not claim a final answer, but it strongly suggests that health care cannot be treated as merely a market commodity.

---

# Main Ethical Themes Across the Chapter

Across all four sections, the same broad ethical concerns appear repeatedly:

## 1. Profit vs. responsibility
Each industry seeks profit, but each also affects human welfare. The chapter asks where profit becomes excessive or harmful.

## 2. Power and vulnerability
Entrepreneurs, advertisers, insurers, and health-care providers all have power over others. Ethical conduct requires special care when the other party is vulnerable—whether consumers, children, employees, patients, or disaster victims.

## 3. Fairness and justice
Questions of fairness appear in:
- startup leadership,
- advertising truthfulness,
- insurance pricing,
- access to medical care.

## 4. Culture matters
Organizations are shaped by the values of founders and leaders. Ethical habits must be built early and sustained as organizations grow.

## 5. Law is not enough
The chapter repeatedly shows that legality and ethics are not the same. A practice can be legal but still manipulative, unfair, or socially damaging.

---

# Final Takeaway for Students

This chapter teaches that ethical business leadership is not just about avoiding fraud or obeying regulations. It requires:
- building cultures of respect,
- avoiding exploitation,
- protecting vulnerable groups,
- balancing financial success with social obligation,
- and recognizing that large-scale business decisions shape people’s lives in profound ways.

If students want a single lesson from the chapter, it is this:

**Good business is not merely successful business. It is business that can justify its success morally, not just financially.**

If you want, I can also turn this into:
1. a shorter study guide,
2. bullet-point lecture notes,
3. exam-style questions with answers, or
4. a table comparing the ethical issues across the four industries.",,,1.0,,azure
Persona_Pattern,business_ethics_10,"Below is a comprehensive summary of the text from the perspective of a business ethics expert, with emphasis on the issues students should understand in depth.

---

## Overview: The Changing Nature of Work and Its Ethical Significance

The chapter explains how technological change, shifting labor practices, and new business models are transforming where, how, and by whom work is done. Since the Industrial Revolution, work has moved from agriculture to factories, and now from fixed offices to remote, flexible, digital, and automated environments. These changes create efficiency and flexibility, but they also raise serious ethical questions for managers, employees, customers, investors, and society.

The central theme is that business decisions about telecommuting, workplace design, job sharing, the access economy, gig work, robotics, and artificial intelligence are not just operational choices. They affect fairness, privacy, safety, equality of opportunity, worker well-being, labor rights, and the social contract between business and society.

---

# 10.1 More Telecommuting or Less?

## What telecommuting is
Telecommuting means working from a remote location, often home, using digital communication tools. It includes full-time remote work, part-time remote work, contract work, and gig assignments. Modern technology—email, cloud systems, video conferencing, and mobile devices—has made telecommuting much easier than in the past.

## Main benefits of telecommuting
The text presents several advantages for both employees and employers:

### For employees
- Better work-life balance
- More flexibility for parents and caregivers
- Greater accessibility for people with disabilities
- Less commuting stress, time loss, and transportation cost
- Reduced exposure to illness and travel disruptions
- Potentially fewer absences and tardiness
- In some cases, higher job satisfaction and productivity

### For employers
- Better recruitment and retention
- Lower office-space costs
- Access to a wider labor pool beyond local geography
- Potentially higher productivity
- Lower absenteeism
- Reduced turnover and training costs
- Environmental benefits from fewer commutes and smaller office footprints

The text cites studies showing that teleworkers often produce more, make more calls, respond faster, and resign less often than in-office workers. These examples support the argument that telecommuting can improve both efficiency and morale when well managed.

## Main drawbacks of telecommuting
The chapter is careful to show that telecommuting is not universally positive.

### Organizational drawbacks
- Less face-to-face collaboration
- Weaker transmission of corporate culture
- Harder managerial oversight
- More miscommunication
- Fewer spontaneous interactions that can generate ideas
- Difficulties in team cohesion and mentoring
- Greater challenge in monitoring progress and quality

### Employee drawbacks
- Privacy concerns at home
- Difficulty separating work life from personal life
- Costs for home office setup and equipment
- Possible conflict with family members who see the employee as “home” but unavailable
- Risk of being overlooked for promotions or key projects
- Bias from managers who may favor workers they see in person

### Safety and security concerns
- Data security and hacking risks
- Need to verify identities in virtual interactions
- Unclear liability if a work-related injury happens at home
- Some jobs are not suitable for remote work, especially those requiring in-person care, direct customer contact, or high physical/security requirements

## Ethical issues in telecommuting
The text frames telecommuting as an ethical issue because it can be used either fairly or unfairly. Ethical concerns include:
- Whether remote work is offered equitably
- Whether remote employees are judged fairly
- Whether they are given equal access to opportunities
- Whether employers use telecommuting as a genuine accommodation or merely as a cost-cutting device
- Whether workers are placed in remote settings without training or support

## Ethical best practices
The text offers a strong ethical framework for managing telecommuting:
- Decide based on the job, not simply on who asks
- Set clear policies and expectations
- Maintain fairness between remote and in-office workers
- Provide training in time management and communication
- Ensure regular communication and managerial accessibility
- Include remote workers in the corporate culture
- Reward performance based on objective results, not visibility
- Build social connection through virtual networking and online social events

From an ethics standpoint, telecommuting is most defensible when it is structured to promote trust, fairness, accountability, and inclusion.

---

# 10.2 Workplace Campuses

## What workplace campuses are
Workplace campuses are large, campus-like corporate facilities that often include extensive amenities such as:
- Recreation centers
- Fine dining
- Childcare
- Fitness centers
- Parks and walking trails
- Laundry and dry cleaning
- Massage services
- Haircuts
- On-site housing in some cases

Companies like Apple, Google, Facebook, Amazon, Microsoft, and others are building these environments to encourage collaboration, reduce commuting, and make workplaces more attractive.

## Claimed benefits
The text presents the official rationale as work-life improvement and productivity enhancement:
- Employees may be happier and more productive
- Commuting time is reduced
- Collaboration may improve through closer physical proximity
- A more attractive environment may help recruitment and retention
- Amenities may reduce stress and make life simpler for workers

## Ethical concerns
The chapter questions whether these campuses are truly employee-friendly or whether they function as “velvet handcuffs.”

Key ethical concerns include:
- They may blur the line between work and private life
- They may pressure employees to stay longer and work more
- They may increase dependence on the employer
- They may reduce worker mobility in the labor market
- They may create a paternalistic environment in which the employer controls many aspects of life

## Historical comparison: company towns
The text compares modern corporate campuses to historical company towns, where one company owned:
- Housing
- Shops
- Entertainment
- Often the local labor market itself

This comparison matters ethically because company towns often created:
- Limited worker choice
- Wage suppression through monopsony power
- High dependence on the employer

The ethical concern is that modern mega-campuses could recreate similar dependency, even if more comfortable and sophisticated.

## Urban and civic concerns
The chapter also asks whether corporations have obligations to the cities and communities around them:
- Should large campuses be built in city centers to support local businesses and public life?
- Should companies contribute more to taxes and municipal services if they draw heavily on them?
- Should zoning laws regulate these campuses?
- Should public and private spaces remain more clearly separated?

## Example: Apple’s “Ring”
Apple’s headquarters is used as a case study in the ethical and strategic trade-offs of corporate campus design:
- Designed to encourage collaboration and security
- Built with sustainability in mind
- Has limited parking to encourage public transit and ridesharing
- But critics argue it is inward-looking, expensive, and disconnected from the surrounding community
- Shareholders also question whether the money could have been better used elsewhere

The ethical issue here is not just architectural; it is about stakeholder priorities:
- employees
- shareholders
- local residents
- city governments
- the environment

---

# 10.3 Alternatives to Traditional Patterns of Work

This section examines job sharing, flextime, the access economy, crowdfunding, and gig work.

## Job sharing
Job sharing means two or more employees split one full-time job. This arrangement can improve:
- Work-life balance
- Retention
- Flexibility
- Recruitment
- Training transitions for retiring employees
- Productivity in some cases

### Ethical benefits
- Helps caregivers, students, and people with family obligations
- Can reduce stress and absenteeism
- Can allow employers to retain skilled workers who cannot or do not want full-time work
- Can provide a path for gradual retirement or transition

### Ethical risks
- Employers may use it mainly to avoid benefits
- It may be used to reduce labor costs rather than support workers
- Coordination problems may reduce efficiency
- One partner may underperform or withhold information
- Some managers may not want to supervise shared roles

The ethical question is whether job sharing is used to meet worker needs and improve performance, or to shift costs onto workers.

## Flextime
Flextime allows employees to choose their own start and end times.

### Advantages
- Better for parents and caregivers
- Can attract a more diverse workforce
- Can extend business hours for customers
- Can increase autonomy and morale

### Ethical concerns
- Policies must be objective and fair
- Employees requesting later start times may face bias
- Legal rules on overtime and work hours must be respected
- Managers need stronger supervisory skills for flexible teams

Ethically, flextime is appropriate when eligibility and expectations are clear, objective, and non-discriminatory.

---

## Access economy / sharing economy / online platform economy
This part explains business models built around access instead of ownership. Examples include:
- Airbnb
- Uber
- Lyft
- TaskRabbit

These models allow consumers to also be providers. People monetize underused assets like:
- Spare rooms
- Cars
- Time
- Skills

### Ethical benefits
- Democratizes entrepreneurship
- Allows people to earn from underused assets
- Creates new income opportunities
- Expands consumer choice
- Lowers barriers to entry for small businesses and individuals

### Ethical and regulatory concerns
- Consumer protection
- Safety and background checks
- Tax compliance
- Labor classification
- Fair competition with traditional firms
- Whether regulation should treat platform workers like employees or independent operators

The text stresses the tension between innovation and regulation:
- Too little regulation can expose consumers and workers to risk
- Too much regulation can suppress competition and protect incumbents
- Government must balance fairness, safety, and market access

## Crowdfunding and capital access
The text emphasizes that small businesses often struggle to access capital because traditional finance is controlled by gatekeepers such as investment banks and venture capitalists.

The JOBS Act is presented as a way to democratize capital access by allowing regulated crowdfunding and making it easier for emerging businesses to raise funds.

Ethically, this is important because it broadens participation in economic opportunity.

---

## The gig economy
Gig work refers to short-term, task-based, contract-based, or freelance work with few or no benefits.

### Characteristics
- Flexible scheduling
- Multiple clients or jobs
- Often remote or app-based
- Usually no health insurance, retirement plan, or standard employment protections
- Workers may be self-employed or treated as contractors

### Advantages for workers
- Flexibility
- Autonomy
- Ability to work multiple jobs
- Skills development
- Possibility of supplemental income or retirement work

### Advantages for employers
- Lower labor costs
- No benefits burden
- Less payroll tax responsibility
- More flexible staffing
- Easier scaling of labor up or down

### Ethical concerns
- Insecurity and unpredictability
- Lack of benefits
- Tax shifting onto workers
- Pressure to misclassify employees as contractors
- Weak loyalty and fragmented career paths
- The rise of the “precariat,” a vulnerable class of workers with unstable employment

The text is especially critical of business models that appear to shift ordinary employment risks onto workers while preserving corporate flexibility.

## Employee classification and legal risk
The Microsoft example shows how controversial worker classification can become:
- Microsoft used many contract workers to save money
- The IRS determined many should have been employees
- Microsoft had to pay taxes and eventually settled claims for denied benefits
- This illustrates the legal and ethical risks of misclassification

## Internships
Internships are discussed as a gray area:
- Sometimes paid, sometimes not
- Sometimes credited, sometimes not
- Can provide valuable experience
- But may also function as unpaid labor

The ethical standard proposed is that interns should not be exploited. They should receive pay, academic credit, or both, and the educational purpose should be real.

---

# 10.4 Robotics, Artificial Intelligence, and the Workplace of the Future

## The core issue
Robotics and AI are reshaping work by replacing or augmenting human labor. The chapter asks a profound ethical question: when should companies prioritize efficiency, and when should they preserve human employment for social reasons?

## Robotics and automation
Robots already perform many physical and technical tasks:
- Surgery
- Factory assembly
- Hazardous cleanup
- Search and rescue
- Remote operations in dangerous environments

### Economic impact
The text cites major studies predicting massive displacement:
- Hundreds of millions of jobs globally could be affected
- In wealthy countries, a large share of the workforce may be impacted
- Low-skill and routine jobs are most vulnerable

### Most at-risk jobs
- Factory workers
- Machine operators
- Fast-food workers
- Cashiers
- Toll booth operators
- Paralegals
- Accountants
- Some office staff
- Drivers

### Less vulnerable jobs
Jobs requiring human interaction, judgment, care, or creativity are less exposed:
- Nurses
- Doctors
- Teachers
- Lawyers
- Social workers
- Bartenders
- Hairstylists
- Coaches
- Some care and skilled trade jobs

### Ethical implications
- Mass displacement can deepen inequality
- Workers may need retraining, but not everyone can retrain easily
- Older workers and less mobile workers are especially vulnerable
- Society may need new policy responses, possibly including stronger retraining systems or even employer-of-last-resort policies

## Japan as a robotics leader
Japan is presented as an example of a society that sees robots as solutions rather than threats:
- Uses robots in industry, medicine, disaster response, and search and rescue
- Faces population aging and labor shortages
- Treats robotics as part of its economic future

This example shows that the ethical meaning of automation depends partly on demographic and social context.

---

## Artificial intelligence (AI)
AI is the use of algorithms that allow machines to simulate human intelligence with minimal human intervention.

### Applications
- Banking
- Financial advising
- Securities and portfolio management
- Customer service
- Writing news stories
- Accounting and auditing systems

### Potential benefits
- Higher productivity
- Lower costs
- Faster decisions
- Greater profitability
- Economic growth
- New forms of creative work and innovation

### Potential risks and ethical questions
- Massive automation of current tasks
- Reduced demand for human labor
- Need for transparency in human-AI interaction
- Risk that people do not know whether they are dealing with a person or machine
- Possibility of deceptive or misleading interfaces
- Question of whether AI could ever be treated as a “person” or moral agent
- Who is liable when AI makes a harmful decision?

## Transparency and disclosure
A major ethical issue is whether companies should disclose when a customer is interacting with AI rather than a human. This matters because:
- It affects informed consent
- It affects trust
- It can influence customer expectations and decision-making

## Liability
The text closes by emphasizing legal responsibility:
- If AI or robots cause harm, who is responsible?
- The maker?
- The user?
- The company deploying it?
- The programmer?
- The machine itself?

This is one of the central unresolved legal and ethical questions of the future workplace.

---

# Key Ethical Themes Across the Chapter

Students should understand that the chapter repeatedly returns to a few core business ethics principles:

## 1. Fairness
- Are workers being treated equally across remote, flexible, and in-office arrangements?
- Are gig workers and interns being fairly compensated?
- Are promotions and opportunities distributed based on merit or visibility?

## 2. Transparency
- Are companies honest about AI use?
- Are job expectations clear?
- Are contract terms understandable?

## 3. Responsibility
- Who is accountable for worker safety at home?
- Who is responsible when automation harms workers?
- Who pays for the social costs of new business models?

## 4. Respect for persons
- Do workers retain dignity and autonomy?
- Or are they being manipulated through perks, dependence, or misclassification?

## 5. Social consequences
- Do these innovations increase inequality?
- Do they weaken labor protections?
- Do they help society adapt to change, or merely shift costs onto vulnerable groups?

---

# Concluding Insight

The chapter argues that the future of work is not only a technical question but a moral one. Telecommuting, campus workplaces, job sharing, platform labor, gig work, robotics, and AI can all improve efficiency and flexibility. But each also creates ethical risks involving exploitation, bias, surveillance, insecurity, inequality, and loss of human control.

For business students, the most important takeaway is this: ethical management in the modern workplace requires more than adopting new technologies or models. It requires actively balancing profitability with justice, innovation with accountability, and organizational flexibility with respect for workers and society.",,,1.0,,azure
Persona_Pattern,business_ethics_11,"Here is a comprehensive, expert-level summary of the text, written for students who want a deep understanding of the chapter’s key ideas, examples, and ethical logic.

---

## Overall theme of the chapter

This chapter argues that **business ethics is not separate from life ethics**. Ethical judgment in business begins with the individual conscience and develops over time through experience, reflection, discipline, and commitment. Business ethics is presented as a **practical guide for decision-making in a changing world**, not merely a set of rules to avoid legal trouble. The chapter emphasizes that ethical professionalism depends on aligning one’s values, actions, and career choices, while also recognizing responsibilities to multiple stakeholders—not just shareholders.

A central message is that **ethics is both personal and organizational**:
- Personal, because individuals must develop conscience, values, and moral agency.
- Organizational, because company culture, leadership, and stakeholder relationships shape behavior.

---

# 11.1 Business Ethics in an Evolving Environment

## Core idea
Even though the business world is changing rapidly due to globalization, technology, and speed of communication, the **foundational principles of ethics remain stable**:
- honesty
- fairness
- prudence
- courage
- respect for stakeholders
- compliance with legal obligations

Technological and global change does not eliminate ethical standards; it **expands the situations in which they must be applied**.

---

## Ethics is permanent even when business changes
The text stresses that modern business has become:
- smaller in geographic terms due to globalization
- faster due to digital technologies
- more complex because of data, international law, and diverse stakeholder expectations

Yet the basic question remains the same: **What is the right thing to do?**

---

## Rajat Gupta case: ethics, law, and fiduciary duty
The chapter uses **Rajat Gupta** as a major example of ethical failure.

### Background
Gupta was:
- highly educated
- respected in business
- philanthropic and socially admired
- a corporate director and influential adviser

### What happened
According to the SEC, he passed confidential insider information to Raj Rajaratnam about Warren Buffett’s investment in Goldman Sachs.

### Ethical significance
This case illustrates multiple violations:
- **business ethics**
- **the law**
- **fiduciary duty** as a director
- **trust** in professional relationships

### Lesson
Ethical status or reputation does not protect someone from ethical failure. In fact, the case shows that people with strong public reputations can still violate ethical standards if they disregard conscience and duty.

---

## The role of virtues in business
The chapter emphasizes that good professionals should strive for:
- honesty
- fairness
- prudence
- courage

Ethics is not only about avoiding wrongdoing; it is about **moral excellence** and the consistent practice of virtue.

---

## Stakeholder thinking: GM as a warning example
The text uses **General Motors’ ignition switch scandal** to show the danger of focusing too narrowly on profits.

### What happened
GM failed to disclose a dangerous ignition switch defect that caused:
- 124 deaths
- 273 injuries
- major legal and financial consequences
- a $900 million settlement
- recall of 2.6 million cars

### Ethical issue
GM treated the problem as a business risk rather than a human safety issue. This reflects a conflict between:
- **shareholder-only thinking**: the idea that business exists only to maximize profits
- **stakeholder responsibility**: the idea that businesses owe duties to customers, employees, suppliers, communities, and others

### Lesson
A company that ignores stakeholders can severely damage:
- public trust
- brand reputation
- customer loyalty
- shareholder confidence
- its own long-term survival

---

## Ethics in technology and online business
The chapter stresses that traditional ethical values must now be applied to digital environments.

### Main issues
- privacy
- identity theft
- data mining
- target marketing
- customer consent
- data security

### Ethical dilemma
Businesses want customer data because it helps them market more effectively, but they must balance this against the right of customers to privacy.

### Students should notice
This is a classic ethical tension between:
- business advantage
- individual rights

Companies like **Facebook and Equifax** are mentioned as examples where customer data and privacy are central concerns.

---

## Global ethics and conflicting standards
The text also explores the ethical tensions multinational companies face when local laws conflict with their own ethical commitments.

### Google in China
Google’s mission is to provide information broadly and openly, but in China it faced pressure to comply with censorship.

### Ethical question
Should a company:
- follow its own values and oppose censorship?
- or comply with government restrictions to preserve market access?

### Lesson
Global business ethics is complicated because companies often face **conflicting obligations**:
- local law
- corporate values
- user expectations
- global reputation

This demonstrates that ethical decision-making often requires balancing competing claims, not simply applying a rule.

---

## Consumer wants vs. consumer needs: the Cheesecake Factory example
The Cheesecake Factory case raises another important question:
Should companies give consumers what they **want**, or what they **need**?

### Ethical issues raised
- cultural sensitivity
- imperialism
- paternalism
- respect for consumer choice

### Key distinction
- **Imperialism**: imposing Western values or products on others
- **Paternalism**: deciding what is best for others without their consent

### Lesson
Businesses must ask whether they are respecting customer autonomy or trying to shape people’s choices “for their own good.”

---

# 11.2 Committing to an Ethical View

## Core idea
Ethical behavior in organizations depends not just on policies but on:
- relationships
- workplace culture
- leadership example
- employee satisfaction
- personal values

Ethics takes **discipline, commitment, and practice**.

---

## Relationships matter
People are more likely to act unethically when:
- they are unhappy at work
- they feel disrespected
- leaders behave unethically

In other words, ethical culture is not just about rules; it is shaped by how people are treated.

---

## Walmart as an example of ethical complexity
Walmart is presented as a huge employer with:
- enormous revenues
- millions of employees
- global reach

It markets itself as helping people “Save Money. Live Better.”

### Ethical tensions
The company has faced allegations and lawsuits involving:
- illegal firing
- wage violations
- overtime and benefit issues
- foreign worker rights
- child labor violations
- healthcare problems

### Lesson
A company can provide low prices and still face serious ethical criticism if it mistreats workers or fails to respect basic rights.

---

## Stakeholder responsibility and employee behavior
The text argues that if employees are unhappy or see unethical treatment, some may reflect that behavior themselves. This is why ethical leadership matters so much.

### Major point
Managers must model ethical behavior toward **all stakeholders**:
- employees
- customers
- suppliers
- communities
- shareholders

Leadership by example is one of the strongest influences on employee ethics.

---

## Values as the basis of difficult choices
The chapter explains that values are the “why” behind behavior.

### Why values matter
Values help people decide:
- what kind of job to take
- what kind of company to join
- what kind of professional to become
- what sacrifices are acceptable

Without clear values, work can feel meaningless or inconsistent with one’s identity.

---

## The role of loyalty
The text distinguishes between:
- **external loyalty**: customer-brand loyalty
- **internal loyalty**: trust between managers, employees, suppliers, and others

### Important insight
Internal loyalty is based on trust and developed over time. However, employer-employee loyalty is **two-way**:
- employers invest in workers
- workers are expected to align themselves with organizational goals and values

This becomes part of ethical self-examination: Is this the right organization for me?

---

# 11.3 Becoming an Ethical Professional

## Core idea
Professionalism is not merely technical competence. It is primarily about **ethical behavior in the workplace**.

Employers value professionals who:
- act responsibly
- make ethical judgments
- reflect the organization’s values
- maintain integrity under pressure

---

## Finding the “right fit”
Young workers increasingly want jobs that reflect their values, not just provide pay.

### What students should note
People are increasingly asking:
- Does this company stand for something?
- Can I work here without betraying my beliefs?
- Will this job allow me to make a difference?

Companies that build ethical cultures tend to have:
- better financial results
- more motivated employees
- stronger commitment
- higher productivity

---

## Moral agency
A major concept in this section is the idea of the **moral agent**:
someone who can distinguish right from wrong and take responsibility for choices.

### What moral agents do
They do not simply take the first job offer. They evaluate:
- organizational values
- workplace culture
- ethical risks
- personal fit

This shows that career choice is also an ethical decision.

---

## Money is not the only motivator
The text strongly argues that salary alone does not determine career satisfaction.

### Important points
- Some low-paid jobs provide deep meaning, such as teaching, nursing, or nonprofit work.
- Some high-paying jobs may be emotionally empty or ethically troubling.
- Meaning, respect, service, and good colleagues can matter as much as compensation.

### Lesson for students
Career decisions should be based on a balance of:
- practical needs
- personal values
- mission
- long-term fulfillment

---

## Ethical top leadership and “tone at the top”
Perhaps the most powerful influence on ethical culture is leadership behavior.

### Tone at the top means:
If leaders live ethically, employees are more likely to do the same.

Policies, codes, and training matter, but they are not enough without consistent ethical modeling from leaders.

### Why this matters especially now
The chapter mentions emerging fields like **artificial intelligence**, where issues of:
- bias
- privacy
- safety
- misuse
are especially important.

---

## Bill Swanson plagiarism case
Bill Swanson’s case shows that even famous ethical voices can fail ethically.

### What happened
He was praised for his management maxims, but it was later discovered that he had plagiarized them.

### Lesson
Ethical reputation can collapse quickly when dishonesty is exposed.

This reinforces a central idea:
**Ethics is not a performance; it is a lived practice.**

---

## Ethical culture and performance
The chapter makes an important business case for ethics:
ethical companies often perform better over time.

### Benefits of ethical workplaces
- higher employee satisfaction
- stronger loyalty
- better morale
- improved customer trust
- stronger earnings
- better retention
- more stable long-term performance

### Examples
UPS and Xerox are cited as companies repeatedly recognized for ethical conduct and sustained performance.

The broader claim is that ethics is not just morally right—it is also strategically wise.

---

# 11.4 Making a Difference in the Business World

## Core idea
A true professional is judged not by wealth or status alone, but by **the difference made in the lives of others**.

Ethics in business is about:
- character
- service
- responsibility
- humility
- courage
- resisting greed and hubris

---

## Hubris as a major danger
Hubris means excessive pride or the belief that one is above the rules.

### Why it is dangerous
Hubris often leads to:
- reckless decisions
- abuse of power
- unethical shortcuts
- legal violations
- organizational collapse

### Examples mentioned
- Enron
- Theranos

These companies illustrate how ambition without ethics can destroy value and trust.

---

## Values and mission statement
The chapter encourages students to identify their personal values and turn them into a **personal mission statement**.

### Why this matters
A personal mission statement acts like an ethical compass:
- it keeps you oriented
- helps you resist distractions
- supports consistent decision-making
- adapts as your goals evolve

### Suggested process
Students are encouraged to:
1. identify their top five values
2. think about where each value came from
3. anticipate challenges to living those values
4. commit to concrete actions supporting them

---

## Entrepreneurship as a test of values
Entrepreneurship is presented as a powerful arena for ethical expression because founders often build companies from their own values and experiences.

### Example: Rise Products
Bertha Jimenez and her cofounders turned an overlooked waste product—spent barley grain—into a nutritious flour business. Their mission reflects:
- sustainability
- innovation
- social usefulness
- long-term access for others

### Example: TOMS Shoes
TOMS began with a “one for one” model and later expanded its mission to include:
- eyeglasses
- clean water access

### Lesson
Entrepreneurial mission often grows directly out of values, and ethical business can be designed to “do good and do well.”

---

# Final major conclusion of the chapter

The chapter concludes that business ethics is ultimately about **relationships, self-knowledge, and moral character**. The best business professionals are not those who simply maximize personal gain, but those who:
- know their values
- act with integrity
- respect others
- align career with conscience
- use their skills to contribute to society

The text emphasizes that business and ethics are not opposites. In fact, **the quality of a business depends on the quality of the ethical relationships within it**.

### Final takeaway
A successful career is not measured only by money, rank, or prestige. It is measured by whether you:
- lived honorably
- treated others with dignity
- made a positive difference
- remained faithful to your values

---

If you want, I can also turn this into:
1. a **short study guide**,  
2. **key terms and definitions**, or  
3. **exam-style discussion questions with answers**.",,,1.0,,azure
Persona_Pattern,calculus_volume_2_1,"Here is a comprehensive expert-level summary of the text, organized by section and emphasizing the ideas students need to master.

---

# Chapter Overview: Why Integration Matters

This chapter introduces **integration** as a way to measure accumulated quantity. The opening iceboat example motivates the central idea: if you know a rate, such as velocity, then integration lets you recover the total change, such as distance traveled. This is one of the most important themes of calculus: **rates of change and accumulation are inverse ideas**.

The chapter develops integration in a carefully layered way:

1. **Approximate area under curves** using rectangles and Riemann sums.
2. **Define the definite integral** as a limit of those approximations.
3. **Connect differentiation and integration** through the Fundamental Theorem of Calculus.
4. **Develop techniques** for evaluating integrals, especially substitution.
5. **Handle special families of integrals**, including exponential, logarithmic, and inverse trigonometric forms.
6. **Apply integration** to motion, net change, average value, and physical models.

---

# 1.1 Approximating Areas

## Core idea
Before the definite integral is defined, we need a way to approximate the area under a curve. The chapter begins with Archimedes’ **method of exhaustion**, which is historically the same philosophical idea behind modern integration: approximate a curved region with many simple shapes, then improve the approximation by making the pieces thinner and thinner.

## Sigma notation
Because many approximation formulas involve sums of many terms, the chapter introduces **sigma notation**:

\[
\sum_{i=1}^n a_i
\]

This is shorthand for adding a sequence of terms. Students must understand:

- the **index** is just a counting variable,
- it is a **dummy variable**,
- the expression inside the sum determines the values being added.

The chapter emphasizes the common summation formulas:

- \(\sum_{i=1}^n i = \frac{n(n+1)}{2}\)
- \(\sum_{i=1}^n i^2 = \frac{n(n+1)(2n+1)}{6}\)
- \(\sum_{i=1}^n i^3 = \frac{n^2(n+1)^2}{4}\)

These formulas are essential for converting Riemann sums into exact expressions.

## Approximating area with rectangles
To approximate the area under a continuous, nonnegative function \(f(x)\) on \([a,b]\), divide the interval into \(n\) equal subintervals of width

\[
\Delta x = \frac{b-a}{n}
\]

Then choose sample points in each subinterval and form rectangle sums.

### Left-endpoint sum
\[
L_n=\sum_{i=1}^n f(x_{i-1})\Delta x
\]

### Right-endpoint sum
\[
R_n=\sum_{i=1}^n f(x_i)\Delta x
\]

These are simple, practical approximations. For increasing functions, left sums underestimate and right sums overestimate; for decreasing functions, the reverse occurs.

## Riemann sums
The chapter then generalizes both methods by allowing any sample point \(x_i^*\) in each subinterval:

\[
\sum_{i=1}^n f(x_i^*)\Delta x
\]

This is a **Riemann sum**.

The key conceptual leap is:

\[
A=\lim_{n\to\infty}\sum_{i=1}^n f(x_i^*)\Delta x
\]

This limit defines area under a curve when \(f\) is continuous and nonnegative.

## Upper and lower sums
If the chosen sample points are the maximum values on each subinterval, the Riemann sum becomes an **upper sum**. If they are minimum values, it becomes a **lower sum**. These are useful because they give guaranteed overestimates or underestimates.

## Important takeaways
Students should be able to:

- write and evaluate sums in sigma notation,
- compute left and right endpoint approximations,
- interpret Riemann sums geometrically,
- distinguish between upper sums, lower sums, and general Riemann sums,
- understand that finer partitions improve approximations.

---

# 1.2 The Definite Integral

## Definition
The definite integral is defined as the limit of Riemann sums:

\[
\int_a^b f(x)\,dx=\lim_{n\to\infty}\sum_{i=1}^n f(x_i^*)\Delta x
\]

provided the limit exists.

This is the formal extension of area approximation and is not restricted to nonnegative functions.

## Terminology
Students must know:

- **integrand**: the function being integrated,
- **limits of integration**: \(a\) and \(b\),
- **variable of integration**: the symbol \(x\), \(t\), \(u\), etc.

The variable of integration is a **dummy variable**, just like the summation index.

## Integrability
A function is **integrable** on \([a,b]\) if this limit exists. Continuous functions on closed intervals are integrable, and some discontinuous functions are also integrable.

## Net signed area
A major shift occurs here: if a function goes below the \(x\)-axis, the definite integral measures **signed area**, not geometric area.

- Area above the axis contributes positively.
- Area below the axis contributes negatively.

So:

\[
\int_a^b f(x)\,dx = A_1 - A_2
\]

where \(A_1\) is area above the axis and \(A_2\) is area below.

If you want total geometric area, you use:

\[
\int_a^b |f(x)|\,dx = A_1 + A_2
\]

## Properties of definite integrals
Students should know these key algebraic rules:

- \(\int_a^a f(x)\,dx=0\)
- \(\int_b^a f(x)\,dx=-\int_a^b f(x)\,dx\)
- linearity:
  - sums split,
  - constants factor out,
  - intervals can be broken apart.

These properties are indispensable for simplifying integrals and for proving later theorems.

## Comparison theorem
If \(f(x)\ge g(x)\) on \([a,b]\), then

\[
\int_a^b f(x)\,dx \ge \int_a^b g(x)\,dx
\]

This helps compare areas and prove bounds.

## Average value
The average value of a function on \([a,b]\) is

\[
f_{\text{avg}}=\frac{1}{b-a}\int_a^b f(x)\,dx
\]

This is the continuous analogue of the arithmetic mean. The Mean Value Theorem for Integrals later guarantees that a continuous function actually attains its average value somewhere in the interval.

## Practical applications
The section frames integrals as models for:

- displacement from velocity,
- total distance traveled,
- gas consumption,
- rainfall, population growth, and other accumulated quantities.

---

# 1.3 The Fundamental Theorem of Calculus

This is the theoretical heart of the chapter.

## Mean Value Theorem for Integrals
If \(f\) is continuous on \([a,b]\), then there exists \(c\in[a,b]\) such that

\[
f(c)=\frac{1}{b-a}\int_a^b f(x)\,dx
\]

In other words: a continuous function takes on its average value.

## Fundamental Theorem of Calculus, Part 1
Define

\[
F(x)=\int_a^x f(t)\,dt
\]

Then:

\[
F'(x)=f(x)
\]

This is a profound statement: **accumulation and differentiation are inverse operations**.

### Meaning
- The integral from \(a\) to \(x\) builds an accumulation function.
- Differentiating that accumulation recovers the original rate.

This is why every continuous function has an antiderivative.

## Fundamental Theorem of Calculus, Part 2
If \(F\) is any antiderivative of \(f\), then

\[
\int_a^b f(x)\,dx = F(b)-F(a)
\]

This is the practical evaluation theorem. It replaces hard Riemann-sum limits with antiderivative evaluation.

## Key implications
Students should understand:

- definite integrals are numbers,
- antiderivatives are functions,
- FTC Part 2 gives a fast way to compute definite integrals,
- the result may be negative if the graph lies below the axis.

## Applications in motion
The section uses velocity examples to show:

- **displacement** = integral of velocity,
- **total distance** = integral of absolute value of velocity.

These are among the most important physical interpretations of integration.

---

# 1.4 Integration Formulas and the Net Change Theorem

## Net Change Theorem
If \(F'(x)\) is a rate of change, then

\[
F(b)=F(a)+\int_a^b F'(x)\,dx
\]

Equivalently,

\[
\int_a^b F'(x)\,dx=F(b)-F(a)
\]

This is the accumulation principle behind many applied problems.

## Examples of interpretation
The theorem applies to:

- displacement from velocity,
- total distance from speed,
- fluid consumption,
- population change,
- physical dimensions like area and volume.

## Even and odd functions
This section also highlights symmetry:

- If \(f\) is **even**, then
  \[
  \int_{-a}^a f(x)\,dx = 2\int_0^a f(x)\,dx
  \]
- If \(f\) is **odd**, then
  \[
  \int_{-a}^a f(x)\,dx = 0
  \]

This is extremely useful for evaluating integrals quickly.

## Important conceptual point
The definite integral is not just “area”; it is **net change**. In many applications, what matters is not the total amount traveled or consumed, but the signed accumulation.

---

# 1.5 Substitution

## Purpose
Substitution is the reverse of the chain rule. It is used when an integrand contains a composite function multiplied by its derivative.

The standard pattern is:

\[
\int f(g(x))g'(x)\,dx
\]

Let

\[
u=g(x)
\]

Then the integral becomes simpler in terms of \(u\).

## Indefinite substitution
The rule is:

\[
\int f(g(x))g'(x)\,dx = \int f(u)\,du
\]

then rewrite in terms of \(x\).

Students must be able to:
- identify the inner function,
- compute \(du\),
- adjust constants when necessary,
- rewrite the integrand entirely in terms of \(u\).

## Definite substitution
For definite integrals, the limits also change:

\[
\int_a^b f(g(x))g'(x)\,dx = \int_{g(a)}^{g(b)} f(u)\,du
\]

This avoids having to switch back to the original variable.

## Why it works
This is exactly the chain rule in reverse.

## Common pitfalls
- choosing the wrong \(u\),
- forgetting to convert limits in definite integrals,
- missing a constant factor in \(du\),
- leaving both \(x\) and \(u\) in the integral.

---

# 1.6 Integrals Involving Exponential and Logarithmic Functions

## Exponential integrals
The chapter emphasizes:

\[
\int e^x\,dx=e^x+C
\]

and more generally:

\[
\int a^x\,dx = \frac{a^x}{\ln a}+C
\]

These are important because exponential functions model growth and decay.

## Substitution with exponentials
Many exponential integrals are solved by letting the exponent be \(u\). Common patterns include:

- \(e^{g(x)}g'(x)\),
- expressions like \(x e^{x^2}\),
- combinations of exponentials and square roots or powers.

## Logarithmic integrals
Key formulas include:

\[
\int \frac{1}{x}\,dx=\ln|x|+C
\]

and

\[
\int \ln x\,dx = x\ln x - x + C
\]

Also for logarithms base \(a\):

\[
\int \log_a x\,dx = \frac{x(\ln x -1)}{\ln a}+C
\]

Students should recognize that logarithmic antiderivatives usually arise from:
- a \(1/x\)-type denominator,
- substitution,
- integration by parts-like structures, though the text here mostly emphasizes substitution.

## Real-world applications
Examples include:
- marginal price-demand,
- bacteria growth,
- fruit fly population growth,
- exponential consumption or decay models.

The overall message is that exponentials and logarithms are natural for modeling processes with proportional change.

---

# 1.7 Integrals Resulting in Inverse Trigonometric Functions

## Main formulas
The chapter presents the standard inverse trig antiderivatives:

\[
\int \frac{du}{\sqrt{a^2-u^2}} = \sin^{-1}\left(\frac{u}{a}\right)+C
\]

\[
\int \frac{du}{a^2+u^2} = \frac{1}{a}\tan^{-1}\left(\frac{u}{a}\right)+C
\]

\[
\int \frac{du}{|u|\sqrt{u^2-a^2}} = \frac{1}{a}\sec^{-1}\left(\frac{|u|}{a}\right)+C
\]

These come directly from the derivatives of inverse trig functions.

## How to use them
Typically, students should:
1. identify the integrand as matching one of these forms,
2. possibly use substitution to put it into standard form,
3. apply the correct inverse trig formula,
4. evaluate if limits are present.

## Domain awareness
A major subtlety is that inverse trig functions are only defined on restricted domains. This matters when interpreting expressions like:
- \(\sin^{-1}(x)\),
- \(\tan^{-1}(x)\),
- \(\sec^{-1}(x)\).

Also, not every integral with trig functions produces an inverse trig result; the integrand must fit the correct algebraic pattern.

---

# Big Picture Summary

Across Sections 1.1–1.7, the chapter builds the full conceptual structure of integration:

- **Section 1.1:** approximate area with rectangles and sums.
- **Section 1.2:** define the definite integral and interpret it as signed area/net change.
- **Section 1.3:** connect integrals and derivatives through the Fundamental Theorem of Calculus.
- **Section 1.4:** apply integral formulas and net change, including symmetry of even/odd functions.
- **Section 1.5:** learn substitution, the reverse of the chain rule.
- **Section 1.6:** integrate exponential and logarithmic functions.
- **Section 1.7:** integrate expressions that lead to inverse trigonometric functions.

---

# What students should master most

If you want to understand this chapter deeply, focus on these skills:

1. **Translate between geometry and algebra**  
   Understand area, signed area, and approximation.

2. **Set up Riemann sums correctly**  
   Identify interval, width, sample points, and sum notation.

3. **Use FTC Part 2 fluently**  
   This is the standard way to evaluate definite integrals.

4. **Recognize accumulation problems**  
   Velocity, population, rainfall, and cost models often become integrals.

5. **Choose good substitutions**  
   Match the derivative of the inside function whenever possible.

6. **Know the special forms**  
   Exponential, logarithmic, and inverse trig antiderivatives appear often.

7. **Interpret results physically**  
   Know when an integral gives net change, total amount, or average value.

If you want, I can also turn this into:
- a **shorter study guide**,
- a **section-by-section cheat sheet**,
- or a **list of the most important formulas with explanations**.",,,1.0,,azure
Persona_Pattern,calculus_volume_2_2,"Here is a comprehensive expert summary of the text, written for students who want a deep understanding of the chapter’s goals, methods, and mathematical structure.

---

# Chapter 3 Summary: Integration Techniques, Numerical Methods, and Improper Integrals

This chapter is a major expansion of the integration toolkit from Calculus Volume 2. Its central theme is this: **many integrals cannot be evaluated by basic antidifferentiation or substitution alone**, so we need a collection of advanced symbolic, numerical, and limit-based techniques. The chapter moves from exact methods to approximation methods and finally to improper integrals, which are essential for modeling infinite processes and singular behavior.

---

## Big Picture of the Chapter

The chapter begins with a motivating real-world problem: whether changes to a traffic light system actually reduced accidents, or whether a ten-month accident-free period could simply be chance. This is not just a storytelling device—it signals that **integration is a tool for measuring probability, accumulation, and long-term behavior**. The chapter later returns to this theme through improper integrals and probability density functions.

The sequence of topics is:

1. **Integration by Parts**
2. **Trigonometric Integrals**
3. **Trigonometric Substitution**
4. **Partial Fractions**
5. **Other Strategies for Integration**
6. **Numerical Integration**
7. **Improper Integrals**

These are not isolated tricks; they form a hierarchy of methods for dealing with increasingly complicated integrals.

---

# 3.1 Integration by Parts

## Core Idea
Integration by parts is the integration analogue of the **product rule for differentiation**. Since differentiation has a product rule, one can reverse that idea to transform one integral into another, often simpler, one.

The formula is:

\[
\int u\,dv = uv - \int v\,du
\]

or for definite integrals:

\[
\int_a^b u\,dv = \left.uv\right|_a^b - \int_a^b v\,du
\]

## Why it matters
This method is especially useful for integrals involving products like:

- polynomial times exponential,
- polynomial times trigonometric,
- logarithmic functions,
- inverse trigonometric functions.

A key skill is **choosing \(u\) and \(dv\) wisely**. Poor choices can make the resulting integral no easier than the original.

## LIATE heuristic
The text introduces the mnemonic **LIATE** to help choose \(u\):

- **L**ogarithmic
- **I**nverse trigonometric
- **A**lgebraic
- **T**rigonometric
- **E**xponential

The function type appearing earlier in the list is usually chosen as \(u\).

This works because:
- logarithmic and inverse trig functions are harder to integrate directly,
- algebraic, trig, and exponential functions are typically easier to integrate.

## Important examples and lessons
- \(\int x\sin x\,dx\): choose \(u=x\), \(dv=\sin x\,dx\).
- \(\int \ln x/x^3\,dx\): rewrite as \(x^{-3}\ln x\) and use LIATE.
- Some integrals require **more than one application** of integration by parts, such as \(\int x^2e^{3x}\,dx\).
- Sometimes the process loops back to the original integral, allowing algebraic solving. A key example is:
  \[
  \int \sin(\ln x)\,dx
  \]
  where applying parts twice produces the same integral again, so one solves for it algebraically.

## Definite integrals and applications
Integration by parts is also used for:
- area under inverse trig functions, such as \(\int_0^1 \arctan x\,dx\),
- volumes by shell method, e.g. integrating \(x e^{-x}\),
- some physics and geometry problems.

## Reduction formulas
The chapter also notes recursive formulas that reduce powers:
- \(\int x^n e^x\,dx\)
- \(\int x^n \cos x\,dx\)
- \(\int x^n \sin x\,dx\)

These are useful when a power must be lowered repeatedly.

---

# 3.2 Trigonometric Integrals

## Core Idea
This section develops methods for integrating products and powers of trig functions. These integrals appear constantly in calculus, physics, and later coordinate systems.

The main categories are:

- powers/products of \(\sin x\) and \(\cos x\),
- powers/products of \(\tan x\) and \(\sec x\),
- mixed-frequency trig products like \(\sin(ax)\cos(bx)\).

---

## A. Integrals involving powers of \(\sin x\) and \(\cos x\)

The strategy depends on whether the powers are odd or even.

### If one power is odd:
- Save one factor of that trig function.
- Convert the rest using the identity:
  \[
  \sin^2x = 1-\cos^2x,\qquad \cos^2x = 1-\sin^2x
  \]
- Then use \(u\)-substitution.

Example patterns:
- \(\int \cos^3x\sin x\,dx\)
- \(\int \cos^8x\sin^5x\,dx\)

### If both powers are even:
Use the **power-reduction identities**:

\[
\sin^2x=\frac12(1-\cos 2x),\qquad \cos^2x=\frac12(1+\cos 2x)
\]

This converts the integral into a sum of simpler trig integrals.

---

## B. Integrals involving powers of \(\tan x\) and \(\sec x\)

Useful base derivatives:
- \(\frac{d}{dx}(\tan x)=\sec^2x\)
- \(\frac{d}{dx}(\sec x)=\sec x\tan x\)

### Common strategies:
- If the power of \(\sec x\) is even, save a \(\sec^2x\) and use \(u=\tan x\).
- If the power of \(\tan x\) is odd, save a \(\sec x\tan x\) and use \(u=\sec x\).
- If only odd powers of \(\tan x\) appear, rewrite one \(\tan^2x\) as \(\sec^2x-1\).
- Odd powers of \(\sec x\) often require integration by parts, e.g.:
  \[
  \int \sec^3x\,dx
  \]

This leads to the classic reduction formula for \(\int \sec^n x\,dx\).

---

## C. Products of different trig frequencies
The chapter gives product-to-sum formulas such as:

\[
\sin(ax)\cos(bx)=\frac12[\sin((a-b)x)+\sin((a+b)x)]
\]

\[
\cos(ax)\cos(bx)=\frac12[\cos((a-b)x)+\cos((a+b)x)]
\]

These are especially important in:
- Fourier series,
- signal processing,
- oscillation models,
- quantum mechanics.

---

# 3.3 Trigonometric Substitution

## Core Idea
This method is used for integrals involving square roots of quadratic expressions, especially:

- \(\sqrt{a^2-x^2}\)
- \(\sqrt{a^2+x^2}\)
- \(\sqrt{x^2-a^2}\)

The substitution transforms algebraic radicals into trig expressions that can be simplified using identities.

---

## A. For \(\sqrt{a^2-x^2}\)
Use:

\[
x=a\sin\theta,\qquad dx=a\cos\theta\,d\theta
\]

because:

\[
a^2-x^2=a^2(1-\sin^2\theta)=a^2\cos^2\theta
\]

Typically \(\theta\in[-\pi/2,\pi/2]\), so \(\cos\theta\ge0\).

---

## B. For \(\sqrt{a^2+x^2}\)
Use:

\[
x=a\tan\theta,\qquad dx=a\sec^2\theta\,d\theta
\]

because:

\[
a^2+x^2=a^2(1+\tan^2\theta)=a^2\sec^2\theta
\]

---

## C. For \(\sqrt{x^2-a^2}\)
Use:

\[
x=a\sec\theta,\qquad dx=a\sec\theta\tan\theta\,d\theta
\]

because:

\[
x^2-a^2=a^2(\sec^2\theta-1)=a^2\tan^2\theta
\]

Care is needed with domains because \(\sec\theta\) and \(\tan\theta\) can change sign.

---

## Key themes in the examples
- After substitution, the radical disappears and the problem becomes a trig integral.
- After evaluating, you must convert back to \(x\), often using a **reference triangle**.
- The text emphasizes that different substitutions may lead to equivalent answers, even if they look very different.

Examples include:
- \(\int \sqrt{9-x^2}\,dx\)
- \(\int \frac{dx}{1+x^2}\)
- arc length integrals involving \(\sqrt{1+x^2}\)
- volumes and areas with expressions like \(\sqrt{x^2-9}\)

A major conceptual point: sometimes trigonometric substitution is not the only option, and a simpler algebraic substitution may be better. Good judgment matters.

---

# 3.4 Partial Fractions

## Core Idea
Partial fraction decomposition is the standard method for integrating **rational functions**:

\[
\frac{P(x)}{Q(x)}
\]

It works when \(P\) and \(Q\) are polynomials and the denominator can be factored.

The method rewrites a complicated rational function as a sum of simpler fractions whose integrals are known.

---

## First requirement: proper rational function
You must have:

\[
\deg(P)<\deg(Q)
\]

If not, perform **long division** first.

---

## Decomposition patterns
The form of the decomposition depends on the factors of the denominator.

### 1. Distinct linear factors
If:

\[
Q(x)=(a_1x+b_1)(a_2x+b_2)\cdots
\]

then the decomposition has one constant numerator over each factor.

### 2. Repeated linear factors
If:

\[
(ax+b)^n
\]

appears, then the decomposition includes all powers:

\[
\frac{A_1}{ax+b}+\frac{A_2}{(ax+b)^2}+\cdots+\frac{A_n}{(ax+b)^n}
\]

### 3. Irreducible quadratic factors
If the denominator contains:

\[
ax^2+bx+c
\quad\text{with }b^2-4ac<0
\]

then the numerator must be linear:

\[
\frac{Ax+B}{ax^2+bx+c}
\]

### 4. Repeated irreducible quadratics
Use linear numerators over each power of the quadratic factor.

---

## Methods for finding coefficients
The text discusses:
- **equating coefficients**
- **strategic substitution**

Strategic substitution is often faster when certain values zero out terms.

---

## Important applications
The method is used for:
- integrating rational functions directly,
- integrating rational functions after substitution,
- volumes by shell method,
- area problems,
- differential equations later in the course.

Examples include:
- \(\int \frac{3x+2}{x(x-2)(x+1)}\,dx\)
- \(\int \frac{x+1}{(x+3)^3(x-4)^2}\,dx\) setup
- integrals with quadratics such as \(\int \frac{2x-3}{x^3+x}\,dx\)

---

# 3.5 Other Strategies for Integration

This section is a practical reminder that not every integral needs a special theorem. Two important tools are emphasized:

## 1. Tables of integrals
These are useful when the integrand matches a known formula or can be transformed into one.

## 2. Computer Algebra Systems (CAS)
CAS tools like Wolfram Alpha, calculators, or software can:
- evaluate integrals,
- check work,
- return antiderivatives in alternate but equivalent forms.

The section stresses an important idea: **different antiderivatives may look different but still differ only by a constant**, so they are equivalent.

Examples compare CAS outputs with hand-derived answers for:
- \(\int \frac{dx}{1+x^2}\)
- \(\int \sin^3x\,dx\)

This section also reinforces that many integration problems become simpler after:
- a substitution,
- completing the square,
- rewriting to match a table entry.

---

# 3.6 Numerical Integration

## Why numerical methods?
Some definite integrals:
- have no elementary antiderivative,
- are difficult to evaluate exactly,
- or are only needed approximately.

So we estimate them numerically.

---

## A. Midpoint Rule
Approximate the integral by rectangles whose heights are given at subinterval midpoints.

For \(n\) equal subintervals:

\[
M_n=\sum_{i=1}^n f(m_i)\Delta x
\]

The midpoint rule often gives better accuracy than left/right sums because it balances over- and underestimation.

---

## B. Trapezoidal Rule
Approximate the curve by line segments, producing trapezoids.

\[
T_n=\frac{\Delta x}{2}\big(f(x_0)+2f(x_1)+\cdots+2f(x_{n-1})+f(x_n)\big)
\]

This is also the average of the left and right Riemann sums:

\[
T_n=\frac{L_n+R_n}{2}
\]

### Accuracy behavior
- Trapezoidal rule tends to overestimate if the function is concave up.
- It tends to underestimate if the function is concave down.
- Midpoint rule usually performs better overall.

---

## C. Error and relative error
The text defines:
- **absolute error**: \(|A-B|\)
- **relative error**: \(|A-B|/|A|\)

These are used to measure how close numerical approximations are to the true value.

---

## D. Error bounds
If \(f''\) is bounded by \(M\), then:

\[
\text{Error in }M_n \le \frac{M(b-a)^3}{24n^2}
\]

\[
\text{Error in }T_n \le \frac{M(b-a)^3}{12n^2}
\]

These bounds are crucial because we often do not know the true integral value.

The text demonstrates how to choose \(n\) large enough to guarantee a desired accuracy.

---

## E. Simpson’s Rule
Simpson’s rule approximates the curve by piecewise parabolas and is usually more accurate than midpoint or trapezoidal rules.

For even \(n\):

\[
S_n=\frac{\Delta x}{3}\big(f(x_0)+4f(x_1)+2f(x_2)+4f(x_3)+\cdots+4f(x_{n-1})+f(x_n)\big)
\]

A striking fact:
\[
S_{2n}=\frac{2}{3}M_n+\frac{1}{3}T_n
\]

### Error bound
If \(f^{(4)}\) is bounded by \(M\), then:

\[
\text{Error in }S_n \le \frac{M(b-a)^5}{180n^4}
\]

Simpson’s rule is especially powerful because its error decreases like \(n^{-4}\), much faster than the other two methods.

---

# 3.7 Improper Integrals

## Core Idea
Improper integrals arise when:
1. the interval is infinite, or
2. the integrand has a vertical asymptote/infinite discontinuity.

These integrals are defined by **limits**.

---

## A. Infinite intervals
For example:

\[
\int_a^\infty f(x)\,dx = \lim_{t\to\infty}\int_a^t f(x)\,dx
\]

Similarly for \((-\infty,b]\), and for \((-\infty,\infty)\) the integral is split into two pieces.

The key question is whether the limit exists:
- if yes, the integral **converges**
- if not, it **diverges**

---

## B. Infinite area can differ from finite volume
A classic result discussed is **Gabriel’s Horn**:

- The area under \(y=\frac1x\) from \(1\) to \(\infty\) is infinite.
- But the volume formed by revolving it about the \(x\)-axis is finite.

This is a powerful reminder that area and volume behave differently under decay.

---

## C. Discontinuous integrands
If a function blows up at an endpoint or inside the interval, define the integral using one-sided limits.

Examples include:
- \(\int_0^4 \frac{1}{\sqrt{4-x}}\,dx\)
- \(\int_0^2 x\ln x\,dx\)
- \(\int_{-1}^1 \frac{1}{x^3}\,dx\)

The last one diverges because the singularity at \(x=0\) is too strong.

---

## D. Comparison Theorem
Sometimes evaluating an improper integral directly is difficult, so we compare it with a simpler one.

If \(0\le f(x)\le g(x)\), then:
- if \(\int g\) converges, then \(\int f\) converges,
- if \(\int f\) diverges, then \(\int g\) diverges.

This is especially useful for:
- \(1/x^p\) type behavior,
- exponential decay,
- rational asymptotics.

Examples:
- \(\int_1^\infty \frac{1}{x e^x}\,dx\) converges by comparison with \(e^{-x}\)
- \(\int_1^\infty \frac{1}{x^p}\,dx\) diverges when \(p<1\)

---

# Special Application: Traffic Accidents and Probability

The chapter opener is revisited using an exponential distribution model:

\[
P(X>a)=\int_a^\infty \lambda e^{-\lambda x}\,dx
\]

where \(\lambda\) is the accident rate.

With an average of one accident every 3 months:

\[
\lambda=\frac13
\]

So the probability of no accident for 10 months is very small, supporting the conclusion that the signal changes were likely effective.

This is a nice example of how improper integrals connect calculus to probability and decision-making.

---

# Laplace Transform Project

The chapter closes with an introduction to the Laplace transform, which is defined by:

\[
\mathcal{L}\{f(t)\}=F(s)=\int_0^\infty e^{-st}f(t)\,dt
\]

This is an improper integral and an important bridge between calculus and differential equations.

Key facts introduced:
- \(\mathcal{L}\{1\} = 1/s\)
- \(\mathcal{L}\{t\} = 1/s^2\)
- \(\mathcal{L}\{e^{-3t}\}=1/(s+3)\)
- \(\mathcal{L}\{t^2\}=2/s^3\)

The text also shows that:
- differentiation in time corresponds to algebraic manipulation in \(s\)-space,
- integration in time corresponds to division by \(s\).

This is a major conceptual advance, preparing students for differential equations and applications in engineering and physics.

---

# Overall Takeaways for Students

This chapter is really about **strategy**. The main lesson is not simply memorizing formulas, but learning how to recognize structure:

- product of unlike functions → **integration by parts**
- trig powers/products → **trig identities and substitutions**
- radicals with quadratics → **trig substitution**
- rational functions → **partial fractions**
- no exact antiderivative needed → **numerical integration**
- infinite intervals or singularities → **improper integrals and limits**

A strong calculus student should learn to ask:
1. What kind of functions are present?
2. Is there a hidden substitution?
3. Is the integral proper or improper?
4. Is exact evaluation possible, or should I approximate?
5. Which method simplifies the structure most efficiently?

That problem-recognition skill is the real goal of the chapter.

If you want, I can also turn this into:
- a **shorter study guide**,  
- a **section-by-section outline**, or  
- a **formula sheet with key methods and when to use them**.",,,1.0,,azure
Persona_Pattern,calculus_volume_2_3,"Here is a comprehensive expert summary of the chapter content, written for students who want a deep understanding of the ideas, methods, and applications.

---

# Chapter 4 Summary: Differential Equations

This chapter introduces **differential equations** as mathematical models for change and develops the foundational techniques used to analyze and solve them. The central idea is that many natural processes are best described not by a single formula, but by an equation relating an unknown function to one or more of its derivatives.

## Big-picture purpose

Differential equations are used to model:

- population growth
- radioactive decay
- motion under gravity
- predator-prey interactions
- spring-mass systems
- cooling and heating processes
- mixtures and concentrations
- electrical circuits

The chapter emphasizes both:

1. **Modeling real-world behavior**
2. **Learning solution methods**

---

# 4.1 Basics of Differential Equations

This section establishes the language and basic structure of differential equations.

## What a differential equation is

A differential equation is an equation involving:

- an unknown function, usually \(y=f(x)\) or \(P(t)\), \(T(t)\), etc.
- one or more derivatives of that function

For example,
\[
y' = 3x^2
\]
is a differential equation because it asks for a function whose derivative equals \(3x^2\).

A **solution** is any function that satisfies the equation when substituted in.

### Example idea
If
\[
y=x^3,
\]
then \(y'=3x^2\), so it is a solution.

## Non-uniqueness of solutions

Solutions are often not unique because constants disappear under differentiation. For example,
\[
y=x^2+C
\]
all satisfy \(y'=2x\).

This leads to two important notions:

- **general solution**: a family of solutions containing an arbitrary constant
- **particular solution**: one specific member of that family

## Order of a differential equation

The **order** is the highest derivative appearing in the equation.

Examples:

- \(y' - 4y = x^2 - 3x + 4\) is **1st order**
- \(y''' - 3y'' + 2y' = \sin x\) is **3rd order**
- \(y^{(4)} - 6x^2y'' + 12x^4y = \cdots\) is **4th order**

The order determines how many initial conditions are needed.

## Initial-value problems

A differential equation plus initial condition(s) forms an **initial-value problem (IVP)**.

- First-order equation → one initial value
- Second-order equation → two initial values, etc.

Example:
\[
y' + 2y = 3e^t,\qquad y(0)=3
\]

The initial condition selects one specific solution from the family.

## Physical modeling example: gravity

The chapter introduces a basic motion model using Newton’s second law:
\[
F = ma
\]
Since acceleration is \(v'(t)\), a falling object under gravity alone satisfies
\[
v'(t) = -g
\]
with \(g \approx 9.8\,\text{m/s}^2\).

This leads to linear velocity functions like
\[
v(t) = -9.8t + v_0
\]

Then position is found by integrating velocity:
\[
s'(t)=v(t)
\]

### Important physical insight
The mass cancels out if gravity is the only force. This is a key modeling result: in ideal free fall, acceleration does not depend on mass.

---

# 4.2 Direction Fields and Numerical Methods

This section focuses on understanding differential equations geometrically and approximately.

## Direction fields (slope fields)

A **direction field** is a visual representation of a differential equation of the form
\[
y' = f(x,y).
\]

At each point \((x,y)\), a short segment is drawn with slope \(f(x,y)\).

This helps students:

- visualize solution behavior
- sketch solution curves
- understand qualitative features without solving exactly

## Solution curves

A **solution curve** is a graph of an actual solution passing through a given point.

Direction fields show how curves should flow.

## Equilibrium solutions

An **equilibrium solution** is a constant solution \(y=c\).

To find them, set the right-hand side equal to zero and solve for constant values.

Example:
\[
y' = (x-3)(y^2-4)
\]
has equilibrium solutions
\[
y=\pm 2
\]

These are especially important in autonomous equations and in population models.

## Stability

Equilibria can be:

- **stable**: nearby solutions move toward the equilibrium
- **unstable**: nearby solutions move away
- **semi-stable**: one-sided attraction/repulsion

Stability is determined from the direction field and long-term behavior.

## Euler’s Method

When exact solutions are hard to find, Euler’s Method gives a numerical approximation.

For
\[
y' = f(x,y), \qquad y(x_0)=y_0,
\]
Euler’s Method uses
\[
y_{n+1}=y_n + hf(x_n,y_n), \qquad x_{n+1}=x_n+h
\]

where \(h\) is the step size.

### Key ideas:
- Smaller \(h\) gives better accuracy
- Larger \(h\) gives fewer computations but more error
- Euler’s Method uses tangent lines to step forward

This section also shows how numerical approximation can be used in:
- growth models
- cooling models
- projectile motion
- epidemic models

---

# 4.3 Separable Equations

This section introduces a major exact solution technique.

## Definition

A differential equation is **separable** if it can be written as
\[
y' = f(x)g(y).
\]

The goal is to isolate all \(y\)-terms on one side and all \(x\)-terms on the other:
\[
\frac{dy}{g(y)} = f(x)\,dx
\]

Then integrate both sides.

## Standard solution strategy

1. Find constant solutions by setting \(g(y)=0\)
2. Separate variables
3. Integrate both sides
4. Solve for \(y\) if possible
5. Use initial conditions to determine constants

## Common example type

If
\[
y'=(x^2-4)(3y+2),
\]
then
\[
\frac{dy}{3y+2} = (x^2-4)\,dx
\]
and integration gives a logarithmic solution.

## Implicit vs explicit solutions

Sometimes the solution can be written explicitly as \(y=\dots\), but often only an **implicit form** is possible.

That is still a valid solution.

## Applications

### 1. Mixing problems
A tank with inflow and outflow can be modeled by:
\[
\frac{du}{dt} = \text{inflow} - \text{outflow}
\]

Here:
- \(u(t)\) = amount of salt or nutrient
- inflow depends on concentration of incoming fluid
- outflow depends on concentration inside the tank

These problems often lead to equations like
\[
\frac{du}{dt} = a - bu
\]
whose solutions approach a steady limiting amount.

### 2. Newton’s law of cooling
The temperature of an object changes according to
\[
\frac{dT}{dt}=k(T-T_s)
\]
where:
- \(T(t)\) is object temperature
- \(T_s\) is ambient temperature
- \(k\) is a constant

This models cooling or heating toward room temperature.

Key features:

- If \(T > T_s\), the object cools
- If \(T < T_s\), the object warms
- The solution approaches the ambient temperature asymptotically

### 3. Compound contexts
The section also applies separable equations to:
- drug concentration
- draining tanks
- biological decay
- Torricelli’s law
- leaf litter accumulation/decomposition

---

# 4.4 The Logistic Equation

This is one of the most important applied models in the chapter.

## Motivation

Exponential growth is unrealistic indefinitely because resources are limited.

The logistic model corrects this by introducing a **carrying capacity** \(K\), the maximum population the environment can sustain.

## Logistic differential equation
\[
\frac{dP}{dt} = rP\left(1-\frac{P}{K}\right)
\]

where:
- \(P(t)\) = population
- \(r\) = growth rate
- \(K\) = carrying capacity

## Interpretation

- If \(P\) is small relative to \(K\), growth is approximately exponential
- As \(P\) increases, growth slows
- If \(P=K\), growth stops
- If \(P>K\), the population decreases toward \(K\)

## Phase-line behavior

The chapter uses phase-line reasoning to show:

- \(P=0\) is an equilibrium
- \(P=K\) is also an equilibrium
- \(P=K\) is usually stable for positive \(r\)

## Exact solution

The logistic IVP with initial population \(P_0\) has solution
\[
P(t)=\frac{P_0Ke^{rt}}{(K-P_0)+P_0e^{rt}}
\]

This formula is central.

## Growth curve properties

Logistic curves are S-shaped:

- slow initial growth
- rapid middle growth
- leveling off near \(K\)

The inflection point occurs when the growth rate is maximal, which happens at
\[
P=\frac{K}{2}
\]
for the basic logistic equation.

## Threshold logistic model

The chapter also introduces a modified model with a **threshold population** \(T\):
\[
P'(t)=rP\left(1-\frac{P}{K}\right)\left(1-\frac{T}{P}\right)
\]
or equivalent forms.

This adds a survival threshold:

- below \(T\), the population tends toward extinction
- above \(T\), the population can grow toward \(K\)

This is useful in conservation biology.

## Gompertz equation

A more flexible population model is the **Gompertz equation**, often used in tumor growth:
\[
P'=\alpha \ln\!\left(\frac{K}{P}\right)P
\]

This also has a saturation effect, but its growth pattern differs from logistic growth.

## Data fitting and model comparison

The chapter uses real population data, such as:
- deer in Kentucky
- whooping cranes
- rabbits
- bacteria

Students are asked to:

- estimate parameters
- fit models to data
- compare logistic, threshold logistic, and Gompertz growth
- interpret predictions against real observations

---

# 4.5 First-Order Linear Equations

This section develops the integrating factor method.

## Definition

A first-order linear differential equation has the form
\[
a(x)y' + b(x)y = c(x)
\]
or, after dividing by \(a(x)\),
\[
y' + p(x)y = q(x)
\]

This is the standard form.

## Why “linear”?

The unknown function \(y\) and its derivative appear only to the first power and are not multiplied together or inside nonlinear functions.

Examples:
- linear: \(y' + 4y = 3x\)
- nonlinear: \((y')^2 + y = x\)

## Integrating factor method

The key idea is to multiply the equation by a function \(\mu(x)\) so the left-hand side becomes a product derivative:
\[
\frac{d}{dx}[\mu(x)y] = \mu(x)q(x)
\]

The integrating factor is
\[
\mu(x)=e^{\int p(x)\,dx}
\]

Then:

1. Put equation in standard form
2. Find \(\mu(x)\)
3. Multiply through by \(\mu(x)\)
4. Recognize the product rule
5. Integrate both sides
6. Apply initial condition if given

## Why the method works

The method is based on the product rule:
\[
(\mu y)' = \mu y' + \mu' y
\]
and choosing \(\mu\) so that
\[
\mu' = p(x)\mu
\]

## Important examples

### General first-order linear equations
These include models such as:
- cooling with forcing
- RC and RL circuits
- motion with air resistance

### Air resistance
A moving object under gravity with linear drag satisfies
\[
m\frac{dv}{dt} = -kv - mg
\]
which leads to a first-order linear equation for velocity.

The solution approaches a **terminal velocity**, showing that drag balances gravity over time.

### Electrical circuits
Using Kirchhoff’s law:

- **RL circuit**:
\[
Li' + Ri = E(t)
\]

- **RC circuit**:
\[
Rq' + \frac{1}{C}q = E(t)
\]

These are solved using the same integrating factor method.

The solutions often include:
- a transient term that decays exponentially
- a steady-state term determined by the forcing function

---

# Main themes across the chapter

## 1. Modeling change
Differential equations express laws of change in physics, biology, chemistry, engineering, and medicine.

## 2. Exact and approximate methods
Students learn:
- direct verification
- separation of variables
- integrating factors
- numerical approximation with Euler’s Method
- visual analysis with direction fields

## 3. Initial conditions matter
A differential equation alone gives a family of solutions. An initial condition chooses the physically relevant one.

## 4. Equilibrium and long-term behavior
Many applications are less about exact formulas and more about understanding:
- stability
- limiting behavior
- carrying capacity
- terminal values
- asymptotes

## 5. Interpreting solutions
A correct solution is not just algebraically valid—it must also make sense in context:
- units must be consistent
- signs matter
- initial conditions should be satisfied
- the model should fit the physical situation

---

# What students should master from this chapter

Students should be able to:

- identify the order of a differential equation
- verify whether a function is a solution
- distinguish general vs. particular solutions
- solve initial-value problems
- sketch and interpret direction fields
- recognize equilibrium solutions and determine stability
- apply Euler’s Method
- solve separable equations
- model and solve mixing and cooling problems
- understand and solve logistic equations
- use integrating factors for first-order linear equations
- apply differential equations to motion and circuits

---

If you want, I can also turn this into:
1. a **shorter exam-review summary**,  
2. a **section-by-section study guide**, or  
3. a **formula sheet with key equations and interpretations**.",,,1.0,,azure
Persona_Pattern,calculus_volume_2_4,"Below is a comprehensive expert-level summary of the material, organized the way a strong Calculus II student should understand it.

---

# Chapter 5 Overview: Sequences and Series

This chapter develops the language and tools needed to study **infinite processes**—first **sequences**, then **infinite series**. The central theme is that objects with infinitely many terms can still behave in controlled, meaningful ways: they may converge to a finite number, diverge, or exhibit subtle oscillatory behavior.

A major motivation comes from the **Koch snowflake**, a fractal built by repeated iteration. Its perimeter grows without bound, yet its area remains finite. This is one of the most important conceptual takeaways of the chapter: **infinite sums can converge even when they contain infinitely many nonzero terms**, and geometry can reflect that.

The chapter also shows how infinite series are not just abstract objects. They are used to:
- approximate functions,
- compute difficult integrals,
- model physical systems,
- solve differential equations,
- analyze numerical algorithms,
- and describe fractals and recursive processes.

---

# 5.1 Sequences

## Core idea
A **sequence** is an ordered list of numbers:
\[
a_1, a_2, a_3, \dots, a_n, \dots
\]
Unlike a set, order matters. A sequence can also be viewed as a function whose domain is the positive integers.

## Terminology
- **Term**: each value in the sequence.
- **Index variable**: usually \(n\).
- **Graph of a sequence**: the set of points \((n,a_n)\).

## Ways to define sequences

### 1. Explicit formula
A formula that gives \(a_n\) directly in terms of \(n\).
Example:
\[
a_n = 2^n
\]

### 2. Recursive formula
A formula that gives each term from earlier terms.
Example:
\[
a_1 = 2,\quad a_n = 2a_{n-1}\quad (n\ge 2)
\]

Both descriptions can define the same sequence, but they serve different purposes.

---

## Special types of sequences

### Arithmetic sequences
A sequence with constant difference between consecutive terms.

General form:
\[
a_n = c n + b
\]

Example:
\[
3,7,11,15,\dots
\]
has common difference \(4\), so
\[
a_n = 4n-1
\]

### Geometric sequences
A sequence with constant ratio between consecutive terms.

General form:
\[
a_n = c r^{n-1}
\]

Example:
\[
2,-\frac23,\frac29,-\frac{2}{27},\dots
\]
has ratio \(-\frac13\), so
\[
a_n = 2\left(-\frac13\right)^{n-1}
\]

---

## Finding explicit formulas
The section emphasizes recognizing patterns from:
- alternating signs,
- arithmetic numerator/denominator patterns,
- geometric growth,
- recursive rules that telescope into closed forms.

Examples include formulas like:
\[
a_n = (-1)^n\frac{n}{n+1},\qquad a_n = \frac{3^n}{3n+1}
\]
and recursive sequences such as:
\[
a_n = -3a_{n-1}
\quad\Rightarrow\quad
a_n = 2(-3)^{n-1}
\]
or
\[
a_n = a_{n-1}+\left(\frac12\right)^n
\quad\Rightarrow\quad
a_n = 1-\left(\frac12\right)^n
\]

---

## Limits of sequences
A sequence may:
1. converge to a finite limit,
2. diverge to \(+\infty\) or \(-\infty\),
3. oscillate and fail to settle,
4. oscillate but still converge.

Examples:
- \(1+3n \to \infty\)
- \(1-(1/2)^n \to 1\)
- \((-1)^n\) diverges by oscillation
- \(\frac{(-1)^n}{n}\to 0\)

### Definition of convergence
A sequence \(\{a_n\}\) converges to \(L\) if for every \(\varepsilon>0\), eventually
\[
|a_n-L|<\varepsilon
\]
This is the precise \(\varepsilon\)-\(N\) definition.

---

## Important facts about limits

### Algebraic limit laws
If \(a_n\to A\) and \(b_n\to B\), then:
- \(c a_n \to cA\)
- \(a_n\pm b_n \to A\pm B\)
- \(a_n b_n \to AB\)
- \(\frac{a_n}{b_n}\to \frac{A}{B}\) if \(B\neq 0\)

These are essential for evaluating limits of complicated sequences.

### Continuous functions preserve limits
If \(a_n\to L\) and \(f\) is continuous at \(L\), then
\[
f(a_n)\to f(L)
\]
This is often the fastest way to handle sequences like:
\[
\cos\left(\frac{3}{n^2}\right)\to \cos(0)=1
\]

### Squeeze Theorem for sequences
If
\[
a_n\le b_n\le c_n
\]
eventually, and \(a_n\to L\), \(c_n\to L\), then \(b_n\to L\).

This is useful for sequences like:
\[
\frac{\cos n}{n^2}\to 0,\qquad \left(-\frac12\right)^n\to 0
\]

---

## Boundedness and monotonicity
A sequence is:
- **bounded above** if \(a_n\le M\),
- **bounded below** if \(a_n\ge M\),
- **bounded** if both.

A sequence is:
- **increasing** if \(a_n\le a_{n+1}\),
- **decreasing** if \(a_n\ge a_{n+1}\),
- **monotone** if one of those holds eventually.

### Monotone Convergence Theorem
If a sequence is eventually monotone and bounded, then it converges.

This theorem is one of the most powerful tools in the chapter.

---

## Fibonacci numbers
The Fibonacci sequence is defined recursively:
\[
F_0=0,\quad F_1=1,\quad F_n=F_{n-1}+F_{n-2}
\]
A major result is that the ratio of successive Fibonacci numbers approaches the **golden ratio**:
\[
\varphi=\frac{1+\sqrt5}{2}
\]
This is a famous example of how recursion can produce deep limiting behavior.

---

# 5.2 Infinite Series

## Core idea
A **series** is the sum of a sequence:
\[
\sum_{n=1}^\infty a_n = a_1+a_2+a_3+\cdots
\]
This is not a finite addition process. Its meaning comes from the behavior of its **partial sums**:
\[
S_k=\sum_{n=1}^k a_n
\]
The infinite series converges if the sequence \(\{S_k\}\) converges.

---

## Key distinction
- **Sequence**: list of terms.
- **Series**: sum of terms.
- The series converges if the partial sums settle to a finite number.

---

## Geometric series
A geometric series has the form
\[
a+ar+ar^2+ar^3+\cdots
\]
and converges exactly when
\[
|r|<1
\]
In that case,
\[
\sum_{n=1}^\infty ar^{n-1}=\frac{a}{1-r}
\]

### Important cases
- If \(|r|<1\): converges
- If \(|r|\ge 1\): diverges

Geometric series are foundational because they are often the first step toward power series and function approximation.

---

## Telescoping series
A telescoping series has terms that cancel heavily in partial sums.

Typical form:
\[
\sum_{n=1}^\infty (b_n-b_{n+1})
\]
Then the \(k\)-th partial sum is:
\[
S_k=b_1-b_{k+1}
\]
So convergence depends on whether \(b_{k+1}\) has a limit.

Example:
\[
\sum_{n=1}^\infty \frac{1}{n(n+1)}
=
\sum_{n=1}^\infty \left(\frac1n-\frac1{n+1}\right)
\]
This converges to \(1\).

---

## Harmonic series
The harmonic series is:
\[
\sum_{n=1}^\infty \frac1n
\]
It diverges, even though its terms go to 0. This is one of the most important cautionary examples in Calculus II.

The text emphasizes:
- terms tending to 0 are necessary for convergence,
- but not sufficient.

The harmonic series grows very slowly, which makes it deceptively subtle.

---

## Algebraic properties of convergent series
If two series converge, then:
- their sum converges,
- their difference converges,
- scalar multiples converge.

This mirrors the algebraic laws for sequences.

---

## Applications
The section uses series to:
- compute the area of the **Koch snowflake**,
- express repeating decimals as fractions,
- and analyze recursive systems.

### Koch snowflake
The snowflake has:
- **finite area**
- **infinite perimeter**

This is an elegant example of infinite behavior being controlled differently in different geometric quantities.

The area becomes a geometric series with ratio \(4/9\), so it converges.
The perimeter multiplies by \(4/3\) each stage, so it diverges.

---

# 5.3 The Divergence and Integral Tests

## Divergence test
If
\[
\lim_{n\to\infty}a_n\ne 0
\]
or the limit does not exist, then
\[
\sum a_n
\]
diverges.

Important:
- If \(a_n\to 0\), the test says nothing.
- This test can prove divergence, but never convergence.

---

## Integral test
If \(a_n=f(n)\) where \(f\) is positive, continuous, and decreasing for large \(x\), then:
\[
\sum a_n \text{ and } \int f(x)\,dx
\]
either both converge or both diverge.

This is especially useful for:
- \(p\)-series,
- logarithmic series,
- and terms resembling rational functions.

### Example
\[
\sum \frac1{n^3}
\]
converges because
\[
\int_1^\infty \frac1{x^3}\,dx
\]
converges.

---

## \(p\)-series
A \(p\)-series is
\[
\sum_{n=1}^\infty \frac1{n^p}
\]
with the classic rule:
- converges if \(p>1\)
- diverges if \(p\le 1\)

This is one of the chapter’s most essential classification results.

---

## Remainder estimate from the integral test
If a series satisfies the integral test, then the error after \(N\) terms satisfies:
\[
\int_{N+1}^\infty f(x)\,dx < R_N < \int_N^\infty f(x)\,dx
\]
This lets students estimate how many terms are needed for a desired accuracy.

---

# 5.4 Comparison Tests

## Comparison test
Used when a series resembles a known positive series.

### Direct comparison
If \(0\le a_n\le b_n\) and \(\sum b_n\) converges, then \(\sum a_n\) converges.

If \(a_n\ge b_n\ge 0\) and \(\sum b_n\) diverges, then \(\sum a_n\) diverges.

This is ideal when the terms are simpler than the exact series but asymptotically similar.

---

## Limit comparison test
For positive terms \(a_n,b_n\), if
\[
\lim_{n\to\infty}\frac{a_n}{b_n}=L
\]
with \(0<L<\infty\), then both series behave the same:
- both converge, or
- both diverge.

This is often easier than direct comparison, especially for rational functions and asymptotic expressions.

---

## Strategy from this section
When analyzing a new series:
1. Check if it is geometric or a \(p\)-series.
2. Check if it is alternating.
3. Try comparison or limit comparison.
4. Use ratio/root if factorials or powers appear.
5. Use divergence test as a quick first check.
6. Use integral test when appropriate.

This strategy is reinforced throughout the chapter.

---

# 5.5 Alternating Series

## Definition
An alternating series changes sign term by term, typically written as:
\[
\sum_{n=1}^\infty (-1)^{n+1}b_n
\quad\text{or}\quad
\sum_{n=1}^\infty (-1)^n b_n
\]
with \(b_n>0\).

---

## Alternating Series Test
If:
1. \(b_{n+1}\le b_n\) eventually,
2. \(b_n\to 0\),

then the alternating series converges.

This test is highly important because many conditionally convergent series are alternating.

---

## Alternating harmonic series
\[
1-\frac12+\frac13-\frac14+\cdots
\]
This converges to
\[
\ln 2
\]

This is a landmark result:
- the harmonic series diverges,
- but alternating signs force enough cancellation to make the series converge.

---

## Error estimate for alternating series
If \(S\) is the true sum and \(S_N\) is the \(N\)-th partial sum, then:
\[
|S-S_N|\le b_{N+1}
\]
So the error is bounded by the next term.

This is very practical for approximating values numerically.

---

## Absolute vs. conditional convergence

### Absolute convergence
\[
\sum a_n \text{ converges absolutely if } \sum |a_n| \text{ converges}
\]

### Conditional convergence
\[
\sum a_n \text{ converges conditionally if } \sum a_n \text{ converges but } \sum |a_n| \text{ diverges}
\]

Important examples:
- \(\sum (-1)^{n+1}/n\): conditionally convergent
- \(\sum (-1)^{n+1}/n^2\): absolutely convergent

### Key theorem
Absolute convergence implies convergence.

This matters because absolutely convergent series are stable under rearrangement, while conditionally convergent ones are not.

---

## Rearrangement phenomenon
A conditionally convergent series may be rearranged to:
- converge to a different value,
- or even diverge.

This is a deep and surprising result, illustrated using the alternating harmonic series.

---

# 5.6 Ratio and Root Tests

## Ratio test
For a series \(\sum a_n\), define
\[
\rho=\lim_{n\to\infty}\left|\frac{a_{n+1}}{a_n}\right|
\]

Then:
- if \(\rho<1\), the series converges absolutely,
- if \(\rho>1\) or \(\rho=\infty\), it diverges,
- if \(\rho=1\), the test is inconclusive.

This test is especially effective for:
- factorials,
- exponentials,
- products involving \(n!\).

---

## Root test
For a series \(\sum a_n\), define
\[
\rho=\lim_{n\to\infty}\sqrt[n]{|a_n|}
\]

Then:
- if \(\rho<1\), absolute convergence,
- if \(\rho>1\) or \(\rho=\infty\), divergence,
- if \(\rho=1\), inconclusive.

This test is especially useful for terms like:
\[
a_n = b_n^n
\]
or expressions with powers of \(n\).

---

## Choosing a test
The chapter ends this section with a practical decision framework:

- **Recognizable series?** Use geometric or \(p\)-series.
- **Alternating?** Try alternating series test.
- **Comparable to known series?** Use comparison or limit comparison.
- **Factorials/exponentials?** Try ratio test.
- **Terms raised to the \(n\)-th power?** Try root test.
- **Positive decreasing function?** Try integral test.
- **Need quick rejection?** Try divergence test first.

---

# Big-picture takeaways for students

## 1. Convergence of a series is about partial sums
You never judge a series by “adding forever” informally. You study the sequence of partial sums.

## 2. Terms going to zero is necessary but not enough
The harmonic series is the classic counterexample.

## 3. Different tests suit different structures
No single method works for everything. Good problem solving in series is partly about recognizing the pattern.

## 4. Infinite sums can model real phenomena
Examples include:
- fractal geometry,
- repeated deposits or withdrawals,
- population change,
- iterative algorithms,
- and approximation of constants like \(\pi\) and \(\ln 2\).

## 5. Absolute vs. conditional convergence matters
This distinction becomes very important later in power series and Fourier-type expansions.

---

If you want, I can also turn this into:
1. a **shorter exam review sheet**,  
2. a **concept map**, or  
3. a **table of all convergence tests and when to use them**.",,,1.0,,azure
Persona_Pattern,calculus_volume_2_5,"Here is a comprehensive expert-level summary of the text, organized to help students understand the major ideas, the technical details, and why the chapter matters.

---

# Chapter 6 Summary: Power Series and Taylor Series

This chapter develops **power series** as a major tool in Calculus II, showing how they can be used to represent functions, determine convergence behavior, differentiate and integrate functions term by term, approximate values, solve differential equations, and evaluate integrals that cannot be handled by elementary methods.

The central theme is that many functions can be studied effectively as **infinite polynomials**, and that this viewpoint opens the door to powerful techniques in analysis, approximation, and applications.

---

## 1. Why Power Series Matter

The chapter opens with a practical motivation: **present value** in finance. For example, if a lottery winner can choose between a lump sum today or annual payments over time, the better choice depends on the time value of money. This requires summing discounted future payments, which naturally leads to **infinite series**.

That motivates the study of power series, because they can:

- represent functions,
- approximate functions by truncation,
- be differentiated and integrated term by term,
- help solve differential equations,
- and model real-world situations in physics, chemistry, biology, economics, and finance.

---

# 6.1 Power Series and Functions

## Definition of a Power Series

A **power series** centered at 0 has the form

\[
\sum_{n=0}^{\infty} c_n x^n
\]

More generally, a power series centered at \(a\) has the form

\[
\sum_{n=0}^{\infty} c_n (x-a)^n
\]

where the coefficients \(c_n\) are constants and the variable appears only in powers.

You can think of this as an **infinite polynomial**.

Examples include:

- \(\sum x^n\)
- \(\sum \frac{x^n}{n!}\)
- \(\sum n! x^n\)
- \(\sum \frac{(x-2)^n}{(n+1)3^n}\)

---

## Convergence of Power Series

A key fact is that a power series may converge for some values of \(x\) and diverge for others. The convergence pattern is highly structured:

For a power series centered at \(a\),

- it always converges at \(x=a\),
- it may converge only at \(x=a\),
- it may converge for all real \(x\),
- or it may converge on an interval \((a-R, a+R)\), possibly including one or both endpoints.

This leads to:

## Radius of Convergence

If a power series converges whenever \(|x-a|<R\) and diverges whenever \(|x-a|>R\), then \(R\) is the **radius of convergence**.

Special cases:

- \(R=0\): converges only at the center
- \(R=\infty\): converges for all real numbers

## Interval of Convergence

The **interval of convergence** is the set of all \(x\)-values where the series converges. The endpoints must be tested separately, because the ratio test is inconclusive there.

---

## How the Ratio Test Is Used

In practice, the **ratio test** is the main tool for determining convergence of power series. Typical results from the examples:

1. \(\sum \frac{x^n}{n!}\) converges for all \(x\), so \(R=\infty\)
2. \(\sum n!x^n\) converges only at \(x=0\), so \(R=0\)
3. \(\sum \frac{(x-2)^n}{(n+1)3^n}\) has radius \(R=3\), but the endpoints must be checked separately; in the example the interval is \([-1,5)\)

Students should understand that the radius comes from the growth rate of coefficients, while endpoint behavior often requires special tests such as the alternating series test or direct comparison with harmonic-type series.

---

## Representing Functions with Power Series

The chapter shows that some familiar functions can be written as power series using the geometric series:

\[
\frac{1}{1-x}=\sum_{n=0}^{\infty} x^n \qquad (|x|<1)
\]

This is the prototype for many later power series representations.

Examples include:

- \(\frac{1}{1+x^3} = 1 - x^3 + x^6 - x^9 + \cdots\) for \(|x|<1\)
- \(\frac{x^2}{4-x^2} = \frac{x^2}{4}\sum_{n=0}^{\infty}\left(\frac{x^2}{4}\right)^n\), valid for \(|x|<2\)

The important method is:

1. rewrite the function into a geometric-series form,
2. substitute into the known geometric series,
3. determine the interval of convergence.

---

## Graphical Interpretation

The text emphasizes that partial sums of a power series are polynomials that approximate the original function better and better as more terms are included. This is shown graphically for functions like

\[
f(x)=\frac{1}{1-x}, \qquad f(x)=\frac{1}{1-x^2}
\]

Students should note:

- near the center, partial sums become excellent approximations,
- closer to the endpoints of convergence, convergence may be slower,
- outside the interval of convergence, the partial sums do not approximate the function correctly.

---

## Applications to Finance: Present Value

A major applied example uses power series to determine the value today of future payments.

For payments of \(C\) dollars per year for \(n\) years at annual interest rate \(r\), the present value is

\[
P = \frac{C}{1+r} + \frac{C}{(1+r)^2} + \cdots + \frac{C}{(1+r)^n}
\]

For perpetual payments, this becomes an infinite geometric series, and the present value is

\[
P = \frac{C}{r}
\]

This explains why a perpetual payment of \$1 million annually at 5% interest has present value

\[
\frac{1,000,000}{0.05}=20,000,000
\]

So the chapter opener concludes that:

- \$20 million lump sum today
- or \$1 million per year forever

have the same present value at 5%.

---

# 6.2 Properties of Power Series

This section explains how to manipulate power series algebraically.

## Addition and Subtraction

If two power series converge on a common interval \(I\), then their sum and difference also converge on \(I\), with coefficients added term by term.

## Multiplication by Constants or Powers of \(x\)

You can multiply a power series by:

- a constant,
- \(x^m\),
- or substitute expressions like \(x^m\) into the variable.

This allows construction of new series from known ones.

## Composition/Substitution

If a known power series converges for a certain range of inputs, then substituting a new expression into the variable gives a new series, as long as that substituted expression stays inside the original interval of convergence.

---

## Example: Building New Series from the Geometric Series

From

\[
\frac{1}{1-x}=\sum_{n=0}^{\infty}x^n
\]

the chapter builds series for functions such as

- \(\frac{3x}{1+x^2} = 3x\sum_{n=0}^{\infty}(-x^2)^n\)
- \(\frac{1}{(x-1)(x-3)}\) via partial fractions and geometric series

This shows a standard strategy:

1. decompose rational functions into partial fractions,
2. rewrite each term as a geometric series,
3. combine the results.

---

## Cauchy Product / Multiplication of Two Power Series

If

\[
\sum c_n x^n \quad \text{and} \quad \sum d_n x^n
\]

converge on a common interval, then their product is another power series whose coefficients are given by the **Cauchy product**:

\[
e_n=\sum_{k=0}^{n} c_k d_{n-k}
\]

This is the power-series analogue of polynomial multiplication.

An example multiplies

\[
\frac{1}{1-x} \cdot \frac{1}{1-x^2}
\]

to obtain a new power series representation.

---

## Differentiating and Integrating Power Series Term by Term

A major theorem states:

If

\[
f(x)=\sum_{n=0}^{\infty} c_n(x-a)^n
\]

converges on \((a-R,a+R)\), then:

\[
f'(x)=\sum_{n=1}^{\infty} n c_n(x-a)^{n-1}
\]

and

\[
\int f(x)\,dx = C+\sum_{n=0}^{\infty}\frac{c_n}{n+1}(x-a)^{n+1}
\]

This is one of the most important results in the chapter.

### Key caution:
The radius of convergence stays the same, but the behavior at the endpoints may change.

---

## Examples of Differentiation

From

\[
\frac{1}{1-x}=\sum_{n=0}^{\infty}x^n
\]

differentiate term by term to get

\[
\frac{1}{(1-x)^2}=\sum_{n=0}^{\infty}(n+1)x^n
\]

This gives both a power series representation and a way to evaluate sums such as

\[
\sum_{n=0}^{\infty} \frac{n+1}{4^n}
\]

---

## Examples of Integration

The chapter derives power series for:

- \(\ln(1+x)\)
- \(\tan^{-1}x\)

by integrating the geometric-series-based expressions:

\[
\frac{1}{1+x}=\sum_{n=0}^{\infty}(-1)^n x^n
\]

and

\[
\frac{1}{1+x^2}=\sum_{n=0}^{\infty}(-1)^n x^{2n}
\]

This yields:

\[
\ln(1+x)=x-\frac{x^2}{2}+\frac{x^3}{3}-\cdots
\]

valid on \((-1,1]\), and

\[
\tan^{-1}x = x-\frac{x^3}{3}+\frac{x^5}{5}-\cdots
\]

valid on \([-1,1]\).

These are central Maclaurin expansions.

---

## Uniqueness of Power Series

If two power series agree on an open interval around the center, then their coefficients must be identical.

This means:

- a function has at most one power series centered at a given point,
- if a power series represents a function, it must be that function’s Taylor series.

This uniqueness result is fundamental and is used later in differential equations and series identification.

---

# 6.3 Taylor and Maclaurin Series

This section develops the central theoretical framework of the chapter.

## Taylor Series

If a function \(f\) has derivatives of all orders at \(x=a\), then its Taylor series is

\[
\sum_{n=0}^{\infty}\frac{f^{(n)}(a)}{n!}(x-a)^n
\]

This is the power series whose coefficients are determined by the function’s derivatives at the center.

## Maclaurin Series

If \(a=0\), the Taylor series is called the **Maclaurin series**.

---

## Taylor Polynomials

The \(n\)th Taylor polynomial is the \(n\)th partial sum of the Taylor series:

\[
p_n(x)=f(a)+f'(a)(x-a)+\cdots+\frac{f^{(n)}(a)}{n!}(x-a)^n
\]

Taylor polynomials are finite approximations to the function.

Examples in the text include Taylor polynomials for:

- \(\ln x\) at \(x=1\)
- \(e^x\), \(\sin x\), and \(\cos x\) at \(x=0\)

For example, the Maclaurin series of \(e^x\) is:

\[
e^x=\sum_{n=0}^{\infty}\frac{x^n}{n!}
\]

and for \(\sin x\), \(\cos x\):

\[
\sin x=\sum_{n=0}^{\infty}\frac{(-1)^n x^{2n+1}}{(2n+1)!}, \qquad
\cos x=\sum_{n=0}^{\infty}\frac{(-1)^n x^{2n}}{(2n)!}
\]

---

## Taylor’s Theorem with Remainder

A crucial result is that for a function \(f\), the error in approximating \(f(x)\) by its \(n\)th Taylor polynomial \(p_n(x)\) is

\[
R_n(x)=f(x)-p_n(x)
\]

and

\[
R_n(x)=\frac{f^{(n+1)}(c)}{(n+1)!}(x-a)^{n+1}
\]

for some \(c\) between \(a\) and \(x\).

If \(|f^{(n+1)}(x)| \le M\) on the interval, then

\[
|R_n(x)|\le \frac{M}{(n+1)!}|x-a|^{n+1}
\]

This gives a practical error bound.

---

## Why the Remainder Matters

Taylor’s theorem lets us do two things:

1. **Bound approximation error**
2. **Prove that a Taylor series converges to the original function**

This is essential because not every formal power series necessarily equals the function it is built from.

---

## Example Applications of Error Bounds

The chapter uses Taylor polynomials to estimate values such as:

- \(11^{1/3}\) via expansion around \(x=8\)
- \(\sin(\pi/18)\)
- \(\cos(\pi/12)\)

Students should know how to:

- compute the polynomial,
- evaluate it at the desired point,
- bound the remainder using the theorem.

---

## Proving Convergence of Maclaurin Series for Common Functions

The chapter proves that the Maclaurin series for:

- \(e^x\)
- \(\sin x\)
- \(\cos x\)

converge to the functions for all real \(x\), using the remainder estimate and the fact that the derivatives are bounded in the relevant way.

This establishes that these series are not just formal expansions; they truly represent the functions globally.

---

## Uniqueness and the Irrationality of \(e\)

The text includes a classic proof that \(e\) is irrational using the Maclaurin series for \(e^x\). The idea is:

- assume \(e = r/s\) rational,
- examine the remainder after truncating the series at \(x=1\),
- multiply by a suitable factorial to produce an integer,
- show that this integer must be both nonzero and less than 1,
- contradiction.

This is a beautiful application showing that Taylor series can prove number-theoretic facts.

---

# 6.4 Working with Taylor Series

This section extends Taylor series to more advanced applications.

## Binomial Series

For any real exponent \(r\), the Maclaurin series for

\[
(1+x)^r
\]

is the **binomial series**:

\[
(1+x)^r=\sum_{n=0}^{\infty}\binom{r}{n}x^n
\]

where

\[
\binom{r}{n}=\frac{r(r-1)(r-2)\cdots(r-n+1)}{n!}
\]

This generalizes the ordinary binomial theorem for integer powers.

### Convergence:
The binomial series converges for

\[
|x|<1
\]

with endpoint behavior depending on \(r\).

---

## Example Uses of the Binomial Series

The chapter uses the binomial series to expand expressions such as:

- \((1+x)^{1/2}\)
- \((1+x)^{-1/2}\)
- \((1-x)^{1/3}\)
- \((1+x^2)^{-1/3}\)

These series are used to approximate values like \(\sqrt{1.5}\), \(\sqrt[3]{2}\), and similar quantities.

---

## Recognizing Common Taylor Series

A major table summarizes the most important Maclaurin series:

- \(\frac{1}{1-x}\)
- \(e^x\)
- \(\sin x\)
- \(\cos x\)
- \(\ln(1+x)\)
- \(\tan^{-1}x\)
- \((1+x)^r\)

This table becomes a toolkit for deriving many other expansions by substitution, differentiation, and integration.

---

## Finding Series for Derived Functions

Using known series, the chapter derives series for functions such as:

- \(\sinh x\)
- \(\cosh x\)
- \(\frac{1}{(1+x)^{3/2}}\)
- \(\sin(x^2)\)
- \(e^{x^3}\)
- \(\cos^2 x\)
- \(\sin^2 x\)

The technique is to substitute or combine known expansions.

---

## Solving Differential Equations with Power Series

One of the major applications is solving ODEs when elementary methods are difficult or impossible.

### Example:
For

\[
y' = y, \qquad y(0)=3
\]

assume a solution of the form

\[
y=\sum_{n=0}^{\infty} c_n x^n
\]

and match coefficients after differentiating. This yields

\[
y=3e^x
\]

The power series method generalizes to more complicated equations like:

- Airy’s equation \(y''-xy=0\)
- \(y''+x^2 y=0\)

In such cases, the coefficients satisfy recurrence relations, and the solution is expressed as a power series determined by the initial conditions.

Students should understand that this method is especially valuable when the differential equation has no elementary closed-form solution.

---

## Evaluating Nonelementary Integrals

Power series are also used to evaluate integrals with no elementary antiderivative, such as:

\[
\int e^{-x^2}\,dx
\]

The idea is:

1. expand the integrand as a power series,
2. integrate term by term,
3. approximate definite integrals using truncated series.

Examples include:

- \(\int_0^1 e^{-x^2}\,dx\)
- \(\int_0^1 \cos x\,dx\)
- Gaussian probability integrals
- Fresnel integrals
- pendulum period integrals

This is one of the most important practical applications of Taylor series in mathematical modeling and physics.

---

## Probability and the Normal Distribution

The chapter connects power series to the normal distribution integral:

\[
\frac{1}{\sqrt{2\pi}}\int_a^b e^{-(x-\mu)^2/(2\sigma^2)}\,dx
\]

By using the Maclaurin series for \(e^{-x^2/2}\), one can approximate probabilities for standardized test scores or other normally distributed variables.

This is a real demonstration of how series methods enter statistics and probability.

---

## Pendulum Period Approximation

The period of a pendulum is given by an elliptic integral. The chapter expands the integrand using the binomial series to obtain approximations:

- small-angle approximation:
  \[
  T \approx 2\pi\sqrt{\frac{L}{g}}
  \]
- improved approximation including the angle dependence:
  \[
  T \approx 2\pi\sqrt{\frac{L}{g}}\left(1+\frac{k^2}{4}\right)
  \]

where \(k=\sin(\theta_{\max}/2)\).

This shows how Taylor series improve physical models by incorporating nonlinear effects.

---

# Big Picture Takeaways for Students

Students should leave this chapter with the following core understanding:

### 1. A power series is an infinite polynomial
It can represent functions, define new functions, or approximate values.

### 2. Convergence is central
Every power series has a radius and interval of convergence. Endpoints must be tested separately.

### 3. The geometric series is the foundation
Many series representations come from rewriting expressions in geometric-series form.

### 4. Term-by-term differentiation and integration are valid
Inside the radius of convergence, power series behave very much like polynomials.

### 5. Taylor and Maclaurin series are canonical
If a function has a power series expansion, it must be its Taylor series.

### 6. Taylor’s theorem provides error control
This makes power series useful not just formally, but quantitatively.

### 7. Power series have broad applications
They are used in:
- approximation,
- finance,
- differential equations,
- probability,
- physics,
- and nonelementary integrals.

---

# Final Chapter Message

This chapter establishes power series as one of the most versatile tools in calculus. The main conceptual leap is to treat functions as infinite polynomial-like objects, which can be manipulated algebraically, differentiated, integrated, and used to solve problems that would otherwise be inaccessible.

For students, the most important skills are:

- identifying a power series,
- finding its radius and interval of convergence,
- rewriting known functions as series,
- building new series from old ones,
- computing Taylor/Maclaurin polynomials,
- and applying remainder estimates.

Mastering these ideas provides a foundation for later study in analysis, differential equations, mathematical physics, and applied mathematics.

If you want, I can also turn this into:
1. a **shorter exam-review version**,  
2. a **concept map**, or  
3. a **section-by-section study guide with key formulas**.",,,1.0,,azure
Persona_Pattern,college_algebra_1,"Here is a comprehensive expert-level summary of the text, tailored for College Algebra students who want a detailed understanding of the material.

---

# Chapter Overview: Prerequisites for Algebra and Trigonometry

This chapter is a foundation-building review of the number system and algebraic manipulation. It prepares students for later work in algebra and trigonometry by reinforcing how numbers behave, how expressions are evaluated, and how algebraic forms are simplified, factored, and rewritten.

The chapter is organized into six major sections:

1. **Real Numbers: Algebra Essentials**
2. **Exponents and Scientific Notation**
3. **Radicals and Rational Exponents**
4. **Polynomials**
5. **Factoring Polynomials**
6. **Rational Expressions**

A central theme throughout the chapter is that algebra is not just about solving equations—it is also about recognizing structure, using properties correctly, and rewriting expressions in equivalent forms that are easier to work with.

---

# 1.1 Real Numbers: Algebra Essentials

## Main ideas
This section reviews the real number system and the fundamental rules used to simplify expressions.

### Number sets
Students should know how to classify numbers into these sets:

- **Natural numbers**: \(1,2,3,\dots\)
- **Whole numbers**: \(0,1,2,3,\dots\)
- **Integers**: negative whole numbers, zero, and positive whole numbers
- **Rational numbers**: numbers that can be written as a ratio of integers \(\frac{m}{n}\), with \(n\neq 0\)
- **Irrational numbers**: numbers that cannot be written as a ratio of integers

The text emphasizes that:

- Every natural number is rational.
- Every whole number is rational.
- Every integer is rational.
- Rational numbers have decimal forms that **terminate** or **repeat**.
- Irrational numbers have decimals that are **nonterminating and nonrepeating**.

### Real number system
All rational and irrational numbers together make up the **real numbers**. Real numbers can be placed on a number line in a one-to-one correspondence with points on that line.

### Subset relationships
The number sets are nested:

\[
N \subset W \subset I \subset Q \subset \mathbb{R}
\]

with irrational numbers forming the part of \(\mathbb{R}\) outside \(Q\).

### Order of operations
The chapter reinforces the standard order:

1. Parentheses / grouping symbols
2. Exponents and radicals
3. Multiplication and division left to right
4. Addition and subtraction left to right

This is summarized by **PEMDAS**, but students should understand that it is a procedure, not just a mnemonic.

### Properties of real numbers
The following properties are used constantly in algebra:

- **Commutative property**: order can change for addition and multiplication
- **Associative property**: grouping can change for addition and multiplication
- **Distributive property**: multiplication distributes over addition/subtraction
- **Identity properties**:
  - additive identity: \(a+0=a\)
  - multiplicative identity: \(a\cdot 1=a\)
- **Inverse properties**:
  - additive inverse: \(a+(-a)=0\)
  - multiplicative inverse: \(a\cdot \frac{1}{a}=1\), for \(a\neq 0\)

Students are shown that subtraction and division are **not** commutative or associative.

### Algebraic expressions
The section also introduces algebraic expressions and how to:

- identify constants and variables
- evaluate expressions by substitution
- simplify expressions using properties

This is foundational because later algebra relies on rewriting expressions correctly and efficiently.

---

# 1.2 Exponents and Scientific Notation

## Main ideas
This section builds fluency with exponent rules and introduces scientific notation for very large and very small quantities.

### Exponential notation
An expression like \(a^n\) means \(a\) is multiplied by itself \(n\) times.

- \(a\): base
- \(n\): exponent

### Laws of exponents
The following rules are emphasized:

#### Product rule
\[
a^m\cdot a^n=a^{m+n}
\]

#### Quotient rule
\[
\frac{a^m}{a^n}=a^{m-n}
\]

#### Power rule
\[
(a^m)^n=a^{mn}
\]

#### Zero exponent rule
\[
a^0=1 \quad (a\neq 0)
\]

#### Negative exponent rule
\[
a^{-n}=\frac{1}{a^n}
\]

These rules are not isolated facts—they are interconnected. For example, the zero and negative exponent rules arise naturally from the quotient rule.

### Powers of products and quotients
Students also learn:

\[
(ab)^n=a^n b^n
\]

and

\[
\left(\frac{a}{b}\right)^n=\frac{a^n}{b^n}
\]

These are crucial in simplifying algebraic expressions, especially when variables appear inside products or fractions.

### Scientific notation
Scientific notation is introduced as a way to write numbers in the form:

\[
a\times 10^n,\quad 1\le |a|<10
\]

- \(n>0\) for large numbers
- \(n<0\) for small numbers

Students must be able to:

- convert from standard notation to scientific notation
- convert from scientific notation to standard notation
- compute with scientific notation
- maintain proper scientific notation form after operations

### Why it matters
Scientific notation is not just a convenience—it is essential in science, technology, economics, and any context where numbers are extremely large or small.

---

# 1.3 Radicals and Rational Exponents

## Main ideas
This section connects roots, radicals, and fractional exponents.

### Square roots
The square root of a number \(a\) is the principal nonnegative number whose square is \(a\).

- \(\sqrt{25}=5\), not \(\pm 5\)
- The radical symbol denotes the **principal square root**

Students should remember:
- A square root symbol without an index means square root.
- The radicand is the quantity under the radical.

### Order of operations with radicals
Radicals are treated like grouping symbols in expressions. Operations inside the radical are evaluated before taking the root.

### Product rule for square roots
If \(a\) and \(b\) are nonnegative:

\[
\sqrt{ab}=\sqrt{a}\sqrt{b}
\]

This helps simplify square roots by factoring out perfect squares.

### Quotient rule for square roots
If \(b\neq 0\):

\[
\sqrt{\frac{a}{b}}=\frac{\sqrt{a}}{\sqrt{b}}
\]

### Adding and subtracting radicals
Radicals can be combined only when they are **like radicals**, meaning they have the same index and the same radicand after simplification.

Example idea:
- \(2\sqrt{3}+5\sqrt{3}=7\sqrt{3}\)
- But \(\sqrt{2}+\sqrt{3}\) cannot be combined further.

### Rationalizing denominators
Students learn to remove radicals from denominators:

- If the denominator is a single radical, multiply top and bottom by that radical.
- If the denominator is a binomial involving a radical, multiply by the **conjugate**.

This is important for writing final answers in conventional simplified form.

### nth roots
The chapter generalizes square roots to cube roots, fourth roots, etc.

The **principal nth root** is written \(\sqrt[n]{a}\) and is the number whose nth power equals \(a\).

### Rational exponents
Radicals and fractional exponents are two ways of writing the same idea:

\[
a^{1/n}=\sqrt[n]{a}
\]

and more generally,

\[
a^{m/n}=\left(\sqrt[n]{a}\right)^m
\]

Students must learn to move between radical and rational exponent form fluently.

### Important restriction
For even roots, the radicand must be nonnegative if working in the real numbers.

---

# 1.4 Polynomials

## Main ideas
This section introduces polynomials as structured algebraic expressions and teaches how to manipulate them.

### What is a polynomial?
A polynomial is a sum or difference of terms where variables have **nonnegative integer exponents**.

Common types:
- **Monomial**: 1 term
- **Binomial**: 2 terms
- **Trinomial**: 3 terms

### Degree and leading coefficient
For polynomials in one variable:

- **Degree** = highest exponent
- **Leading term** = term with the highest exponent
- **Leading coefficient** = coefficient of the leading term

Polynomials should usually be written in **standard form**: descending powers.

### Adding and subtracting polynomials
This is done by combining like terms.

- Like terms must have the same variables raised to the same powers.
- Subtraction is handled by distributing the negative sign.

### Multiplying polynomials
Students learn several multiplication methods:

1. **Distributive property**
2. **FOIL** for binomials
3. More general polynomial multiplication by multiplying every term in one polynomial by every term in the other

### Special products
The chapter highlights patterns worth recognizing:

#### Perfect square trinomials
\[
(a+b)^2=a^2+2ab+b^2
\]
\[
(a-b)^2=a^2-2ab+b^2
\]

#### Difference of squares
\[
(a+b)(a-b)=a^2-b^2
\]

These patterns are extremely useful because they let students expand or factor quickly.

### Several variables
All polynomial rules extend to expressions with more than one variable. Students must still:

- distribute carefully
- combine like terms only when variables and exponents match

---

# 1.5 Factoring Polynomials

## Main ideas
Factoring reverses multiplication and is one of the most important algebra skills in the chapter.

### General strategy
Students are encouraged to always check for factoring in this order:

1. **Greatest common factor (GCF)**
2. Special forms
3. Trinomial factoring
4. Grouping
5. Special products like squares and cubes

### Factoring out the GCF
The GCF is the largest factor common to all terms.

This may include:
- numerical factors
- variable factors
- both

Factoring out the GCF is often the first and most important step.

### Factoring trinomials
The section covers two main cases:

#### 1. Trinomials of the form
\[
x^2+bx+c
\]
Find two numbers that multiply to \(c\) and add to \(b\).

#### 2. Trinomials of the form
\[
ax^2+bx+c
\]
Use factoring by grouping:
- find two numbers whose product is \(ac\) and sum is \(b\)
- split the middle term
- factor by grouping

### Perfect square trinomials
Recognize expressions like:

\[
a^2+2ab+b^2=(a+b)^2
\]

or

\[
a^2-2ab+b^2=(a-b)^2
\]

### Difference of squares
Recognize and factor:

\[
a^2-b^2=(a+b)(a-b)
\]

### Sum and difference of cubes
These are factored by memorized patterns:

\[
a^3+b^3=(a+b)(a^2-ab+b^2)
\]

\[
a^3-b^3=(a-b)(a^2+ab+b^2)
\]

The text uses the SOAP memory aid:
- **S**ame
- **O**pposite
- **A**lways
- **P**ositive

meaning the sign pattern in the trinomial factor is fixed.

### Fractional and negative exponents in factoring
Factoring still applies when exponents are not integers, as long as terms share a common factor with the same base. The GCF is the expression with the **lowest exponent**.

---

# 1.6 Rational Expressions

## Main ideas
This section extends fraction concepts to algebraic expressions.

### What is a rational expression?
A rational expression is a quotient of two polynomials.

Example form:
\[
\frac{P(x)}{Q(x)}
\]

### Simplifying rational expressions
The main rule is:

- **factor numerator and denominator**
- **cancel common factors**
- do **not** cancel terms unless they are factors

This is a critical distinction: students must not cancel across addition or subtraction unless the entire numerator/denominator is factored.

### Multiplying rational expressions
Multiply like ordinary fractions:

- factor everything first
- cancel common factors
- multiply remaining numerators and denominators

### Dividing rational expressions
To divide, multiply by the reciprocal of the second rational expression, then simplify.

### Adding and subtracting rational expressions
This requires a **common denominator**, usually the **least common denominator (LCD)**.

Steps:
1. Factor denominators
2. Find LCD
3. Rewrite each fraction with the LCD
4. Add or subtract numerators
5. Simplify

### Complex rational expressions
A complex rational expression contains fractions in the numerator, denominator, or both.

To simplify:
- combine numerator and denominator into single rational expressions
- rewrite as division
- multiply by the reciprocal
- simplify

This section reinforces that algebraic fractions obey the same structural rules as numerical fractions.

---

# Big-picture mathematical skills developed in this chapter

By the end of these sections, students should be able to:

- classify numbers accurately
- use the order of operations correctly
- apply properties of real numbers
- evaluate algebraic expressions and formulas
- work with exponents and scientific notation
- simplify and manipulate radicals
- identify and operate on polynomials
- factor a wide range of polynomial expressions
- simplify and operate on rational expressions

---

# Most important habits for students

1. **Always factor before simplifying fractions**
2. **Combine like terms only when the variable parts match exactly**
3. **Use properties deliberately, especially distributive and associative properties**
4. **Do not cancel terms—only cancel common factors**
5. **Write final answers in standard form or proper scientific notation when required**
6. **Check sign patterns carefully in factoring**
7. **Remember that many algebraic rules depend on domain restrictions, especially division by zero and even roots of negative numbers**

---

If you want, I can also turn this into:
- a **shorter study guide**
- a **chapter-by-chapter cheat sheet**
- or a **list of all key formulas and properties** from Sections 1.1–1.6.",,,1.0,,azure
Persona_Pattern,college_algebra_2,"Here is a comprehensive, student-focused summary of the text from a College Algebra perspective.

---

# Chapter Overview: Equations, Graphs, and Modeling

This chapter is built around one major idea: **algebra is a language for describing relationships, solving unknowns, and modeling real situations**. The opening irrigation example shows why mathematics matters in practice. Farmers and engineers use **algebra, geometry, and coordinate systems** to organize land, control water flow, estimate distances, compare costs, and optimize resources.

The chapter moves from foundational graphing tools to increasingly more advanced equation types:

- coordinate geometry and graphing
- linear equations in one variable
- real-world modeling
- complex numbers
- quadratic equations
- other equation types, including rational, radical, absolute value, and rational-exponent equations
- inequalities and interval notation

A major theme throughout is that **problem solving depends on recognizing the structure of an equation** and choosing the correct algebraic strategy.

---

# 2.1 The Rectangular Coordinate System and Graphs

## Core ideas
This section establishes the **Cartesian coordinate system**, the foundation for graphing in algebra.

### Important concepts
- The plane is formed by two perpendicular axes:
  - **x-axis**: horizontal
  - **y-axis**: vertical
- The axes intersect at the **origin**, \((0,0)\).
- The plane is divided into four **quadrants**, numbered counterclockwise.
- A point is written as an **ordered pair** \((x,y)\).

### Why ordered pairs matter
The order matters:
- first coordinate = horizontal movement from the origin
- second coordinate = vertical movement from the origin

For example, \((3,-1)\) means:
- move 3 units right
- move 1 unit down

If either coordinate is 0, the point lies on an axis:
- \((x,0)\) is on the x-axis
- \((0,y)\) is on the y-axis

## Graphing equations by plotting points
To graph an equation in two variables:
1. choose x-values
2. compute corresponding y-values
3. plot the points
4. connect them if they form a line

This works especially well for linear equations, which produce straight lines.

### Example form
For \(y=2x-1\), the table of values generates points such as:
- \((-3,-7)\)
- \((0,-1)\)
- \((3,5)\)

These points line up on a straight line.

## Graphing with technology
Graphing utilities are useful, but the **window settings matter**. A graph may appear incomplete if the viewing window is too small or poorly centered. Students should learn to adjust the window so intercepts and key features are visible.

## Intercepts
Intercepts are where the graph crosses an axis.

- **x-intercept**: where \(y=0\)
- **y-intercept**: where \(x=0\)

These are often the fastest way to sketch a line.

### Example
For \(y=3x-1\):
- x-intercept: set \(y=0\), solve \(x=\frac13\)
- y-intercept: set \(x=0\), get \((0,-1)\)

## Distance formula
Derived from the Pythagorean Theorem:
\[
d=\sqrt{(x_2-x_1)^2+(y_2-y_1)^2}
\]

This gives the straight-line distance between two points.

### Key idea
The distance formula finds the shortest path — “**as the crow flies**” — not the distance traveled along streets or grid lines.

## Midpoint formula
The midpoint of a segment between \((x_1,y_1)\) and \((x_2,y_2)\) is:
\[
M=\left(\frac{x_1+x_2}{2},\frac{y_1+y_2}{2}\right)
\]

This averages the x-coordinates and y-coordinates separately.

### Circle connection
The center of a circle is the midpoint of its diameter.

---

# 2.2 Linear Equations in One Variable

This section focuses on solving equations that are **linear**, meaning the variable appears only to the first power.

## What counts as a linear equation?
A linear equation in one variable can be written as:
\[
ax+b=0,\quad a\neq 0
\]

## Three types of outcomes
### 1. Identity
True for all values of the variable.
- Example: \(3x=2x+x\)

### 2. Conditional equation
True for only one value.
- Example: \(5x+2=3x-6\) gives \(x=-4\)

### 3. Inconsistent equation
False for all values.
- Example: \(5x-15=5(x-4)\) leads to a contradiction

## Solving linear equations
Use inverse operations:
- add/subtract same amount to both sides
- multiply/divide both sides by same nonzero quantity
- distribute when needed
- isolate the variable

### Example
\[
2x+7=19 \Rightarrow x=6
\]

## Rational equations
A rational equation contains variables in denominators.

### Strategy
1. factor denominators
2. identify excluded values
3. find the LCD
4. multiply through by the LCD
5. solve
6. check answers

Students must be careful because multiplying by the LCD can create values that must be excluded if they make any denominator zero.

## Linear equations in slope-intercept form
A very important form is:
\[
y=mx+b
\]
where:
- \(m\) = slope
- \(b\) = y-intercept

### Slope
Slope measures rise over run:
\[
m=\frac{y_2-y_1}{x_2-x_1}
\]

Interpretation:
- positive slope: line rises left to right
- negative slope: line falls left to right
- zero slope: horizontal line
- undefined slope: vertical line

## Point-slope form
If you know one point and the slope:
\[
y-y_1=m(x-x_1)
\]

This is especially useful for writing equations of lines.

## Standard form
Another common form is:
\[
Ax+By=C
\]
where \(A,B,C\) are integers.

## Parallel and perpendicular lines
- **Parallel lines** have the same slope and never intersect.
- **Perpendicular lines** have slopes that are negative reciprocals.
- Their slopes satisfy:
\[
m_1m_2=-1
\]

This section also includes:
- writing equations of parallel lines
- writing equations of perpendicular lines
- identifying line relationships from graphs and equations

---

# 2.3 Models and Applications

This section shows how algebra is used to solve real-life problems.

## General modeling process
1. Identify the unknown
2. Define a variable
3. Translate words into algebra
4. Solve the equation
5. Interpret the answer with units

## Common verbal translations
Students are expected to recognize phrases like:
- “one number exceeds another by 17” → \(x+17\)
- “twice a number” → \(2x\)
- “the sum is 31” → equation with equals sign

## Types of application problems
### 1. Number problems
Example:
- one number is 17 more than another
- their sum is 31

### 2. Cost and billing problems
Examples:
- cell phone plans
- truck rentals
- car rentals

These often have:
- fixed fee
- variable cost per unit

### 3. Distance, rate, and time problems
Use:
\[
d=rt
\]
Make sure units are consistent.

### 4. Perimeter and area problems
Use formulas such as:
- rectangle perimeter: \(P=2L+2W\)
- rectangle area: \(A=LW\)
- volume of a box: \(V=LWH\)

### 5. Mixture and comparison problems
For example:
- comparing two phone plans
- solving investment return problems
- finding when two plans cost the same

## Main algebraic idea
Many applications become linear equations once relationships are translated correctly.

---

# 2.4 Complex Numbers

This section introduces numbers needed to solve equations that have no real solutions.

## Why complex numbers are needed
The real number system is not enough to solve equations like:
\[
x^2+1=0
\]
because no real number squared equals \(-1\).

## Imaginary unit
\[
i=\sqrt{-1}
\]
so:
\[
i^2=-1
\]

## Imaginary numbers
Any square root of a negative number can be rewritten using \(i\).

Example:
\[
\sqrt{-49}=7i
\]

## Complex numbers
A complex number has the form:
\[
a+bi
\]
where:
- \(a\) = real part
- \(b\) = imaginary part

### Special cases
- if \(b=0\), the number is real
- if \(a=0\), the number is pure imaginary

## Complex plane
Complex numbers can be graphed like points:
- horizontal axis = real part
- vertical axis = imaginary part

Example:
- \(3-4i\) is plotted as \((3,-4)\)

## Operations on complex numbers
### Addition and subtraction
Combine real parts and imaginary parts separately.

Example:
\[
(3-4i)+(2+5i)=5+i
\]

### Multiplication
Use distribution or FOIL, remembering:
\[
i^2=-1
\]

Example:
\[
(4+3i)(2-5i)=23-14i
\]

### Division
Multiply by the **complex conjugate** of the denominator to eliminate imaginary parts.

The conjugate of \(a+bi\) is:
\[
a-bi
\]

## Powers of \(i\)
Powers of \(i\) repeat in a cycle of 4:
\[
i,\,-1,\,-i,\,1
\]
This makes simplifying high powers of \(i\) much easier.

---

# 2.5 Quadratic Equations

This section studies equations of degree 2 and several methods of solving them.

## What is a quadratic equation?
A quadratic equation has the form:
\[
ax^2+bx+c=0,\quad a\neq 0
\]

## Four major methods
### 1. Factoring
Use the zero-product property:
if \(ab=0\), then \(a=0\) or \(b=0\)

This is often the fastest method when factoring is possible.

#### Special factoring patterns
- difference of squares:
\[
x^2-9=(x-3)(x+3)
\]

### 2. Square root property
Best when the equation has an isolated squared term:
\[
x^2=k \Rightarrow x=\pm\sqrt{k}
\]

### 3. Completing the square
Used when factoring is difficult. This method rewrites the quadratic as a perfect square trinomial.

### 4. Quadratic formula
Works for all quadratic equations:
\[
x=\frac{-b\pm\sqrt{b^2-4ac}}{2a}
\]

This is the most universal method.

## Discriminant
The expression under the radical is:
\[
b^2-4ac
\]

It tells the nature of the solutions:
- \(=0\): one real double root
- \(>0\), perfect square: two rational roots
- \(>0\), not perfect square: two irrational roots
- \(<0\): two complex roots

## Pythagorean Theorem connection
Quadratic equations arise naturally in geometry through:
\[
a^2+b^2=c^2
\]
So solving for missing side lengths of right triangles often leads to quadratic equations.

---

# 2.6 Other Types of Equations

This section expands beyond linear and quadratic equations.

## Rational exponents
A rational exponent like:
\[
a^{m/n}
\]
means a root and a power.

For example:
\[
8^{2/3}=(\sqrt[3]{8})^2=4
\]

## Solving rational-exponent equations
Raise both sides to the reciprocal power.

Example:
\[
x^{5/4}=32 \Rightarrow x=16
\]

## Polynomial equations
Higher-degree equations can often be solved by factoring.

### Key facts
- Factor out the GCF first
- Use grouping when appropriate
- Apply the zero-product property

## Radical equations
These contain variables inside radicals.

### Strategy
1. isolate the radical
2. raise both sides to the appropriate power
3. solve
4. check for extraneous solutions

Extraneous solutions can appear because squaring both sides may introduce answers that do not satisfy the original equation.

## Absolute value equations
Absolute value measures distance and is always nonnegative.

### Rule
If:
\[
|A|=c
\]
then:
- if \(c<0\): no solution
- if \(c=0\): one solution
- if \(c>0\): two solutions:
  \[
  A=c \quad \text{or} \quad A=-c
  \]

## Quadratic form
Some equations are not obviously quadratic but can be rewritten with a substitution.

Example:
\[
x^4-8x^2-9=0
\]
Let \(u=x^2\), solve the quadratic in \(u\), then substitute back.

## Rational equations leading to quadratics
Some rational equations become quadratics after clearing denominators. These must still be checked for excluded values.

---

# 2.7 Linear Inequalities and Absolute Value Inequalities

This section introduces solving inequalities and expressing solutions properly.

## Inequality symbols
- \(<\), \(>\)
- \(\le\), \(\ge\)

The solution is often not a single number but an interval of numbers.

## Interval notation
This is a compact way to write solution sets.

Examples:
- \(x\ge -2\) becomes \([-2,\infty)\)
- \(x<4\) becomes \((-\infty,4)\)

### Symbols
- bracket \([\,]\): endpoint included
- parenthesis \((\,)\): endpoint not included
- infinity always uses parentheses

## Solving inequalities
The algebra is similar to equations, with one crucial difference:

### If you multiply or divide by a negative number, reverse the inequality sign.

Example:
\[
-2x>6 \Rightarrow x<-3
\]

## Compound inequalities
These contain two inequalities.

Example:
\[
3\le 2x+2<6
\]
Solve all parts together to get:
\[
\frac12 \le x<2
\]
or interval notation:
\[
\left[\frac12,2\right)
\]

## Absolute value inequalities
Absolute value represents distance, so these inequalities often describe ranges.

### Rules
For \(k>0\):
- \(|X|<k \Rightarrow -k<X<k\)
- \(|X|\le k \Rightarrow -k\le X\le k\)
- \(|X|>k \Rightarrow X<-k\) or \(X>k\)
- \(|X|\ge k \Rightarrow X\le -k\) or \(X\ge k\)

### Important special case
If the right side is negative:
- \(|X|<\text{negative number}\): no solution
- \(|X|=\text{negative number}\): no solution
- \(|X|>\text{negative number}\): all real numbers

## Distance interpretation
An absolute value inequality can describe all numbers within a certain distance of a point.

Example:
\[
|x-5|\le 4
\]
means all numbers from 1 to 9 inclusive.

---

# Big Takeaways for Students

## 1. Algebra is pattern recognition
Whether solving equations or graphing lines, the key is identifying the type of problem.

## 2. Always check for restrictions
This is especially important for:
- rational equations
- radical equations
- absolute value and inequality problems

## 3. Graphs and algebra reinforce each other
You should be comfortable moving between:
- equations
- tables
- graphs
- coordinate points
- real-world interpretations

## 4. Many formulas are reusable
The chapter repeatedly uses a small set of powerful formulas:
- distance formula
- midpoint formula
- slope formula
- point-slope form
- quadratic formula
- Pythagorean Theorem
- perimeter/area/volume formulas
- absolute value and interval notation rules

## 5. Real-world applications are central
These topics are not just abstract skills. They model:
- irrigation systems
- travel and navigation
- business costs and profit
- physics and geometry
- engineering and design
- population and health models

---

If you want, I can also turn this into:
1. a **shorter study guide**,  
2. a **chapter-by-chapter formula sheet**, or  
3. a **list of the most important skills and common mistakes** for exams.",,,1.0,,azure
Persona_Pattern,college_algebra_3,"Here is a comprehensive expert-level summary of the text, written for College Algebra students who want the full conceptual picture and the most important details.

---

# Overall Theme of the Chapter

This chapter is about **systems of equations and inequalities**, beginning with basic linear systems and moving toward more advanced tools such as **matrices, Gaussian elimination, inverse matrices, Cramer’s Rule, and partial fraction decomposition**. It also includes **nonlinear systems** and **real-world applications** such as business profit analysis, investment problems, ticket sales, and mixture problems.

A major unifying idea is that many algebraic problems can be rewritten as **systems of equations** and then solved using a variety of methods. The chapter also shows how these ideas connect to **cryptography**, especially through the historical example of the **Enigma machine**, where matrices and inverse operations are conceptually related to decoding messages.

---

# Historical and Motivational Context: Enigma and Cryptography

The chapter opens with the Enigma machine from World War II to illustrate why algebraic systems matter in real life.

- Enigma encoded military messages using **rotors** and a **plugboard**.
- The machine’s settings created enormous numbers of possible encodings.
- The Germans considered it secure because the number of combinations was very large.
- Polish and British mathematicians, especially **Marian Rejewski** and **Alan Turing**, used mathematical reasoning to break the code.
- This gives students a real example of how **systems of equations, matrices, and inverses** can be useful beyond pure math.

The chapter points out that modern cryptography still uses algebraic ideas, especially **invertible matrices** and **matrix inverses**, because decoding often depends on reversing an encoded transformation.

---

# 7.1 Systems of Linear Equations: Two Variables

## Core ideas

A **system of linear equations** is a set of two or more linear equations involving the same variables, solved simultaneously.

For a system in two variables:
- A **solution** is an ordered pair \((x,y)\) that satisfies every equation in the system.
- A system may have:
  - **one solution**
  - **no solution**
  - **infinitely many solutions**

## Types of systems

### 1. Independent system
- Exactly **one solution**
- Graphically, the lines intersect at one point
- The lines have different slopes

### 2. Inconsistent system
- **No solution**
- Graphically, the lines are parallel
- Same slope, different \(y\)-intercepts

### 3. Dependent system
- **Infinitely many solutions**
- Graphically, the equations represent the same line
- Same slope and same intercepts

## Methods for solving linear systems

### Graphing
Good for visualizing the system and identifying the type of solution.  
Best when the intersection point has simple coordinates.

### Substitution
Best when one equation is already solved for a variable or can easily be solved that way.

Steps:
1. Solve one equation for one variable.
2. Substitute into the other equation.
3. Solve the resulting equation.
4. Back-substitute to find the other variable.
5. Check the solution.

### Addition method / elimination
Used when variables can be canceled by adding equations.

Steps:
1. Put equations in standard form.
2. Multiply one or both equations if needed.
3. Add to eliminate one variable.
4. Solve the remaining equation.
5. Back-substitute.
6. Check.

## Important applications

### Break-even analysis
- Revenue function: \(R(x)\)
- Cost function: \(C(x)\)
- Break-even point occurs when \(R(x)=C(x)\)
- Profit function:
  \[
  P(x)=R(x)-C(x)
  \]
- If profit is positive, the business is making money.
- If profit is negative, it is operating at a loss.

### Real-world systems
The text includes problems about:
- circus ticket sales
- mixture pricing
- student/adult attendance
- business profit/loss
- investment returns
- transportation costs

These all become systems of linear equations by assigning variables carefully and translating the verbal conditions into equations.

---

# 7.2 Systems of Linear Equations: Three Variables

This section extends the earlier ideas to systems with three unknowns, such as \((x,y,z)\).

## Main solution concept
A solution to a three-variable system is an **ordered triple**.

## Geometry
Instead of lines in the plane, the equations represent **planes in 3D space**:
- One solution: three planes intersect at one point
- Infinite solutions: planes intersect in a line or coincide
- No solution: planes do not share a common intersection

## Gaussian elimination
This is the main tool introduced for solving 3×3 systems.

### Goal
Rewrite the system into **upper triangular form**, such as:
\[
Ax+By+Cz=D
\]
\[
Ey+Fz=G
\]
\[
Hz=K
\]

Then solve by **back-substitution**.

### Allowed operations
- Swap two equations
- Multiply an equation by a nonzero constant
- Add a multiple of one equation to another

## Classification of systems
- **Consistent**: at least one solution
- **Dependent**: infinitely many solutions, often producing an identity like \(0=0\)
- **Inconsistent**: no solution, often producing a contradiction like \(0=2\)

## Real-world example: investment allocation
A major worked example shows Jordi’s inheritance split among:
- money market fund
- municipal bonds
- mutual funds

The problem is set up with three equations:
1. total principal
2. relationship between investments
3. total annual interest

This is a model of how 3-variable systems naturally arise in finance.

---

# 7.3 Systems of Nonlinear Equations and Inequalities: Two Variables

This section broadens the chapter beyond lines.

## What makes a system nonlinear?
At least one equation is not linear. Examples include:
- parabolas
- circles
- ellipses
- hyperbolas
- expressions with powers greater than 1

## Solving nonlinear systems

### Substitution
Works well when one equation is already solved for a variable.

### Elimination
Useful especially when both equations contain squared terms and similar structure.

## Types of nonlinear intersections
The number of solutions depends on the shapes.

### Parabola and line
Possible outcomes:
- 0 solutions
- 1 solution if tangent
- 2 solutions if the line crosses the parabola

### Circle and line
Possible outcomes:
- 0, 1, or 2 solutions

### Circle and ellipse
Possible outcomes may include:
- 0, 1, 2, 3, or 4 solutions

## Extraneous solutions
Because nonlinear equations often involve squaring or substitution into higher-degree expressions, some algebraic solutions may not satisfy the original system. Students must always **check** solutions in the original equations.

## Inequalities
The section also introduces **nonlinear inequalities** and systems of nonlinear inequalities.

### Graphing a nonlinear inequality
- Graph the boundary as an equation
- Use dashed line for \(<\) or \(>\)
- Use solid line for \(\le\) or \(\ge\)
- Test a point to determine shading

### Feasible region
For a system of inequalities, the solution is the region where all shaded areas overlap.

---

# 7.4 Partial Fractions

This section shifts to rational expressions and how systems of equations help decompose them.

## Purpose
Partial fraction decomposition is the reverse of combining rational expressions. It rewrites a single rational expression into a sum of simpler fractions.

This is useful in:
- algebraic simplification
- calculus preparation
- inverse Laplace transforms in later courses

## General idea
Factor the denominator first. Then express the fraction as a sum of terms whose denominators match the factors.

## Types of denominators handled

### 1. Distinct linear factors
Example form:
\[
\frac{P(x)}{(x-a)(x-b)}=\frac{A}{x-a}+\frac{B}{x-b}
\]

### 2. Repeated linear factors
If a factor repeats, include every power:
\[
\frac{P(x)}{(x-a)^n}=\frac{A_1}{x-a}+\frac{A_2}{(x-a)^2}+\cdots+\frac{A_n}{(x-a)^n}
\]

### 3. Irreducible quadratic factors
For quadratics that do not factor over the reals:
\[
\frac{P(x)}{x^2+bx+c}=\frac{Ax+B}{x^2+bx+c}
\]

### 4. Repeated irreducible quadratic factors
Use increasing powers and linear numerators for each repeated quadratic factor.

## How coefficients are found
After clearing denominators:
1. Expand
2. Collect like terms
3. Match coefficients
4. Solve the resulting system of equations

So partial fractions are another place where systems of equations naturally appear.

---

# 7.5 Matrices and Matrix Operations

This section introduces matrices as a compact way to organize and manipulate data.

## What is a matrix?
A matrix is a rectangular array of numbers.

- **Row**: horizontal arrangement
- **Column**: vertical arrangement
- **Entry**: an individual element \(a_{ij}\), in row \(i\), column \(j\)

## Matrix types
- **Row matrix**: 1 row
- **Column matrix**: 1 column
- **Square matrix**: same number of rows and columns

## Matrix addition and subtraction
Only matrices of the **same dimensions** can be added or subtracted.

Operations are done entry-by-entry:
\[
(A+B)_{ij}=a_{ij}+b_{ij}
\]

## Scalar multiplication
Multiply every entry by the scalar.

## Matrix multiplication
Defined only when the **inner dimensions match**:
- If \(A\) is \(m\times r\) and \(B\) is \(r\times n\), then \(AB\) is \(m\times n\)

### Important properties
- Matrix multiplication is **associative**
- Matrix multiplication is **distributive**
- Matrix multiplication is **not commutative** in general

## Real-world application: equipment costs
The chapter uses soccer team equipment data to show how matrices can compute total costs efficiently.

This demonstrates that matrices are not only abstract objects; they are practical tools for:
- data organization
- computation
- modeling

---

# 7.6 Solving Systems with Gaussian Elimination

This section formalizes solving systems using matrices.

## Augmented matrix
A system of equations can be written as an **augmented matrix**:
- coefficients form the main matrix
- constants go in the last column
- the vertical bar replaces the equal sign

## Row operations
These correspond to valid equation manipulations:
- swap rows
- multiply a row by a nonzero constant
- add a multiple of one row to another row

## Row-echelon form
The goal is to convert the matrix to a simpler staircase form with leading 1s and zeros below.

Then use **back-substitution**.

## Outcomes
As before:
- one solution
- no solution
- infinitely many solutions

## Why this matters
Gaussian elimination is one of the most versatile and systematic ways to solve systems, especially for 3×3 systems and beyond.

---

# 7.7 Solving Systems with Inverses

This section connects systems of equations with matrix inverses.

## Identity matrix
The identity matrix behaves like 1 in ordinary multiplication:
\[
AI=IA=A
\]

## Inverse matrix
A matrix \(A^{-1}\) satisfies:
\[
AA^{-1}=A^{-1}A=I
\]

Only **square matrices** can have inverses, and not every square matrix is invertible.

## Determinant link
For a 2×2 matrix:
\[
A=\begin{bmatrix} a&b\\ c&d \end{bmatrix}
\]
the inverse exists only if:
\[
ad-bc\neq 0
\]

## Finding inverses
Methods include:
- direct formula for 2×2 matrices
- matrix multiplication
- augmenting with the identity matrix and row-reducing

For 3×3 matrices, the identity-augmentation method is emphasized.

## Solving systems with inverses
Write the system as:
\[
AX=B
\]
Then solve by multiplying both sides on the left by \(A^{-1}\):
\[
X=A^{-1}B
\]

This works only when the coefficient matrix is invertible.

## Important caution
Because matrix multiplication is not commutative, you cannot generally use \(BA^{-1}\). The inverse must be multiplied on the **left** in the setup shown.

---

# 7.8 Solving Systems with Cramer’s Rule

This section introduces determinants and uses them to solve systems.

## Determinant of a 2×2 matrix
For
\[
\begin{bmatrix} a&b\\ c&d \end{bmatrix}
\]
the determinant is:
\[
ad-bc
\]

## Meaning of the determinant
- If the determinant is nonzero, the matrix is invertible and the system has a unique solution.
- If the determinant is zero, the system may have:
  - no solution
  - infinitely many solutions

Cramer’s Rule does **not** distinguish between those two cases; elimination is needed for that.

## Cramer’s Rule for 2×2 systems
Solve by replacing columns of the coefficient matrix with constants and computing determinants.

## Determinant of a 3×3 matrix
The text gives a diagonal method for 3×3 determinants:
- sum the downward diagonal products
- subtract the upward diagonal products

This is used to extend Cramer’s Rule to 3×3 systems.

## Properties of determinants
The chapter emphasizes:
- triangular matrix determinant = product of diagonal entries
- swapping rows changes the sign
- identical rows or columns give determinant 0
- a zero row or column gives determinant 0
- multiplying a row/column scales the determinant
- inverse determinant is reciprocal of original determinant

## What students should remember
Cramer’s Rule is elegant but can be computationally heavy for larger systems. It is most useful when:
- the system is square
- the determinant is nonzero
- a symbolic formula or exact result is desired

---

# Big Picture Connections Across the Chapter

This chapter is really about one central skill: **turning a problem into algebraic structure and then choosing the right method to solve it**.

## Main connections:
- **Graphs** help visualize solutions to systems.
- **Substitution and elimination** solve linear and nonlinear systems.
- **Matrices** provide a compact computational framework.
- **Gaussian elimination** generalizes elimination efficiently.
- **Inverses** offer a direct matrix solution when the coefficient matrix is invertible.
- **Cramer’s Rule** uses determinants to find unique solutions.
- **Partial fractions** use systems of equations to decompose rational expressions.

---

# Key Student Takeaways

1. **Always classify the system first** if possible: one solution, no solution, or infinitely many.
2. **Check your solutions**, especially in nonlinear systems where extraneous answers can appear.
3. **Choose the method wisely**:
   - graphing for visualization
   - substitution when a variable is isolated
   - elimination when coefficients line up well
   - matrices for larger systems
   - inverses and Cramer’s Rule when appropriate
4. **Translate real-world problems carefully** into variables and equations.
5. **Understand the structural meaning** of matrices, determinants, and inverses—they are not just formulas but tools for organizing and reversing relationships.

If you’d like, I can also turn this into:
- a **shorter study-guide version**,
- a **section-by-section outline**, or
- a **concept map with formulas and methods**.",,,1.0,,azure
Persona_Pattern,college_algebra_4,"This chapter is a broad introduction to several foundational topics in College Algebra that connect algebraic patterns to real-world applications, especially finance, growth models, and probability. The unifying theme is that many seemingly different situations can be modeled with sequences, series, counting methods, or probability rules.

## Big picture of the chapter
The chapter moves from describing ordered patterns of numbers to analyzing sums of those patterns, then to counting and probability. It begins with sequences and their formulas, develops arithmetic and geometric sequences and series, introduces counting principles and the binomial theorem, and ends with basic probability. The material is highly applied: lottery winnings, annuities, salaries, depreciation, population growth, and random selection problems all motivate the mathematics.

---

## 9.1 Sequences and Their Notations
This section introduces sequences as functions whose domain is the positive integers, or sometimes the nonnegative integers if the sequence starts at \(a_0\). Each output is called a term. A sequence may be finite or infinite.

### Main ideas
- **Sequence:** an ordered list of numbers.
- **Terms:** the individual values in the list.
- **Infinite sequence:** continues without end.
- **Finite sequence:** has a fixed number of terms.
- **Notation:** terms are written as \(a_1, a_2, a_3, \dots, a_n\).

### Ways sequences are defined
Students learn three major representations:
1. **Explicit formulas**: give the \(n\)th term directly from the position \(n\).
2. **Recursive formulas**: define terms using earlier terms.
3. **Factorial notation**: compactly represents products like \(n!\).

### Explicit formulas
The section emphasizes how to generate terms by substituting \(n=1,2,3,\dots\). This is especially useful when you want a specific term without computing all previous ones.

Examples in the text show:
- exponential-type sequences like \(a_n=2^n\)
- linear sequences like \(a_n=-3n+8\)
- sequences with alternating signs using factors like \((-1)^n\)
- piecewise sequences where the rule changes depending on whether \(n\) is odd, even, divisible by 3, prime, etc.

### Alternating sequences
A key concept is that expressions such as \((-1)^n\) create sign changes. This causes oscillation between positive and negative values. The text warns students not to interpret such sequences as increasing or decreasing in the usual numerical sense, since the signs alternate.

### Piecewise sequences
Some sequences are defined by different rules on different parts of the domain. These are important because many real situations are not governed by a single formula. The chapter shows how to determine the correct formula term-by-term.

### Finding explicit formulas from given terms
Students are also shown how to reverse-engineer a formula by looking for patterns:
- numerator and denominator patterns in fractions
- sign patterns
- powers and bases
- arithmetic growth in the terms

### Recursive formulas
The section explains recursion with classic examples like the Fibonacci sequence. Recursive rules require initial values, then define each term from one or more preceding terms.

Students learn how to:
- compute terms from a recursive rule
- identify whether one or two prior terms are needed
- recognize that recursive formulas are often more natural for growth processes and repeated updates

### Factorial notation
Factorials are introduced as products of all positive integers up to \(n\):
\[
n! = n(n-1)(n-2)\cdots 1
\]
with the important special case \(0!=1\).

Factorials become very large very quickly, so calculator limitations are noted. They are useful in simplifying products and in later topics like permutations and combinations.

---

## 9.2 Arithmetic Sequences
Arithmetic sequences are sequences with a constant difference between consecutive terms.

### Core concept
If the difference between terms is constant, the sequence is arithmetic. That constant is the **common difference** \(d\).

Examples include:
- decreasing value models such as straight-line depreciation
- sequences like \(18,16,14,12,\dots\) with \(d=-2\)

### Key formulas
- Recursive form:
  \[
  a_n=a_{n-1}+d
  \]
- Explicit form:
  \[
  a_n=a_1+(n-1)d
  \]

### What students must be able to do
- Determine whether a sequence is arithmetic
- Find the common difference
- Write the first several terms from \(a_1\) and \(d\)
- Find a particular term using the explicit formula
- Write a recursive formula from listed terms
- Write an explicit formula from listed terms

### Graphical interpretation
Arithmetic sequences graph as discrete points lying on a line. The sequence is linear in nature, but the graph is not continuous because the domain consists only of integers.

### Applications
The section connects arithmetic sequences to:
- depreciation of a truck
- weekly allowances that increase by a fixed amount
- savings plans with constant deposits
- any situation with constant change over equal intervals

### Finite arithmetic sequences
The text also shows how to determine the number of terms in a finite arithmetic sequence when the first and last terms are known.

---

## 9.3 Geometric Sequences
Geometric sequences are sequences where each term is obtained by multiplying the previous term by a constant.

### Core concept
The constant multiplier is the **common ratio** \(r\).

Examples include:
- exponential growth from salary raises
- population growth
- quantities that double, triple, or decay by a fixed factor

### Key formulas
- Recursive form:
  \[
  a_n = r a_{n-1}
  \]
- Explicit form:
  \[
  a_n = a_1 r^{n-1}
  \]

### What students must be able to do
- Determine whether a sequence is geometric
- Find the common ratio
- Write terms from a given starting value and ratio
- Write recursive formulas from a list of terms
- Write explicit formulas from a list of terms
- Use the formulas to find any term in the sequence

### Graphical interpretation
Geometric sequences often resemble exponential functions when graphed as discrete points. The chapter stresses the connection between geometric sequences and exponential growth/decay.

### Applications
Examples include:
- yearly salary increases by a percent
- school enrollment growth
- website hits growing at a fixed percentage
- compound interest-style models

---

## 9.4 Series and Their Notations
This section moves from sequences to **series**, which are sums of terms.

### Main ideas
- A **partial sum** \(S_n\) is the sum of the first \(n\) terms.
- **Summation notation** \(\sum\) is used to represent series compactly.
- The index, lower limit, and upper limit of summation are carefully defined.

### Arithmetic series
The sum of the first \(n\) terms of an arithmetic sequence is:
\[
S_n = \frac{n(a_1+a_n)}{2}
\]
Students learn:
- how to identify the first and last term
- how to find the number of terms
- how to use the formula efficiently

This formula is especially useful in structured payment or accumulation problems.

### Geometric series
The sum of the first \(n\) terms of a geometric sequence is:
\[
S_n = a_1\frac{1-r^n}{1-r}, \quad r\ne 1
\]

### Infinite geometric series
A major result in the chapter is that an infinite geometric series has a finite sum only when:
\[
-1<r<1
\]
In that case,
\[
S = \frac{a_1}{1-r}
\]

This explains why some repeating-decimal patterns can be converted to fractions and why some infinite sums converge while others diverge.

### Annuities
The chapter uses annuities to model repeated equal payments with interest. This is one of the strongest real-world applications in the section:
- monthly savings deposits
- retirement accounts
- college funds
- investment growth

Students learn to combine geometric series with compounding interest to find the value of an account after a fixed number of deposits.

---

## 9.5 Counting Principles
This section introduces the basic machinery of combinatorics.

### Addition Principle
Use when choices are mutually exclusive:
- “either this or that”
- no overlap between categories

If event \(A\) can happen in \(m\) ways and event \(B\) in \(n\) ways, then:
\[
m+n
\]

### Multiplication Principle
Use when choices occur in stages:
- “this and that”
- independent sequential choices or ordered selections

If one event can happen in \(m\) ways and another in \(n\) ways after the first, then:
\[
m\cdot n
\]

### Permutations
Permutations count ordered arrangements.

Students learn:
- permutations of all \(n\) distinct objects: \(n!\)
- permutations of choosing \(r\) from \(n\):
  \[
  P(n,r)=\frac{n!}{(n-r)!}
  \]

Order matters in permutations.

### Combinations
Combinations count selections where order does not matter:
\[
C(n,r)=\frac{n!}{r!(n-r)!}
\]
The chapter emphasizes the symmetry:
\[
C(n,r)=C(n,n-r)
\]

### Subsets
A set with \(n\) distinct elements has:
\[
2^n
\]
subsets.

### Repeated / non-distinct objects
The chapter also treats permutations with repeated elements:
\[
\frac{n!}{r_1!r_2!\cdots r_k!}
\]
This is important for letters in words like “DISTINCT” or “CARRIER,” where repeated letters create duplicate arrangements if not adjusted for.

### Applications
Examples include:
- menu options
- passwords
- ordering people in a photo
- selecting teams or committees
- arranging repeated symbols or letters
- counting possible outfits, products, or combinations of choices

---

## 9.6 Binomial Theorem
The Binomial Theorem provides a shortcut for expanding \((x+y)^n\) without multiplying repeatedly.

### Binomial coefficients
The coefficients in the expansion are combinations:
\[
\binom{n}{r}=\frac{n!}{r!(n-r)!}
\]
These are called **binomial coefficients**.

### Binomial Theorem
\[
(x+y)^n=\sum_{k=0}^{n}\binom{n}{k}x^{n-k}y^k
\]

### Patterns in expansion
The chapter stresses several structural facts:
- There are \(n+1\) terms
- Exponents on one variable decrease from \(n\) to 0
- Exponents on the other increase from 0 to \(n\)
- Coefficients are symmetric
- Signs alternate when subtraction is involved

### Pascal’s Triangle
Pascal’s Triangle is presented as a visual way to generate binomial coefficients. Each row corresponds to coefficients in a binomial expansion.

### Finding specific terms
Students are taught how to find a particular term in a binomial expansion without fully expanding:
\[
\binom{n}{r}x^{n-r}y^r
\]
This is especially useful for large powers where full expansion would be tedious.

### Why this matters
The theorem is not just a formula for algebraic expansion; it connects:
- algebra
- combinatorics
- pattern recognition
- efficient computation

---

## 9.7 Probability
The final section uses counting ideas to build probability models and solve basic probability problems.

### Fundamental concepts
- **Experiment:** a process with an observable outcome
- **Outcome:** a single result
- **Sample space:** the set of all possible outcomes
- **Event:** a subset of the sample space

Probability is always between 0 and 1.

### Probability models
For equally likely outcomes:
\[
P(E)=\frac{\text{number of outcomes in }E}{\text{number of outcomes in }S}
\]

### Union and intersection
For two events:
\[
P(E\cup F)=P(E)+P(F)-P(E\cap F)
\]
If the events are **mutually exclusive**, the intersection is empty and the formula simplifies to:
\[
P(E\cup F)=P(E)+P(F)
\]

### Complement rule
If \(E'\) is the complement of event \(E\), then:
\[
P(E')=1-P(E)
\]
This is especially useful for “at least,” “not,” and “none” questions.

### Counting theory in probability
The section closes by showing how combinations and permutations are used in probability calculations when outcomes are not simple equally likely points. These problems often involve:
- selecting items without replacement
- choosing specific category counts
- computing probabilities of mixed selections

### Applications
Examples include:
- dice and coins
- cards from a deck
- selecting toys or gumballs
- lottery-style or Keno-style problems
- demographic probability
- real-world event prediction

---

## How the chapter fits together
This chapter is really about recognizing structure:

- **Sequences** describe ordered patterns.
- **Arithmetic and geometric sequences** capture constant additive or multiplicative change.
- **Series** sum those patterns.
- **Counting principles** tell how many outcomes exist.
- **Binomial theorem** connects algebraic expansion with counting.
- **Probability** uses counting to measure uncertainty.

For students, the most important skill is not memorizing formulas in isolation, but knowing:
1. how to identify the pattern,
2. which formula applies,
3. whether the situation is additive, multiplicative, recursive, or probabilistic,
4. and how to interpret the result in context.

If you want, I can also turn this into:
- a shorter study guide,
- a section-by-section formula sheet,
- or a concept map with the key formulas and when to use them.",,,1.0,,azure
Persona_Pattern,philosophy_1,"Here is a comprehensive, student-oriented summary of the text from an expert philosophical perspective.

---

# Comprehensive Summary: Introduction to Philosophy

This chapter presents philosophy as a disciplined, critical, and wide-ranging form of inquiry that begins in dialogue and aims to understand how reality, human life, and knowledge “hang together” as a whole. It introduces philosophy not as a narrow subject with fixed methods, but as an open-ended intellectual practice that asks the most fundamental questions about nature, mind, morality, politics, and meaning. The chapter also situates philosophy historically, showing that philosophical thinking emerged in many world traditions—not only in Greece, but also in India, China, Africa, and elsewhere.

---

## 1. What Philosophy Is

The text emphasizes that philosophy is difficult to define precisely, and that this difficulty is itself philosophical. Philosophy does not have a limited subject matter like biology or chemistry. Instead, it examines the broadest features of reality: nature, consciousness, morality, beauty, society, and the structure of knowledge itself.

A key idea introduced here is that philosophy seeks a coherent understanding of the whole. This means philosophers try to explain how different areas of experience and knowledge fit together. Philosophy does not simply accept assumptions in the way many sciences do; rather, it questions assumptions and asks whether they are justified.

A major framing of philosophy comes from Wilfrid Sellars, who said philosophy aims to understand how things “in the broadest possible sense of the term hang together in the broadest possible sense of the term.” This means philosophy is concerned not with isolated facts, but with the relations among them. It tries to reconcile, for example, the world as it appears in everyday life with the world as described by science.

Sellars also distinguishes between:

- the **manifest image**: the world as experienced in ordinary life,
- the **scientific image**: the world as explained by science.

A philosophical task is to bring these images into relation and understand whether they can be made consistent.

---

## 2. Philosophy’s Historical Origins: Sages and Early Thinkers

The chapter traces philosophy’s beginnings to the figure of the **sage**—an early wisdom figure found in many traditions. The word “philosophy” comes from Greek and means “love of wisdom,” but early thinkers were often not called philosophers; they were called sages.

These sages are significant because they often combined:
- practical wisdom,
- scientific discovery,
- political leadership,
- spiritual insight,
- and moral teaching.

### Indian tradition
In classical Indian thought, sages play a central role in religion and philosophy. The **Seven Sages (Saptarishi)** are associated with the **Vedas**, with spiritual authority, and with ascetic practices such as **tapas**. The text also highlights important women sages such as **Ghosha, Maitreyi, and Gargi**, showing that women played an important role in early Indian philosophical and religious life, even though the culture was patriarchal. These women engaged in significant philosophical dialogue about the self, material attachment, knowledge, and ultimate reality.

### Chinese tradition
In Chinese philosophy, sages (**sheng**) are associated with wisdom, political rule, moral cultivation, and technological innovation. Figures such as **Yao, Shun, and Yu** are described as wise rulers who contributed to civilization by making practical inventions like carts, canals, dams, and weapons. Chinese philosophical traditions like Confucianism treat these sages as models of wise governance and moral leadership. The text notes that the written character for sage includes the symbol of an ear, suggesting that wisdom involves listening to heaven or divine insight.

### African tradition
The chapter refers to Henry Odera Oruka’s work on **African sage philosophy**, which shows that some tribal sages developed sophisticated philosophical ideas. These sages were not merely repeating tradition; they also critically reflected on it and sought rational justification for inherited beliefs.

### Greek tradition
In Greece, the sage tradition leads into philosophy proper. The text discusses the famous **Seven Sages**, especially:

- **Thales**, who combined astronomy, mathematics, engineering, and metaphysical speculation. He predicted an eclipse, measured pyramids, and argued that water is the fundamental substance of reality.
- **Solon**, a political reformer who cancelled debts, freed debt-slaves, helped establish constitutional government, and reflected on the meaning of happiness.

These figures show that early philosophy emerged out of practical, scientific, and political concerns, not merely abstract speculation.

---

## 3. Early Natural Philosophy

The chapter then explains how the sage tradition becomes **natural philosophy**, especially in ancient Greece. Early philosophers tried to explain the natural world through reason rather than myth alone.

Important examples include:

- **Thales**, who linked natural change with the principles of matter and motion.
- **Xenophanes**, who offered rational explanations for phenomena like rainbows and lightning.
- **Parmenides**, who argued through logic that ultimate reality must be unchanging.
- **Democritus**, who proposed that reality consists of unchanging atoms moving in a void.
- **The Pythagoreans**, who saw number and mathematical harmony as the key to understanding nature.

The Pythagoreans are especially important because they connected:
- mathematics,
- astronomy,
- music,
- ethics,
- and spirituality.

They believed the universe has a rational and mathematical order, that the soul is immortal, and that all beings should be treated with respect. Their school also allowed meaningful participation by women such as **Theano** and **Myia**.

The larger philosophical significance of these early thinkers is that they helped create scientific reasoning by seeking underlying structures and causes rather than relying only on surface appearances.

---

## 4. How Philosophers Arrive at Truth

This section explains the methods philosophers use to support their claims. Philosophy is not an empirical science in the usual sense, but it still requires **evidence**, **reasons**, and **justification**.

The main sources of philosophical evidence are:

### 1. History
Past philosophers, sages, and thinkers remain valuable because they address enduring questions such as:
- What is the good life?
- How should society be organized?
- What is the relationship between individuals and the state?

Historical ideas still shape modern politics, ethics, and culture.

### 2. Intuition
In philosophy, intuition does not mean a vague hunch. It refers to a form of direct intellectual insight or obviousness, especially in mathematics and conceptual truth. For example, **2 + 2 = 4** is intuitively obvious in a strong sense. Philosophers use intuition carefully, especially when dealing with conceptual or moral claims.

### 3. Common sense
Common sense refers to basic claims grounded in direct perception. G. E. Moore famously used this idea to defend the existence of the external world by saying, in effect, “Here is one hand.” Philosophical common sense resists excessive skepticism about everyday reality.

### 4. Experimental philosophy
This is a newer approach that uses empirical methods, often borrowed from psychology or cognitive science, to test how people actually think about philosophical problems. For example, researchers may study whether people think free will is necessary for moral responsibility.

### 5. Other disciplines
Philosophers also rely on results from science and the social sciences, especially when making claims about human nature or the natural world.

---

## 5. Logic, Arguments, and Coherence

The text strongly emphasizes **logic** as a central philosophical tool. Logic is the science of reasoning, and philosophical claims should be assessed through arguments.

An **argument** consists of:
- **premises**: the reasons or evidence,
- **conclusion**: the claim being supported.

Philosophers reconstruct arguments to see whether the reasoning is valid and whether the premises support the conclusion.

The text also explains:

### Explanation
Sometimes philosophy works backward from an observed fact to the best explanation for it. This resembles detective work.

### Coherence
A set of beliefs is **coherent** if the beliefs can all be true together. If beliefs are contradictory, at least some of them must be false. Philosophy often aims to eliminate inconsistencies.

### Conceptual analysis
Philosophers clarify ideas by analyzing concepts. The text describes four methods:

1. **Predicates**  
   Break a sentence into its descriptive components.

2. **Descriptions**  
   Use definite descriptions to identify objects or names more clearly.

3. **Enumeration**  
   Break wholes into their parts to understand structure.

4. **Thought experiments**  
   Use hypothetical cases to test concepts and theories.

These methods are tools for clarifying meaning, exposing hidden assumptions, and testing the logical implications of ideas.

---

## 6. Trade-offs, Biting the Bullet, and Reflective Equilibrium

A major philosophical lesson is that no view is perfect. Philosophers must often choose between competing theories that each have strengths and weaknesses. This is where **trade-offs** become important.

Sometimes a philosopher will accept an unpopular consequence of a theory because the theory seems stronger overall. This is called **biting the bullet**.

Another key method is **reflective equilibrium**, in which one moves back and forth between general principles and judgments about particular cases, revising each until they fit together as coherently as possible.

This is important because philosophy does not simply apply abstract theory to practice or vice versa. Instead, it aims to balance them.

---

## 7. Socrates as the Model Philosopher

The chapter presents **Socrates** as the paradigmatic philosopher in the Western tradition. Socrates did not write texts himself, so our knowledge of him comes mainly from:

- Aristophanes,
- Xenophon,
- Plato.

### Socrates’ trial
Socrates was accused of corrupting the youth and disrespecting the gods. He defended himself by explaining that his philosophical mission came from the Delphic oracle, which said no one was wiser than he. Socrates interpreted this as meaning that human wisdom is very limited.

His key insight was not that he possessed wisdom, but that he knew he did not know. This is what made him “wisest.”

### “The unexamined life is not worth living”
Socrates’ most famous claim is that a life not subjected to examination is not worth living. By this he means life should involve critical reflection on:
- one’s beliefs,
- one’s values,
- one’s actions,
- and one’s understanding of the world.

The text interprets this as a call to:
- self-examination,
- awareness of ignorance,
- rational consistency,
- and moral reflection.

### The Socratic method
Socrates typically questioned others rather than lecturing them. He used dialogue to uncover contradictions and to help others discover truth for themselves. The text compares this to a **midwife**: Socrates helps ideas be “born” in another person’s mind.

### Socratic moral philosophy
Socrates holds two major moral principles:

1. **No one willingly chooses what is harmful to themselves.**  
   Harmful actions arise from ignorance, because people always pursue what seems good to them.

2. **If a person harms others, they harm themselves.**  
   The greatest harm is corruption of the soul or character. Physical harm and even death are less serious than moral damage.

The chapter invites students to test these claims carefully and consider whether they are true.

---

## 8. Comparison with Indian Philosophy: Ahimsa

The text compares Socrates’ harm principle with the Indian idea of **ahimsa**, or non-harm.

Ahimsa is found in Hinduism, Jainism, and Buddhism and means refraining from causing injury. In Jainism, it can become extremely strict, extending to all living beings. Gandhi later made ahimsa central to nonviolent political resistance.

The comparison reveals important similarities:
- both traditions see harming others as ultimately harming oneself,
- both connect harm with ignorance,
- both value moral self-cultivation.

But they explain these ideas differently:
- Socrates emphasizes ignorance and character corruption,
- Indian philosophy emphasizes karma, rebirth, attachment, and liberation.

---

## 9. Contemporary Philosophy and the Philosophy Major

The final section explains what philosophy looks like today. Modern academic philosophy is highly specialized and resembles other academic fields in its division into research areas.

The text notes that philosophy majors can pursue many careers, not only academic teaching. Philosophy provides skills in:
- logical reasoning,
- analysis,
- critical thinking,
- communication,
- and interpretation.

It also mentions that philosophy majors often do very well in careers and on graduate admissions tests like the LSAT and GMAT. Philosophers work in:
- academia,
- business,
- law,
- ethics review,
- technology,
- publishing,
- and public intellectual life.

### Organization of the textbook
The textbook is structured around major areas of philosophy:
- historical traditions,
- metaphysics and epistemology,
- science, logic, and mathematics,
- value theory.

It also emphasizes a multicultural perspective, challenging Eurocentric assumptions by including traditions from across the world.

---

# Main Takeaways for Students

1. **Philosophy is broad and foundational.**  
   It asks about reality, knowledge, morality, and meaning at the deepest level.

2. **Philosophy is historical and global.**  
   It did not begin only in Greece and includes major traditions from India, China, Africa, and beyond.

3. **Philosophy depends on reasoning and evidence.**  
   Philosophers use history, intuition, common sense, experiments, science, logic, and analysis.

4. **Socrates models the philosophical life.**  
   He teaches humility, self-examination, and awareness of ignorance.

5. **Methods matter.**  
   Philosophy uses argument, coherence, conceptual analysis, thought experiments, and reflective equilibrium.

6. **Philosophy is practical as well as theoretical.**  
   It concerns how to live, how to think, and how to evaluate beliefs and choices.

7. **The subject is not just academic.**  
   It can shape personal character, public life, and a wide range of careers.

---

If you want, I can also turn this into:
- a **shorter study guide version**,
- a **bullet-point exam review sheet**,
- or a **chapter outline with key terms and definitions**.",,,1.0,,azure
Persona_Pattern,philosophy_2,"Below is a comprehensive expert summary of the chapter, written to help students grasp not only the main points but also the philosophical significance of the material.

---

# Comprehensive Summary: Critical Thinking, Cognitive Bias, and Philosophical Practice

This chapter is a practical introduction to what “critical thinking” means in philosophy and how students can improve at it through better habits of mind, more careful reading, and stronger writing. Its central thesis is that human thinking is naturally efficient but often unreliable: the mind is not a neutral mirror of reality but an active, inference-driven system shaped by evolution, emotion, habit, and social context. Because of this, good philosophical thinking requires deliberate self-correction, intellectual humility, and disciplined methods for evaluating evidence and arguments.

The chapter is divided into three broad concerns:

1. **How thinking works and why it goes wrong**
2. **How to resist bias through reflection and intellectual discipline**
3. **How to read, research, and write philosophy well**

What makes the chapter philosophically important is that it does not treat reasoning as a purely abstract skill. Instead, it situates reasoning within a broader picture of the human being as a biological, psychological, and social creature. Philosophy here is not merely about having opinions; it is about learning to examine the very processes by which opinions arise.

---

## 1. The Brain as an Inference Machine

The first major idea is that the brain constantly makes inferences, usually unconsciously. An inference is a conclusion drawn from evidence, but the chapter emphasizes that inference is not always slow, conscious, and deliberate. Much of perception itself is inferential: the brain is not passively “recording” the world like a camera but actively constructing a usable representation of it.

### Key philosophical implications:
- **Perception is not simple reception**. What we experience as immediate reality is already filtered, interpreted, and shaped.
- **Mistakes are normal**, not signs of stupidity. The brain evolved to promote survival, not to guarantee truth.
- **Cognitive ease**—the feeling that something is obvious or obvious-looking—can be deceptive.

The chapter uses optical illusions and perception examples to show that our visual experience is not a complete or transparent copy of the world. Rather, the brain projects a coherent picture that helps us act quickly and survive. The philosophical lesson is important: if perception itself is partly constructed, then critical thinkers must be cautious about treating “what seems obvious” as necessarily true.

### Mind-body problem
The chapter also pauses to note a philosophical caveat: talk of the “brain” should not be confused with talk of the “mind.” This leads into the **mind-body problem**, one of metaphysics’ central issues. The brain is the physical organ; the mind refers to conscious experience, thought, emotion, imagination, and desire. The chapter does not resolve this debate, but it highlights that:
- some philosophers identify mind with brain activity,
- others argue that subjective experience cannot be fully reduced to neural processes.

The purpose of this discussion is not to settle metaphysics, but to show students that psychological and neuroscientific findings can inform critical thinking even if they do not settle philosophical questions.

---

## 2. Emotions, Homeostasis, and Allostasis

The chapter strongly rejects the idea that rationality requires eliminating emotion. Drawing on Antonio Damasio, it argues that emotions are not enemies of reason; they are often integral to it.

### Main points:
- Emotions help regulate bodily and mental balance.
- They are linked to survival functions such as hunger, fear, and alertness.
- Reasoning is often guided by what we care about emotionally.
- Without emotion, decision-making would be impaired rather than improved.

The chapter introduces:
- **Homeostasis**: maintaining equilibrium in the body.
- **Allostasis**: anticipating future needs and preparing for them.

This matters philosophically because it challenges a longstanding bias in some traditions that treat emotion as a distortion of rational thought. Instead, emotion is shown as part of the cognitive system that helps us respond to the world. Still, because emotional responses can dominate reasoning, they can also distort judgment. The chapter’s position is balanced: emotion is necessary, but it must be critically managed.

---

## 3. Heuristics, Cognitive Biases, and the Limits of Deliberate Thinking

The chapter distinguishes between:
- **automatic, fast, intuitive thinking**
- **slow, effortful, deliberate thinking**

Human beings rely heavily on **heuristics**, or mental shortcuts. These are often adaptive and useful, especially in familiar situations. For example, we can navigate routine tasks on “autopilot.” This conserves mental energy.

However, heuristics can lead to **cognitive biases**, which are systematic errors in thinking. These biases are not random mistakes; they arise from the normal operation of the brain. The chapter’s philosophical point is that irrationality is often built into ordinary cognition, which means that critical thinking must be learned as a corrective discipline.

### The substitution heuristic
One especially important mechanism is **substitution**: when faced with a hard question, the mind answers an easier one instead. This often produces “cognitive ease” but not truth. For example, people may evaluate a politician not by careful analysis but by whether they like them emotionally.

---

## 4. Overcoming Bias Through Critical Reflection and Metacognition

The second section explains how to resist bias. The central tool is **metacognition**, meaning “thinking about thinking.” This is higher-order reflection in which one examines one’s own reasoning, not just the object of thought.

### What metacognition involves:
- checking one’s work
- planning ahead
- asking what one knows and what one does not know
- monitoring understanding
- evaluating weaknesses
- reflecting on one’s reasoning process

This matters because bias is often invisible to the person who has it. Metacognition allows a student to step back from their immediate reactions and ask whether those reactions are justified.

The chapter also emphasizes practical conditions that help critical thinking:
- enough time
- low stress
- minimal distraction
- an organized environment

The lesson is both psychological and philosophical: rationality is difficult under pressure, and philosophy requires conditions that support sustained attention.

---

## 5. Major Cognitive Biases

The chapter then surveys several common biases and explains why each matters for philosophical thinking.

### Confirmation bias
The tendency to seek, interpret, and remember information that confirms what one already believes.

**Why it matters:**
- It reinforces existing beliefs.
- It contributes to political polarization.
- Social media and algorithms intensify it.

**Philosophical relevance:**
Students should not use philosophy merely to defend what they already think. They should actively test their beliefs against counterevidence.

### Anchoring bias
The tendency to rely too heavily on an initial number, value, or idea.

**Why it matters:**
- First impressions strongly shape later judgments.
- Even arbitrary starting points can distort estimates.

**Philosophical relevance:**
A student should not latch onto the first plausible interpretation of a text or argument.

### Availability heuristic
The tendency to judge likelihood based on what is easiest to recall.

**Why it matters:**
- Vivid or recent events feel more common than they really are.
- Media coverage can distort risk perception.

**Philosophical relevance:**
Frequency and importance are not the same as vividness.

### Tribalism
The tendency to identify strongly with a group and favor insiders over outsiders.

**Why it matters:**
- It strengthens community, but also fuels hostility.
- Even superficial group markers can activate bias.

**Philosophical relevance:**
It can prevent fair evaluation of opposing views.

### Bandwagon fallacy
Believing something because many others believe it.

**Why it matters:**
- Popularity is not truth.
- Social conformity can replace reasoned judgment.

### Sunk cost fallacy
Continuing to invest in something because of past investment, even when it is no longer worthwhile.

**Why it matters:**
- People cling to failing jobs, relationships, businesses, or projects.
- Emotional attachment distorts rational decision-making.

### Gambler’s fallacy
Assuming future chance events are “due” because of past outcomes.

**Why it matters:**
- It confuses statistical independence with hidden patterns.
- It is a common error in reasoning about probability.

---

## 6. Developing Good Habits of Mind

The chapter then turns from error to self-cultivation. Critical thinking requires habits that support objectivity and restraint.

### Objectivity through abstraction
Students are encouraged to step back from their own immediate social and historical situation. This means:
- distinguishing one’s personal experience from universal claims
- recognizing that experience is situated and limited
- imagining alternative contexts and perspectives

But the chapter also wisely notes that personal experience can be philosophically important, especially when dominant traditions have excluded marginalized voices. So abstraction is not always the right move; sometimes concrete experience corrects overly general assumptions.

### Steelmanning opposing views
Rather than weakening an opponent’s argument, one should make it as strong as possible before criticizing it. This is the opposite of **strawmanning**.

### Counterexamples
A counterexample is a crucial philosophical tool. It tests the limits of a claim by showing that the claim fails in at least one case. Students should learn to use counterexamples to evaluate philosophical generalizations.

### Emotional caution
Strong emotional responses can distort thinking. The chapter does not say emotions are bad; rather, it says they need to be interpreted, not simply obeyed. The philosopher must ask: *Why am I reacting this way? Is the emotion evidentially relevant?*

### Epistemic humility
This is one of the chapter’s most important philosophical virtues. **Epistemic humility** is the recognition that one’s knowledge is limited, fallible, and shaped by one’s situation.

This includes:
- being cautious about overconfidence
- recognizing the fragility of memory and testimony
- understanding that expertise takes time
- admitting ignorance where appropriate

### Dunning-Kruger effect
The chapter explains that novices often overestimate their competence, while experts are usually better calibrated. This is a serious warning for philosophy students: initial confidence is not evidence of understanding.

---

## 7. Gathering Information and Evaluating Sources

The chapter turns next to practical research skills, especially in the digital age. It argues that internet searching alone is not enough; students need disciplined source evaluation.

### Recommended philosophical resources:
- **Internet Encyclopedia of Philosophy (IEP)**: accessible, general overview
- **Stanford Encyclopedia of Philosophy (SEP)**: more advanced, detailed, and scholarly

Students should ideally move from encyclopedia entries to primary sources and then to scholarly citations.

### The SIFT method
The chapter recommends Michael Caulfield’s SIFT approach to fact-checking:
1. **Stop** and slow down
2. **Investigate the source**
3. **Find better coverage**
4. **Trace claims to the original context**

This is especially useful because online content can be misleading while appearing authoritative. Search engines prioritize popularity and optimization, not truth. Students should “read laterally,” meaning they should check what other trustworthy sources say about a claim or source rather than relying only on the page in front of them.

The chapter’s examples—on a border wall photo, a “smart toilet,” and damage to Stonehenge—show that misinformation can look polished, plausible, and current. Philosophically, the lesson is that truth requires methods of verification, not mere plausibility.

---

## 8. Reading Philosophy

This section gives a practical method for reading philosophical texts. The key idea is that philosophical reading is not like reading a novel or a news article. The goal is not simply to absorb information but to follow arguments, detect assumptions, and understand the dialectical structure of the text.

### Three-stage method:
1. **Pre-read**
   - Examine title, author, publication context
   - Review table of contents, headings, bibliography
   - Build a rough map of the argument

2. **First read with flagging**
   - Move quickly but purposefully
   - Identify key claims
   - Note the sources of evidence
   - Track objections, replies, and transitions

3. **Close read**
   - Read slowly and thoughtfully
   - Look up terms and concepts
   - Ask how claims support one another
   - Write objections in the margins
   - Think alongside the author critically

### Important interpretive principles:
- **Principle of charity**: interpret the author in the strongest reasonable way.
- **Dialectic**: philosophical texts often move between competing views, objections, and replies.

The chapter stresses that students should not assume every claim in a philosophical text is the author’s final view. Often philosophers present rival positions in order to test and refine them.

---

## 9. Writing Philosophy Papers

The final section explains how to write philosophy papers clearly and effectively.

### Core principles:
- Start with a **specific, manageable thesis**
- Build the paper around an argument, not mere description
- Use evidence carefully and thoughtfully
- Anticipate counterarguments
- Represent sources accurately and charitably

### Good thesis statements:
A strong thesis should usually do one of the following:
- compare two philosophical views
- criticize a weak argument
- apply a theory to a contemporary issue
- strengthen a philosopher’s claim
- analyze implications of a position

The chapter warns against overly broad or vague theses. Philosophy papers should not attempt to solve everything. They should aim at a focused, defensible claim.

### Structure of a philosophy paper:
1. **Introduction**
   - Provide context
   - Explain the topic’s importance
   - State the thesis clearly

2. **Body**
   - Present the argument
   - Use sources, examples, and reasoning
   - Address objections and counterarguments

3. **Conclusion**
   - Summarize the argument
   - Reaffirm the thesis
   - Do not introduce new material

The chapter emphasizes that a philosophy paper is not just a report on what others think. It is an exercise in reasoned judgment. Students must learn to construct arguments that are coherent, evidence-based, and open to criticism.

---

# Overall Philosophical Takeaway

This chapter’s deepest message is that philosophical thinking depends on understanding the fallibility of the human mind. Human beings are not naturally bad thinkers, but we are naturally biased, selective, emotionally driven, and prone to shortcuts. Philosophy therefore requires discipline: metacognition, humility, careful reading, source evaluation, and argument-centered writing.

In short:

- **The mind is active, not passive**
- **Emotion and reason are intertwined**
- **Bias is normal but correctable**
- **Humility is a philosophical virtue**
- **Reading and writing philosophy are learned skills**
- **Truth-seeking requires method, not just opinion**

For students, the chapter functions as both a warning and a guide: if you want to do philosophy well, you must learn to slow down, question yourself, read charitably, seek evidence carefully, and write with precision.",,,1.0,,azure
Persona_Pattern,philosophy_3,"Here is a comprehensive philosophical summary of the text, organized to help students grasp both the historical development and the major ideas.

---

## Overall Theme of the Chapter

The chapter argues that philosophy did not begin only in ancient Greece. Rather, philosophical reflection emerged in several world civilizations—especially in Africa, India, China, and the Americas—during what Karl Jaspers called the **Axial Age** (roughly 800–200 BCE). This was a broad historical turning point in which human beings moved from primarily **mythic explanations** of reality to more systematic, reflective, and often critical forms of thought.

A central point is that the shift from **mythos** to **logos** should not be imagined as a clean break. Religious, mythological, philosophical, and even scientific thinking often overlapped. Early philosophical traditions frequently used mythic language, while religious texts often contained serious reasoning. The transition was gradual, uneven, and historically complex.

---

# 1. Philosophy, Writing, and History

The text begins by stressing that the invention of **writing** did not create human meaning or history, but it made them recordable and transmissible across time. Before writing, humans lived in **prehistory**, which does not mean they lacked historical consciousness—only that their histories were preserved orally and are no longer directly accessible to us.

The earliest written records, especially from **Sumer in Mesopotamia** around 3500 BCE, included:
- genealogies
- heroic and everyday narratives
- legal codes

These texts reveal early social and political life. Later writing began to express explicitly philosophical questions, often through religious and mythological forms.

---

# 2. Indigenous Philosophy

## General Issues

The chapter emphasizes that **Indigenous philosophy** is difficult to study because it has often been preserved through **oral traditions**, not written texts, and because Western academic philosophy historically ignored or dismissed it. Studying Indigenous philosophy therefore requires methods closer to **ethnography**, oral history, and cultural interpretation.

The chapter also notes that colonialism deeply damaged Indigenous intellectual traditions:
- languages were suppressed
- cultural transmission was disrupted
- written and oral records were lost or destroyed
- Indigenous intellectual traditions were denied philosophical status

This means that recovering Indigenous philosophy is both an intellectual and ethical task.

---

## 2.1 Indigenous African Philosophy

### Historical Context
Africa may have been the first place where the move from mythic to more philosophical thought occurred, especially because of early writing systems such as **Egyptian hieroglyphics**.

But much of African philosophical history has been obscured by:
- colonialism
- loss of records
- limited European-language scholarship
- deliberate destruction of archives

### Early Scholarly Recognition
The text highlights several important African thinkers:

#### Stefano Kaoze
A Congolese philosopher who wrote on **Bantu** moral values, knowledge, and God. He argued that African thought has philosophical depth and can challenge Western assumptions.

#### Placide Tempels
His book **Bantu Philosophy** brought African philosophy to wider Western attention. Although later critics said he sometimes projected his own interpretations onto African thought, he helped open philosophical discussion about African metaphysics.

Tempels described Bantu thought as centered on **vital force**, a dynamic conception of reality in which:
- God is the source of force
- all beings are forms of force
- human life is affected by spiritual and natural forces

### Ubuntu and Communitarianism
One of the most important concepts discussed is **ubuntu**, often summarized by the phrase:

> “I am because we are.”

This expresses the idea that human beings are fundamentally **relational and interdependent**. Individual identity is shaped through community. This leads to **communitarian philosophy**, which gives priority to the social whole rather than to isolated individuality.

### Yoruba Philosophy and Sophie Olúwọlé
The text also discusses **Sophie Olúwọlé**, a major Nigerian philosopher who defended Yoruba philosophy as fully philosophical in its own right.

She worked on the **Odu Ifá**, the oral corpus of Yoruba religious-philosophical thought, and argued that **Ọ̀rúnmìlà**—a central priestly figure in the tradition—should be considered a philosopher comparable to Socrates.

Her comparison with Socrates emphasizes shared themes:
- truth as eternal
- humility about human knowledge
- the distinction between good and bad
- the importance of virtue

But she also highlights a key difference:
- **Socrates**: tends toward a binary opposition between matter and ideas
- **Ọ̀rúnmìlà / Yoruba thought**: favors **complementary dualism**, where opposites are inseparable and interdependent

This is philosophically important because it shows that African traditions may reject strict Western either/or logic in favor of a more relational metaphysics.

### Henry Odera Oruka
The Kenyan philosopher **Henry Odera Oruka** pioneered fieldwork to record the thoughts of living sages. This was important because it demonstrated that philosophy is not limited to literate textual traditions.

---

## 2.2 Indigenous North American Philosophy

The text stresses that Indigenous North American philosophy cannot be reduced to a single doctrine because the continent contains **thousands of distinct societies**. Still, some broad themes recur.

### Major Themes
Common ideas include:
- reality as **animated** and dynamic
- the universe as created by **more than one being**
- creation understood as analogous to **thought**
- balance, complementarity, and exchange
- nonbinary and fluid understandings of gender
- an ethical view of the self as fundamentally social

### The Diné and Zuni
Examples given include:
- the **Diné**, for whom breath is a fundamental force of exchange
- the **Zuni**, whose twin symbolism expresses complementarity and mirrored existence

### The Pueblo and Identity
The **Pueblo** idea of selfhood is described as a **transformative model of identity**:
- identity is shaped by land
- identity is connected to time and cycles
- clan movement is represented in spiral forms
- moral life is communal rather than individualistic

This contrasts sharply with modern Western individualism.

---

## 2.3 Mesoamerican Philosophy

The chapter moves to the Maya and Aztec, emphasizing that their civilizations possessed writing and advanced intellectual traditions.

---

### Maya Philosophy

#### Writing and Knowledge
The Maya developed a sophisticated writing system combining:
- phonetic/alphabetic elements
- pictographic/hieroglyphic elements

Much of this was destroyed after the Spanish conquest, especially by Catholic priests who burned codices.

#### Mathematics and Astronomy
The Maya are noted for:
- advanced mathematics
- possibly being among the first to use **zero**
- highly accurate astronomy
- the ability to predict eclipses

#### Time and the Calendar
The Maya had a remarkably complex understanding of time:
- time was cyclical
- multiple calendars ran simultaneously
- ritual and history were deeply linked
- the calendar guided social and religious life

#### Divinity
The Maya recognized many gods but also a single godlike force called **K’in**, associated with solar energy and the structure of time. Rulers were thought to mediate this force.

---

### Aztec Philosophy

#### Metaphysics: Teotl
For the Aztecs, reality is grounded in **teotl**, a divine energy or force that underlies everything.

Important features of teotl:
- **monist**: all reality is one kind of thing
- **pantheistic**: the divine permeates all
- **amoral**: not a moral person-like God
- **dynamic**: reality is a process, not a static substance
- **teleological**: change unfolds toward an end

Time is **cyclical**, not linear.

#### Epistemology: Well-Rootedness
Aztec knowledge is described as **“well-rootedness.”**

To know truly is not just to have correct propositions; it is to be:
- stable
- grounded in reality
- capable of acting well in a shifting world

This is both:
- an epistemological idea
- an ethical ideal

The world is “slippery,” so the task is to remain balanced and rooted through virtuous character.

---

# 3. Classical Indian Philosophy

The chapter emphasizes that Indian philosophy is as rich and ancient as European philosophy and in many respects older.

A key point is that Indian philosophy, like Greek and Roman philosophy, treats philosophy not merely as theory but as a **way of life**.

---

## 3.1 The Vedic Tradition

The earliest philosophical texts in India are the **Vedas**:
- Rigveda
- Samaveda
- Yajurveda
- Atharvaveda

They were transmitted orally for centuries and considered **shruti**, or “heard” revelation.

### Structure of the Vedic Corpus
Later Hindu tradition organizes Vedic literature into:
1. **Samhitas** – hymns and mantras  
2. **Aranyakas** – ritual instructions  
3. **Brahmanas** – commentaries on ritual  
4. **Upanishads** – philosophical reflections

The **Upanishads** become the philosophical heart of Hinduism.

### Metaphysical Ideas
The Vedas propose a deep analogy between:
- the self
- the cosmos

Reflection on the self can reveal the structure of reality.

Key ideas include:
- the universe is **cyclical**
- human life is part of **reincarnation**
- liberation requires escaping this cycle
- purification and ascetic practice are crucial

The Vedic worldview is also hierarchical, reflected in both cosmic order and the emergence of **caste**.

---

## 3.2 Classical Indian Darshanas

**Darshana** means “view” or “way of seeing,” and refers to philosophical systems that offer distinct perspectives on reality and liberation.

### Orthodox Hindu Schools
The six major orthodox schools are:
- **Samkhya**
- **Yoga**
- **Nyaya**
- **Vaisheshika**
- **Mimamsa**
- **Vedanta**

---

### Samkhya
A **dualistic** system with:
- **purusha** = pure consciousness
- **prakriti** = matter/nature

Liberation occurs when consciousness is freed from matter.

This system presents a detailed evolutionary account of how the mind, senses, elements, and body emerge from the interaction of consciousness and matter.

---

### Yoga
Yoga is not merely exercise; it is a spiritual discipline aimed at ending mental fluctuation and realizing the true self.

Patanjali’s system describes **eight limbs**:
1. ethical restraints (**yamas**)
2. observances (**niyamas**)
3. posture (**asana**)
4. breath control (**pranayama**)
5. sense withdrawal
6. concentration
7. meditation
8. **samadhi** — union with ultimate reality

Yoga’s goal is liberation through disciplined stillness and insight.

---

### Nyaya
Nyaya focuses on:
- logic
- epistemology
- valid means of knowledge (**pramanas**)

Its four pramanas are:
- perception
- inference
- comparison
- testimony

Nyaya holds that liberation depends on **right knowledge**.

---

### Vaisheshika
This school emphasizes:
- naturalism
- atomism
- two main pramanas: perception and inference

It explains reality in terms of enduring atoms that combine and recombine.

---

### Mimamsa
Mimamsa is focused on:
- ritual
- duty (**dharma**)
- careful interpretation of sacred language

It is less concerned with gods than with the practical power of Vedic injunctions.

---

### Vedanta
Vedanta centers on the **Upanishads** and teaches that:
- **brahman** is the unchanging cause of the universe
- the self is a moral agent
- karma determines consequences
- liberation from rebirth is the ultimate goal

---

# 4. Classical Chinese Philosophy

Chinese philosophy, like Indian philosophy, emphasizes practical wisdom more than abstract logic for its own sake. It is especially concerned with:
- ethics
- social order
- harmony
- the relation between individual and society

---

## 4.1 Early Chinese Thought

Chinese writing may be much older than previously thought, as suggested by a 5,000-year-old stone axe with characters on it.

Early Chinese thought mixed:
- myth
- cosmology
- politics
- ethics
- natural observation

### Key Early Concepts
- **Heaven (tian)**: can mean sky, fate, moral principle, or a ruling power
- **yin and yang**: complementary forces underlying reality
- **five elements**: earth, wood, metal, fire, water
- **harmony**: the productive coordination of difference

This period shows the gradual emergence of philosophical thinking from cosmological and ritual contexts.

---

## 4.2 Confucianism

Confucius (551–479 BCE) developed a philosophy centered on **virtue**, **social harmony**, and **moral cultivation**.

Confucianism became foundational for Chinese civilization and statecraft.

### Central Ethical Framework
Confucianism is a form of **virtue ethics**. Its main virtues are:

- **ren** – benevolence or humaneness
- **yi** – righteousness
- **li** – propriety or ritual
- **zhi** – wisdom
- **xin** – trustworthiness

These are grounded in **de**, moral character formed through habituated action.

### Relational Ethics
Confucian ethics is not individualistic. It emphasizes key relationships:
- father and son
- ruler and subject
- husband and wife

This produces a model of **filial piety**, where family obligations are ethically central.

### Reciprocity
Confucius gives a version of the Golden Rule:
> Do not do to others what you would not want done to yourself.

### The Junzi
The ideal person is the **junzi**, a morally cultivated person who embodies virtue, moderation, and social responsibility.

### Family vs. State
Confucius sometimes prioritizes family obligations over state obligations, showing that moral life is ordered by concentric circles of responsibility.

### Mencius and Xunzi
Later Confucians developed the tradition in opposing directions:

- **Mencius**: human nature is naturally good; virtue grows by extending innate compassion
- **Xunzi**: human nature is bad; virtue must be cultivated through ritual, discipline, and education

### Neo-Confucianism
Later thinkers revived Confucianism in dialogue with Buddhism and Daoism, keeping it central to East Asian philosophy.

---

## 4.3 Daoism

Daoism is associated with the **Daodejing** and **Zhuangzi**.

It is highly critical of Confucianism and offers a very different view of morality and life.

### Core Idea: the Dao
The **dao** is the natural way of reality. It is:
- difficult to define
- beyond language
- the source of all order
- not moral in the Confucian sense

Daoism is skeptical about language, categories, and rigid distinctions. It suggests that words and concepts distort reality rather than capture it.

### Skepticism
Daoism is marked by skepticism about certainty:
- human beings often do not know
- even if truth exists, it may not be expressible
- the wise recognize the limits of knowledge

### Wuwei
The central ethical practice is **wuwei**, often translated as “nonaction,” but better understood as:
- nonforcing
- effortless action
- responsiveness
- softness
- adaptiveness

Daoist sages act like water: yielding, but powerful. They do not try to dominate reality; they move with it.

### Practical Lesson
The Daoist ideal contrasts strongly with Confucian moral cultivation. Where Confucius emphasizes ritual, hierarchy, and social responsibility, Daoism emphasizes spontaneity, simplicity, and freedom from artificial social constraints.

---

## 4.4 Mohism

Mohism, founded by **Mozi**, is often presented as the main rival to Confucianism.

### Core Ethical Principle
Mohism argues for:
- **inclusive care**
- impartial concern for all people
- opposition to aggression and war

Mozi criticizes partiality toward family, class, or state when such partiality produces conflict.

### Consequentialism
Mohism is strongly **consequentialist**:
- actions are judged by whether they benefit the world
- good is what produces benefit
- bad is what produces harm

### Heaven as Moral Model
Mozi appeals to **heaven** as impartial and universal, making it the proper standard for morality.

### Rational and Pragmatic Method
Mohism is highly systematic:
- it seeks standards and models
- it values practical usefulness
- it is less concerned with ritual than with benefit
- it promotes epistemic clarity and consistency

### Epistemology
Knowledge is understood practically:
- to know something is to recognize and correctly identify it
- the point is not abstract essence but reliable distinction and application

Mohism therefore differs from both Confucian moral traditionalism and Daoist skepticism.

---

# 5. Major Comparative Philosophical Insights

The text helps students see that these traditions differ in fundamental ways:

## African traditions
- emphasize relational selfhood
- value complementarity
- often reject strict binary oppositions
- show that philosophy can be oral, communal, and non-Western in form

## Indian traditions
- emphasize liberation
- understand reality in terms of cyclical time, karma, and rebirth
- see philosophy as discipline and way of life
- develop highly sophisticated metaphysics and epistemology

## Chinese traditions
- focus on ethics, harmony, and social order
- stress practical wisdom rather than detached theory
- offer contrasting models of morality:
  - Confucian virtue and ritual
  - Daoist spontaneity and nonforcing
  - Mohist impartial care and utility

---

# 6. Philosophical Significance of the Chapter

The deepest lesson of the chapter is that philosophy is not exclusively Western, nor is it merely abstract theory. Across world traditions, philosophy is presented as:
- a way of understanding reality
- a guide to ethical life
- a response to social and political disorder
- an inquiry into the self, knowledge, and ultimate truth

It also shows that different traditions answer the same philosophical questions in very different ways:
- What is reality?
- What is a human being?
- How should one live?
- What is knowledge?
- What is the relation between self and community?
- How should one respond to change, suffering, and uncertainty?

---

If you want, I can also turn this into:
1. a **shorter study guide**,  
2. a **table comparing African / Indian / Chinese philosophies**, or  
3. **exam-style questions with answers**.",,,1.0,,azure
Persona_Pattern,philosophy_4,"This chapter offers a broad introduction to **logic as a central philosophical method**, showing how philosophers use reasoning to approach truth, test beliefs, and avoid errors in thinking. The text emphasizes that philosophy differs from many sciences because it often deals with questions that do not yet have definitive answers—questions about God, morality, reality, the self, and meaning. In that context, **logic is not just a technical subject but a discipline governing how we ought to reason**.

## 1. Logic as a philosophical method for discovering truth

The chapter begins with the idea that philosophy is fundamentally a **truth-seeking practice**, but one whose subject matter often lacks settled conclusions. Because of this, philosophers must be comfortable with **uncertainty, revision, and alternative possibilities**. Logic is essential here because it helps us evaluate what follows from our beliefs and what those beliefs commit us to.

A central philosophical point is that **reasoning is not passive**: when we accept one belief, we often inherit further implications. This makes philosophy a discipline of constant critical scrutiny. If one belief changes, many others may need adjustment. In this sense, logic helps expose the structure of our worldview.

### Dialectic and argumentation
The chapter treats **dialectic** as a collaborative, truth-oriented exchange between interlocutors. Unlike mere debate, dialectic is not about winning, persuading through emotion, or defeating an opponent. It is about testing beliefs through questioning, counterexamples, and refinement. The process often begins with a question, followed by proposed answers, objections, and revised answers. Through this iterative process, participants move closer to truth.

The chapter links this method to several major traditions:
- **Early Indian philosophy**, especially the Vedas and Upanishads, where dialogue is a major literary and philosophical form.
- **Buddhist texts**, where analogical reasoning and structured argumentation become increasingly sophisticated.
- **Greek philosophy**, especially **Socrates**, who used questioning to reveal ignorance and help others discover truth themselves.
- **Aristotle**, who systematized logic into a formal discipline and made it foundational for dialectical reasoning.

The important historical lesson is that logic and dialectic are deeply connected: **logic supplies the structure, while dialectic supplies the interactive method of testing claims**.

## 2. Reason, hypothesis testing, and the laws of logic

The chapter explains that logic is like a set of rules for thought, comparable in some ways to mathematics. We use it to:
- formulate hypotheses,
- derive consequences,
- test coherence,
- and assess evidence.

A **hypothesis** is a proposed explanation for a phenomenon. Logic matters not only when testing scientific hypotheses but whenever we ask “What explains this?” or “What would follow if this were true?” The chapter stresses that good reasoning is involved at every stage:
1. forming the hypothesis,
2. deciding how to test it,
3. collecting data,
4. analyzing results,
5. revising or rejecting the hypothesis.

### Laws of logic
The text focuses especially on two classical logical principles:

#### Law of noncontradiction
A statement and its negation cannot both be true **in the same sense, at the same time**. For example, “The dog is on the bed” and “The dog is not on the bed” cannot both be true simultaneously under the same interpretation. Aristotle regarded this principle as fundamental to thought, language, and knowledge itself.

#### Law of excluded middle
For any statement, either it is true or its negation is true. If a statement cannot be both true and false, then one of the two must obtain. This law is closely tied to the noncontradiction principle.

### Normativity of logic
A major philosophical claim here is that logic is **normative**: it tells us not merely how we do reason, but how we **ought** to reason. We ought to avoid contradiction, inconsistency, and irrational inference. Some philosophers even argue that logic is **constitutive of reasoning itself**—without logical norms, there would be no genuine reasoning.

## 3. Logical statements: conditionals, necessity, sufficiency, and counterexamples

The chapter then turns to important types of statements used in logic.

### Conditionals
A **conditional** is an if–then statement, though it can also appear in forms like “only if” or universal statements like “All dogs are mammals.” The parts are:
- **antecedent** = the “if” part
- **consequent** = the “then” part

Conditionals express:
- **sufficient conditions**: if X is sufficient for Y, then X guarantees Y
- **necessary conditions**: Y is necessary for X if X cannot be true without Y

For example:
- Being a bachelor is sufficient for being unmarried.
- Being unmarried is necessary for being a bachelor.

A key lesson is that **necessity and sufficiency are not symmetrical**:
- If X is sufficient for Y, Y does not necessarily imply X.
- If Y is necessary for X, X does not necessarily follow from Y.

This distinction is crucial for philosophical clarity, especially when defining concepts in ethics, politics, metaphysics, and epistemology.

### Counterexamples
The chapter stresses the power of **counterexamples**. A counterexample is a case that shows a statement is false or an argument invalid. To refute a conditional or universal claim, one only needs a single relevant exception.

This is philosophically important because philosophy often works by:
- testing broad claims,
- searching for exceptions,
- and refining definitions.

Counterexamples are therefore not merely rhetorical devices but core tools of analysis.

### Universal statements
A **universal affirmative statement** has the form “All A are B.” These are logically equivalent to conditionals and often express classification or general laws. Like conditionals, universal claims can be disproven by a single counterexample.

## 4. Arguments, premises, conclusions, and logical analysis

The chapter next defines an **argument** as a set of reasons offered in support of a conclusion. An argument has:
- a **conclusion**: what the arguer wants us to accept
- **premises**: the reasons or evidence offered

Philosophical argument analysis starts by identifying:
1. the conclusion,
2. the premises,
3. the inferential connection between them.

The chapter notes that arguments may include:
- conceptual claims,
- empirical evidence,
- principles or rules.

### Truth vs. logic
A major distinction is between:
- **truth analysis**: whether statements are actually true
- **logical analysis**: whether the premises support the conclusion

This distinction is central. An argument can have:
- true premises and a true conclusion, yet still be invalid,
- false premises and a false conclusion, yet still have valid structure.

So philosophers evaluate both:
1. whether the evidence is true,
2. and whether it logically supports the conclusion.

## 5. Deductive, inductive, and abductive inference

The chapter distinguishes three major kinds of inference.

### Deductive inference
Deduction aims at **necessary truth-preservation**: if the premises are true, the conclusion must be true. Deductive arguments are evaluated for **validity**, which concerns structure rather than actual truth.

The chapter presents standard valid forms:
- **Disjunctive syllogism**
- **Modus ponens**
- **Modus tollens**

A valid argument is one where the conclusion cannot be false if the premises are true.

#### Invalid deductive forms
The chapter also explains common invalid patterns:
- **Affirming the consequent**
- **Denying the antecedent**

These are classic mistakes in conditional reasoning. They often arise from misunderstanding necessity and sufficiency.

### Inductive inference
Induction moves from:
- specific instances to general conclusions,
- general beliefs to specific predictions,
- or the past to expectations about the future.

Inductive reasoning is extremely common in everyday life and science, but it does **not guarantee truth**. It produces conclusions that are more or less probable.

Examples include:
- generalizing from repeated observations,
- predicting future events from past regularities,
- forming everyday expectations like “the sun will rise tomorrow.”

The chapter notes David Hume’s famous skepticism about induction: even when a pattern has always held, no contradiction arises in imagining that it might fail. Thus induction can be highly reliable without being certain.

Inductive arguments can be:
- **strong**: if the premises are true, the conclusion is probably true
- **weak**: if the premises are true, the conclusion is not probably true

### Abductive inference
Abduction is **inference to the best explanation**. Here, the conclusion does not merely follow from evidence; it explains the evidence. This is especially important in diagnosis, detective work, and scientific theorizing.

A good abductive explanation should be:
- **explanatory**: it accounts for all the evidence
- **simple**: it avoids unnecessary complications
- **conservative**: it fits with established beliefs
- **deep**: it does not create more unresolved questions than it solves

The chapter connects this to **Occam’s razor**: when explanations are otherwise equal, the simpler one is preferred. But the text also wisely warns that simplicity is a guideline, not an absolute rule. Revolutionary claims can be correct if they are supported by strong evidence.

The principle “extraordinary claims require extraordinary evidence” summarizes this cautious approach.

## 6. Informal fallacies: how reasoning goes wrong

The final section classifies **informal fallacies**, which are errors in reasoning due to content, relevance, or unwarranted assumptions—not just bad form. This is distinct from formal fallacy, which is a structural error.

The chapter groups informal fallacies into four broad categories:

### A. Fallacies of relevance
These use evidence that is not logically relevant to the conclusion.

#### Appeal to emotion
This tries to persuade by provoking pity, fear, admiration, anger, or other feelings rather than giving relevant reasons.

#### Ad hominem
This attacks the person rather than the argument. The person’s character, history, or personal traits are treated as though they determine the truth or falsity of their claim.

A special form is **tu quoque** (“you too”), which dismisses someone’s argument by alleging hypocrisy. The chapter emphasizes that hypocrisy may affect trust in a person, but it does not by itself refute the argument they make.

### B. Fallacies of weak induction
These use evidence, but the evidence is too weak or biased to support the conclusion.

#### Hasty generalization
A conclusion is drawn from too little evidence.

#### Biased sample
The evidence is not representative of the broader group being discussed.

#### Appeal to ignorance
The lack of evidence for something is treated as evidence that it is false, or vice versa. The chapter rightly notes that absence of evidence is not always evidence of absence.

#### False cause
This assumes a causal connection where there is only correlation or temporal sequence. The text highlights the principle that **correlation does not equal causation**.

### C. Fallacies of unwarranted assumption
These depend on an unjustified assumption hidden in the argument.

#### False dichotomy
This wrongly presents only two options when more possibilities exist.

#### Begging the question
This assumes what it is trying to prove, either in circular reasoning or by smuggling in a controversial premise.

This is philosophically important because it can make an argument appear valid when it is actually relying on an unearned assumption.

### D. Fallacies of diversion
These distract from the issue rather than addressing it.

#### Strawman
The arguer misrepresents an opponent’s view in weaker or more extreme form and attacks that distortion.

#### Red herring
The arguer changes the subject to avoid the original issue.

## 7. Overall philosophical significance

The chapter’s deeper philosophical message is that **logic is indispensable to philosophy because philosophy is committed to rational inquiry under conditions of uncertainty**. Since philosophy often deals with questions that cannot be settled by direct observation alone, it relies on:
- careful analysis of language,
- testing of assumptions,
- examination of consequences,
- evaluation of evidence,
- and recognition of fallacies.

Students should take away several key methodological lessons:
1. **Truth and validity are not the same.**
2. **A good argument can have false premises; a true conclusion does not make an argument good.**
3. **Counterexamples are essential tools of critique.**
4. **Deduction, induction, and abduction serve different purposes.**
5. **Many persuasive-looking arguments fail because they rely on emotion, hidden assumptions, weak generalizations, or distraction.**

In short, the chapter presents logic as the philosophical discipline that helps us move from mere opinion toward justified belief, from confusion toward clarity, and from unreliable intuition toward disciplined reasoning.",,,1.0,,azure
Persona_Pattern,philosophy_5,"Here is a comprehensive, student-friendly summary of the text, written from a philosophical perspective and emphasizing the main arguments, distinctions, and debates.

---

# Comprehensive Summary: Metaphysics, Substance, Self, God, and Free Will

This chapter introduces **metaphysics**, the branch of philosophy concerned with **what is real**, **what counts as being**, and **how reality is structured**. The chapter’s guiding idea is that many apparently simple questions—such as “What is an oak tree?”, “What is the self?”, “Does God exist?”, and “Do we have free will?”—are actually deeply metaphysical questions. To ask what something is at the deepest level is to ask about its **essence, cause, identity, and purpose**.

A central image in the chapter is the **acorn and the oak tree**. At first they seem radically different, yet they are the same being across development. This example introduces several major metaphysical themes:

- **Change and permanence**
- **Potentiality and actuality**
- **Essence and substance**
- **Purpose or teleology**

Aristotle is crucial here. He explains change not as a contradiction but as the movement of a being from **potentiality** toward **actuality**. The acorn is potentially an oak; the oak is the actualized fulfillment of that potential. This allows philosophers to explain how a thing can change while remaining the same underlying entity.

---

# 6.1 Substance

## What is substance?
The chapter begins with the notion of **substance** (Latin: *substantia*), meaning the underlying reality of a thing—the “what it is” beneath changing features. Substance is what remains stable through alteration.

The key question is: **What is the fundamental basis of reality?** Is reality made of one thing or many?

## Monism vs. pluralism
The chapter distinguishes between:

- **Monism**: reality is fundamentally **one**
- **Pluralism**: reality is fundamentally **many**

### Pre-Socratic monists
Several early Greek philosophers proposed that the universe is grounded in a single basic reality:

- **Thales**: water
- **Anaximander**: the unbounded
- **Anaximenes**: air
- **Heraclitus**: fire
- **Parmenides**: Being itself

These thinkers sought a rational principle underlying the world. Thales, for example, believed water was basic because all living things depend on it. The argument is internally coherent but downplays the reality of change and plurality.

### Pre-Socratic pluralists
Pluralists argued that reality consists of many basic elements:

- **Anaxagoras**: moving bits of matter
- **Empedocles**: fire, air, water, earth
- **Leucippus and Democritus**: atoms

Greek atomism held that atoms are **indivisible, eternal, and uncuttable**. Visible objects are just temporary arrangements of atoms. The invisible atomic level is what is truly real. However, this view still tends to treat change as secondary and does not fully solve the problem of how the acorn and oak remain the same being through transformation.

## Indian atomism
The chapter compares Greek atomism with **Indian atomism**, especially:

- **Acharya Kanad**
- **Nyāya-Vaiśeṣika**

Indian atomism also claims reality consists of atomic units, but it gives a richer account of how atoms combine into wholes. Important features include:

- Atoms can possess **sensible qualities**
- There is concern with avoiding **infinite regress**
- Composition proceeds through combinations such as:
  - **dyads**
  - **triads**

Unlike Democritus’s more mechanical picture, the Indian tradition explains how orderly wholes emerge from atomic composition in a structured way.

## Ontology and naturalism
The chapter then broadens into **ontology**, the study of being itself. It distinguishes:

- **Physicalism**: reality is physical
- **Naturalism**: only natural, empirically observable entities count as real

Naturalism rejects claims that cannot be empirically tested and is closely tied to modern scientific method. It contrasts with **supernaturalism**, which allows realities beyond the physical world.

## Plato: forms and substance
Plato’s famous **Allegory of the Cave** illustrates his view that ordinary sensory experience can mislead us. People mistake shadows for reality. In the same way, we often mistake changing appearances for true being.

For Plato:

- The world of sense is unstable and changing
- The **Forms** are eternal, unchanging realities
- Particular things are imperfect copies or instances of these Forms

So, the real substance of a thing is not its visible body but its underlying **form**, or essence. This explains how we recognize many dogs as dogs: they participate in the same form of dogness.

## Aristotle: hylomorphism
Aristotle rejects Plato’s separation of Form from matter. He insists that form is not in a separate realm but **embedded in things themselves**.

His view is called **hylomorphism**, from:

- *hyle* = matter/wood
- *morphe* = form

For Aristotle, substance is a **compound of matter and form**. He also uses the doctrine of the **four causes**:

1. **Material cause**: what something is made of  
2. **Formal cause**: the pattern or essence  
3. **Efficient cause**: what brings it into being  
4. **Final cause**: the purpose or end

This is a teleological account: things develop toward their proper end. The acorn becomes an oak because its nature directs it toward that fulfillment.

### Key philosophical difference
- **Plato**: reality is ultimately the realm of Forms beyond the world
- **Aristotle**: reality is found in individual things, where form and matter are united

This shift is crucial. Aristotle emphasizes **particulars** and empirical observation, while Plato emphasizes universal essences existing apart from material things.

---

# 6.2 Self and Identity

This section asks: **What makes a self the same self over time?**

The problem is not just about people; it applies to any object that changes. The **Ship of Theseus** illustrates the issue: if all the parts of a ship are replaced over time, is it still the same ship? Likewise, if our bodies constantly replace cells, in what sense are we still the same person?

## The persistence problem
The chapter frames identity as a problem of **persistence through change**:

- Can something change and still remain itself?
- How much change can occur before identity is lost?

## Judeo-Christian views of self
In many Western religious traditions, the self is understood as a **soul**. This soul provides continuity across bodily change and can persist after death.

### Aquinas
**Thomas Aquinas** adapts Aristotle to Christian theology. He distinguishes:

- **Necessary being**: exists by necessity, uncaused
- **Contingent beings**: depend on something else for existence

For Aquinas, God is the **unmoved mover** and the source of all contingent being. God is pure actuality, beyond change and potentiality.

This framework gives the world purpose and direction:

- Reality is **teleological**
- History moves toward an ultimate end, the **eschaton**
- Human beings are oriented toward divine fulfillment

## Hindu views of self
In Hindu thought, the self is **atman**, the eternal self or soul.

Important features:

- Atman is eternal
- It undergoes **reincarnation**
- The goal is **moksha**, liberation from rebirth
- Liberation comes from realizing that **atman is brahman**

### Brahman
**Brahman** may be understood as ultimate reality, the cosmic ground, or divine source. Liberation depends on living according to:

- **dharma**: moral order or duty
- **karma**: moral causation through action

Practices such as meditation, yoga, and ritual help align the self with ultimate reality.

## Buddhist views: no self
Buddhism rejects an eternal soul. Its central doctrine here is **anatman** or **no-self**.

### Dependent origination
Everything arises in dependence on everything else. No being exists independently or absolutely. There is:

- no first cause
- no permanent self
- only interdependent processes

This is a radically relational ontology.

### Suffering and liberation
The Four Noble Truths explain suffering as rooted in impermanence and craving:

1. Life involves **dukkha** (suffering or unsatisfactoriness)
2. Suffering is caused by **tanha** (craving)
3. Suffering ceases when craving ceases
4. Liberation comes through the **Eightfold Path**

The text also distinguishes three senses of dukkha:

- **dukkha-dukkha**: ordinary pain
- **viparinama-dukkha**: suffering from impermanence
- **samkhara-dukkha**: suffering rooted in interdependence

### Five aggregates
The self is analyzed into five changing processes:

1. **rupa**: form/body  
2. **vedana**: sensation  
3. **samjna**: perception  
4. **samskara**: mental formations  
5. **vijnana**: consciousness  

The “self” is not a substance but a dynamic process composed of these aggregates.

## Secular theories of self
### Locke
John Locke defines personal identity through **consciousness**, especially memory and reflection. A person is the same over time if consciousness extends across time.

### Hume
David Hume rejects a substantial self. For him, the self is just a **bundle of perceptions**: a rapidly changing collection of impressions, not a single enduring entity.

Hume’s view implies that what we call identity is constructed by resemblance, sequence, and causal association among perceptions—not by a deep metaphysical essence.

## Anthropological views
The chapter then broadens to cultural and social perspectives. Western thought tends to treat the self as separate and independent. But some traditions, like **ubuntu** in African philosophy, view personhood as inherently relational:

> “A person is a person through other persons.”

This challenges individualistic assumptions and shows that selfhood may be socially constituted.

## Mind-body problem
The chapter also addresses consciousness and the relation between mind and body.

Major positions include:

- **Physicalism**: everything is physical
- **Dualism**: mind and body are distinct
- **Behaviorism**: only observable behavior matters

### Physicalism
Physicalism claims all reality is physical. This motivates brain-based explanations of mind, but raises the problem of consciousness.

### The Mary thought experiment
Mary knows all physical facts about color but has never experienced color. If she later sees color, does she learn something new? If yes, then physicalism may be incomplete.

### Locke and consciousness
Locke also connects identity with consciousness rather than body, using the prince-and-cobbler thought experiment: if consciousness were swapped, identity would follow consciousness, not the body.

### Consciousness and qualia
The text highlights **qualia**, the subjective “what it is like” aspects of experience—pain, color, emotion, memory. These are difficult to reduce to physical processes.

### Descartes and dualism
Descartes famously distinguishes:

- **res cogitans**: thinking substance
- **res extensa**: extended substance

He places identity in the thinking self. Dualism tries to explain consciousness, but faces the problem of how mind and body interact.

### Behaviorism
Behaviorism avoids appeal to hidden mental substances. It focuses on observable behavior. Yet it struggles to account for inner experience, subjective awareness, and qualia.

---

# 6.3 Cosmology and the Existence of God

This section moves from selfhood to **cosmology**, the study of the order and structure of reality.

The major question is: **Why is there order, change, causation, and design in the universe?**

## Teleological arguments
These arguments infer a designer from observed order and purpose.

### Aquinas’s Fifth Way
Aquinas argues that things without knowledge act toward ends. Since non-intelligent things do not direct themselves, they must be guided by an intelligent being—God.

### Paley’s design argument
William Paley argues by analogy with a watch:

- A watch has many coordinated parts
- Such coordination implies a designer
- The universe, especially biological complexity like the eye, is even more ordered
- Therefore, the universe implies a divine designer

This is an inductive argument from design.

## Moral arguments
These argue from the existence of objective moral values.

If objective values exist, then there must be a source of their authority. One possible source is God. So:

- objective morality exists
- objective morality requires a grounding source
- therefore God exists

This raises the question of whether ethics depend on God or can be autonomous.

## Ontological argument
**Anselm** offers a purely rational, **a priori** proof of God’s existence.

His definition:
- God = “that than which nothing greater can be conceived”

Anselm argues:

- Existing in reality is greater than existing only in the mind
- If God is the greatest conceivable being, God must exist in reality
- Therefore, God exists

This is one of philosophy’s most famous and controversial arguments.

## Hindu cosmological reasoning
Hindu cosmology links divine order to **karma**. The idea is that karmic justice requires a conscious ordering principle, which may be identified with God or divine consciousness.

## Arguments against God in Hindu thought
The **Mīmāmsā** tradition questions the need for a divine creator. It emphasizes the eternality of the Vedas and the importance of righteous living rather than speculative theology.

## Problem of evil
This is one of the strongest challenges to theism.

If God is:

- omnipotent
- omniscient
- omnibenevolent

then why does evil exist?

### Logical problem of evil
Hume’s formulation argues that the existence of evil seems incompatible with such a God.

### Evidential problem of evil
Rowe argues not that evil logically disproves God, but that certain intense suffering makes God’s existence improbable.

## Theistic responses
### Augustine
Augustine claims evil is not a positive reality but a **privation of good**. Evil is lack, not substance. This preserves God’s goodness.

### African/Yoruba perspectives
The text contrasts Western theism with Yoruba metaphysics, where evil is not necessarily attributed to God. Instead, it may be associated with spiritual beings other than God, and evil is understood more concretely as the destruction of life rather than offense against a creator.

This framework changes the philosophical structure of the problem.

---

# 6.4 Free Will

The chapter closes with the question: **Are we truly free, or are our actions determined?**

This matters because moral responsibility depends on some account of freedom.

## The illusion of freedom
The amusement-park ride example shows that feeling free does not guarantee real freedom. We may experience choice while being constrained by hidden structures.

## The Principle of Alternative Possibilities (PAP)
A common definition of freedom says:

- A person is free **only if they could have done otherwise**

This is important for law and responsibility.

## Frankfurt’s challenge
Harry Frankfurt argues that freedom does not require doing otherwise. Instead, freedom may mean:

- doing what one wants
- acting in line with one’s higher-order desires

This complicates the traditional idea of freedom.

## Libertarianism
In metaphysics, libertarianism means:

- free actions are not determined by external causes

This view holds that genuine choice exists and that human beings can initiate actions.

## Determinism
Determinism says:

- every event has prior causes
- therefore actions could not have been otherwise

This view is supported by appeals to natural law, the causal closure of the physical world, and the influence of the past.

## Compatibilism
Compatibilism says:

- freedom and determinism can coexist

Even if our actions are causally determined, we may still count as free if we act according to our desires or rational capacities.

## Indeterminism
William James suggests that not everything is rigidly controlled; some events may be genuinely open or uncaused. This preserves room for freedom, though it remains controversial.

## Contrastivism
The text ends by noting a practical distinction:

- metaphysicians ask about freedom from causation
- ethicists ask about freedom from constraint

Contrastivism attempts to reduce conflict by showing that the two disciplines may be asking different questions.

---

# Overall Philosophical Takeaway

This chapter is about the major metaphysical attempt to understand reality in terms of **being, identity, causation, purpose, and freedom**. Its central lesson is that human beings consistently try to explain change without losing identity, and order without losing wonder. The main debates can be summarized as follows:

- **What is fundamentally real?** One substance or many?
- **How can things change and remain the same?**
- **What is the self: soul, body, consciousness, bundle, or relation?**
- **Does God exist as designer, moral source, first cause, or necessary being?**
- **Are human actions free, determined, or both?**

The chapter does not give final answers so much as it introduces the major philosophical positions and shows how each one tries to solve recurring metaphysical problems. For students, the most important skill is not memorizing answers, but understanding the **arguments, assumptions, and trade-offs** behind each view.

If you want, I can also turn this into:
1. a **study guide with key terms**,  
2. a **comparison chart of philosophers and views**, or  
3. a **shorter exam-ready summary**.",,,1.0,,azure
Persona_Pattern,philosophy_6,"Below is a comprehensive philosophical summary of the text, organized to help students understand both the main ideas and the deeper debates in epistemology.

---

## Overview: What Epistemology Is

The chapter introduces **epistemology** as the branch of philosophy that studies **knowledge**—what it is, how it is possible, how it is justified, how we acquire it, and whether there are limits to it. The image of Rodin’s **The Thinker** symbolizes a distinctly Western philosophical ideal: truth-seeking through critical reflection, questioning, and intellectual discipline.

A central point of the chapter is that epistemology is not just about collecting information. It is also **normative**: it asks not only what beliefs people have, but what beliefs they **ought** to have, what counts as good evidence, and what proper belief-formation should look like.

---

## 7.1 What Epistemology Studies

### The method of epistemology
Epistemology begins by doubting and questioning ordinary assumptions:
- What if everything we think we know is false?
- What does truth mean?
- What makes a belief knowledge rather than mere opinion?

Philosophers use several tools:
- **Arguments**: reasons supporting conclusions
- **Conceptual analysis**: examining the meaning of concepts like knowledge, truth, and justification
- **Counterexamples**: hypothetical cases that test whether a proposed definition works
- **Research**: drawing on psychology, sociology, criminal justice, medicine, and other disciplines

### Conceptual analysis and counterexamples
A major philosophical strategy is to identify the **necessary** and **sufficient** conditions of a concept:
- **Necessary conditions**: features something must have to count as the concept
- **Sufficient conditions**: features that, taken together, guarantee the concept

A **counterexample** is a case that shows a proposed definition fails. For example, if someone claims that **certainty** is necessary for knowledge, a philosopher might point to an ordinary true belief that is not absolutely certain but still seems like knowledge.

This method is central to epistemology because philosophical definitions are always open to revision when counterexamples appear.

### Types of knowledge
The chapter distinguishes among three major kinds of knowledge:

1. **Propositional knowledge**  
   - Knowledge **that** something is the case  
   - Example: knowing that Nairobi is the capital of Kenya  
   - This is the main focus of traditional epistemology

2. **Procedural knowledge**  
   - Knowledge **how** to do something  
   - Example: knowing how to ride a bicycle  
   - Important distinction: one can know many facts about biking without knowing how to bike

3. **Knowledge by acquaintance**  
   - Knowledge gained through **direct experience**  
   - Example: directly experiencing pain  
   - Associated especially with Bertrand Russell

### A priori vs. a posteriori knowledge
The chapter also distinguishes knowledge by source:

- **A priori knowledge**: knowledge gained through reason alone, without experience  
  - Example: arithmetic truths like 4 × 2 = 8

- **A posteriori knowledge**: knowledge gained through experience  
  - Example: knowing there is a bird outside your window

This distinction is crucial because many philosophical debates ask whether some knowledge is independent of the senses or whether all knowledge ultimately depends on experience.

### Russell, sense data, and the gap between mind and world
Russell argued that what we are directly aware of in perception are not external objects themselves, but **sense data**—the immediate contents of experience. On this view:
- We have **knowledge by acquaintance** of our perceptual experiences
- We then infer the existence of external objects, producing **propositional knowledge**

This creates a possible gap between **experience** and **reality**, and that gap becomes important for skepticism. If we only directly know sense data, then perhaps we never directly know the external world itself.

### Truth
The chapter stresses that truth is not merely “what seems right” or “what is useful.” A proposition is either true or false; truth is not relative in the simplistic sense people sometimes claim.

Two theories are introduced:
- **Aristotle’s idea**: a statement is true if it says of what is that it is, and of what is not that it is not
- **Correspondence theory of truth**: a statement is true if it corresponds to a fact in the world

This means truth is a relation between language/thought and reality.

---

## 7.2 Knowledge

### Plato’s traditional account of knowledge
The classic definition of knowledge, attributed to **Plato**, is:

> A subject S knows proposition P if and only if:
1. P is true  
2. S believes P  
3. S is justified in believing P

This is the famous **JTB account**: **Justified True Belief**.

Why it seems plausible:
- You cannot know something you do not believe
- You cannot know something false
- You should not count as knowing if you have no reason at all for your belief

### The Gettier problem
In 1963, **Edmund Gettier** showed that JTB is not sufficient for knowledge. He presented cases where someone has:
- a true belief
- a justified belief  
but still seems not to have knowledge

These are called **Gettier cases**, and they reveal the **Gettier problem**.

The key lesson: **justification + truth + belief** may still fail to produce knowledge if the truth is true only by luck.

### Examples of Gettier cases

#### 1. Dharmakīrti’s mirage
A traveler sees what seems to be an oasis and believes there is water in the valley. In fact, there is water—but not where the traveler thinks. The belief is true and justified, but the justification rests on a mirage, so it seems like luck rather than knowledge.

#### 2. Russell’s stopped clock
A man looks at a clock that is broken and stopped, but by coincidence he checks it at the exact moment the clock displays the correct time. The belief is true and justified, but only accidentally.

#### 3. Fake barn country
Henry is driving through a region full of barn facades. He looks at one structure that really is a barn and says, “That is a barn.” He is right, but only because he happened to look at the one real barn among many fakes. Again, truth is due to luck.

### Why Gettier cases matter
They show that:
- belief, truth, and justification are **necessary** for knowledge
- but they are **not sufficient**

So philosophers try to repair the JTB account.

### Proposed solutions

#### No false premises
One idea is that knowledge requires that the belief not be inferred from false premises. This is associated with **Gilbert Harman**. It helps explain the mirage and clock cases, because false assumptions distort the reasoning. But it fails for fake barn country, where no false premise is involved.

#### No defeaters
Another solution says that a belief counts as knowledge only if there are no **defeaters**—no hidden evidence that would undermine the belief if the person had it. This handles many Gettier cases, but it raises new questions about what counts as a defeater and how justification itself is defined.

---

## 7.3 Justification

### What justification does
Justification is what gives a belief epistemic support. It makes a belief **more likely to be true**, though not guaranteed to be true. This fallibility is important: justified beliefs can still be false.

### Internalism vs. externalism
The text divides theories of justification into two main types.

#### Internalism
- Justification depends only on factors **inside** the subject’s mind
- The subject must have access to the reasons
- If you cannot recall or reflect on why you believe something, internalists may deny that you are justified

#### Externalism
- Some justificatory factors can lie **outside** the subject’s awareness
- A belief can be justified if it comes from a reliable source, even if the believer cannot articulate the reasons
- This makes room for sources like perception, memory, and testimony as justificatory processes

### Ruling out relevant alternatives
An internalist-style solution to Gettier says that a person must be able to rule out relevant alternative possibilities. But this can fail in cases like fake barn country, because fake barns may not seem like a “relevant” alternative from the agent’s perspective.

### Reliabilism / causal theories
**Alvin Goldman** argues that beliefs are justified when produced by **reliable belief-forming processes**. This is a leading externalist position, often called **historical reliabilism** or **causal reliabilism**.

Reliable processes include:
- perception
- memory
- valid reasoning
- introspection

This theory is attractive because it explains why a belief can be justified even if the believer cannot spell out the reasons. But it still struggles with Gettier cases, since a belief can be reliably produced and yet still be true by luck.

### Foundationalism
A major theory about the **structure** of justification.

- Most beliefs are inferential: they depend on other beliefs
- Foundationalists argue that this chain cannot go on forever
- Therefore, justification must rest on **basic beliefs** that are justified **non-inferentially**

Think of a house:
- most beliefs are like the visible structure
- basic beliefs are like the foundation

Descartes is a major foundationalist:
- he sought indubitable beliefs
- he thought some beliefs could be clearly and distinctly known
- knowledge by acquaintance may seem foundational because it is direct and non-inferential

### Coherentism
Coherentism rejects the idea that knowledge must rest on a foundation. Instead:
- beliefs are justified by fitting into a **web** of mutually supporting beliefs
- coherence involves consistency, mutual support, explanatory relations, and fit within the overall system

Strength:
- reflects how many real belief systems actually work

Weaknesses:
- **circularity**: beliefs may end up supporting one another in a circle
- **isolation objection**: a coherent web can still be completely detached from reality, as in a detailed virtual-reality scenario

### Fallibility of justification
The chapter emphasizes that all major sources of belief are fallible:
- **memory** can mislead
- **reasoning** can be mistaken
- **testimony** can be unreliable or biased
- **perception** can be fooled by illusion or hallucination

This fallibility is central: justification helps, but does not guarantee truth.

---

## 7.4 Skepticism

### What skepticism is
Skepticism is the view that some or all knowledge is impossible.

- **Global skepticism**: no knowledge at all, or no knowledge of the external world
- **Local skepticism**: knowledge is impossible in some specific domain, such as morality or religion

### Skeptical hypotheses
Skeptical arguments usually depend on a scenario that could explain all our experiences while making our ordinary beliefs false.

#### Dream argument
Attributed to **Zhuang Zhou**
- maybe we are dreaming right now
- if so, our beliefs about the external world are unreliable

#### Evil demon argument
Descartes’ stronger skeptical scenario:
- a powerful deceiver could produce experiences indistinguishable from real ones
- if so, we cannot know the external world

#### Brain in a vat
Hilary Putnam’s modern version:
- a brain receives artificial input that makes it seem like normal experience
- again, one cannot easily rule this out from within experience itself

### Structure of skeptical arguments
General form:
1. If I cannot rule out skeptical hypothesis SH, then I cannot be justified in believing P
2. I cannot rule out SH
3. Therefore, I cannot be justified in believing P

The skeptic raises the standard for justification very high—often to certainty.

### Responses to skepticism

#### Moore’s common-sense response
G. E. Moore argues:
- “Here is one hand”
- “Here is another hand”
- therefore, skepticism must be false

His strategy is to trust common-sense beliefs over skeptical hypotheses.

#### Contextualism
Contextualism argues that the standards for “knowing” vary with context.
- In ordinary life, skeptical hypotheses are irrelevant
- In philosophical contexts, standards become much stricter
- So a claim like “I know I have hands” can be true in everyday settings but not in skeptical debates

This view attempts to explain why skepticism feels powerful in philosophy but not in ordinary practice.

### Local skepticism: morality and God
The chapter also discusses skepticism in specific domains:

#### Moral skepticism
- moral claims are normative: they say what ought to be
- it may be hard to derive an “ought” from descriptive facts alone, following **Hume**
- this makes moral knowledge seem difficult or impossible

#### Religious skepticism
- one may ask what evidence could prove God exists
- many believers rely on testimony, tradition, or faith rather than direct proof
- **Pascal** argues that faith can be reasonable even without proof

The chapter frames a classic tension:
- reason seeks evidence and justification
- faith may accept what reason cannot fully establish

---

## 7.5 Applied Epistemology

### What applied epistemology is
Applied epistemology takes epistemological tools and applies them to practical, social, and institutional problems. It asks:
- How do groups form beliefs?
- Which systems produce true beliefs reliably?
- Whose testimony is trusted and whose is ignored?
- How do social power structures shape knowledge?

### Social epistemology
This field studies knowledge in social settings.
Important idea: human beings rely heavily on **testimony**—what others tell us. Most of what we know comes through:
- teachers
- books
- news media
- experts
- institutions
- conversation

Because we rely on others, epistemic questions become social questions:
- Who is trustworthy?
- Who counts as an expert?
- How do we respond to disagreement?

### Peer disagreement
An **epistemic peer** is someone roughly equal to you in evidence, intelligence, and background on a topic. If such a peer disagrees with you, that disagreement may weaken your confidence. Philosophers debate whether peer disagreement always requires revising beliefs or whether it sometimes does not.

### Group belief and group justification
The chapter notes that we often attribute beliefs to groups:
- “Scientists believe climate change is real”
- “The Supreme Court holds that…”
- “The jury knew he was guilty”

This raises the question: when does a group really have a belief? Proposed answers include:
- all or most members believe it
- the group is jointly committed to it

This matters because groups, like individuals, can be justified or unjustified in their beliefs.

### Standpoint epistemology
Standpoint theory argues that social position affects epistemic access.

Core claim:
- marginalized or less powerful groups often have access to knowledge that dominant groups lack
- ignoring these standpoints weakens inquiry

Examples:
- women may better understand sexism in the workplace
- Black citizens may better identify racial power structures
- wheelchair users may best design accessible spaces

Standpoint epistemology critiques the idea that only dominant perspectives are objective or authoritative.

It also challenges science and medicine:
- early heart disease research focused on men
- women’s symptoms were overlooked
- this produced harmful misinformation and inadequate care

### Epistemic injustice
This is injustice in the domain of knowledge and understanding.

Miranda Fricker distinguishes:

#### 1. Testimonial injustice
A person’s word is unfairly distrusted or ignored because of social prejudice.

Examples:
- Black patients’ pain reports are discounted
- a witness is treated as less credible because of race, gender, disability, or class
- a movement like Black Lives Matter is misrepresented as if it means “only Black lives matter”

#### 2. Hermeneutical injustice
A society lacks the concepts or language needed to make sense of someone’s experience.

Classic example:
- before the term “sexual harassment” existed, women struggled to describe and communicate a common form of workplace abuse
- without the concept, suffering becomes harder to understand, explain, and challenge

This kind of injustice is especially insidious because it affects both self-understanding and public recognition.

---

## Main philosophical takeaways

1. **Epistemology is the study of knowledge, justification, and truth.**
2. **Knowledge is traditionally understood as justified true belief, but Gettier cases show this is not enough.**
3. **Justification is central, but difficult to define.**
4. **There are important distinctions between a priori/a posteriori knowledge and propositional/procedural/acquaintance knowledge.**
5. **Skepticism challenges whether knowledge is possible at all, especially about the external world.**
6. **Social factors deeply affect knowledge: testimony, authority, disagreement, marginalization, and group structures matter.**
7. **Applied epistemology shows that epistemology is not merely abstract; it has real consequences for medicine, law, politics, and social justice.**

---

If you want, I can also turn this into:
1. a **one-page study guide**,  
2. a **bullet-point outline by section**, or  
3. a **list of key terms with definitions**.",,,1.0,,azure
Persona_Pattern,philosophy_7,"Here is a comprehensive, student-friendly summary of the text from an expert philosophical perspective.

---

# Comprehensive Summary: Value Theory, Ethics, Well-Being, and Aesthetics

This chapter introduces **value theory**, the branch of philosophy that examines what is **good, valuable, worthwhile, beautiful, important, or desirable**. In a broad sense, value theory includes ethics, politics, religion, and aesthetics; in a narrower sense, it often focuses on morality. The chapter’s central aim is to help students understand how philosophers think about values, how values differ from facts, and how these ideas shape debates about morality, happiness, and beauty.

A useful framing device is René Magritte’s painting *Clairvoyance*, which depicts the artist painting a bird while looking at an egg. The image suggests that art is not merely about reproducing what is already there, but about **imagining what could be**. That idea fits the larger theme of value theory: philosophy is not just descriptive, but also concerned with how things **ought** to be.

---

## 1. The Fact-Value Distinction

One of the chapter’s most important themes is the **fact-value distinction**, also called the **is-ought distinction**. This is the difference between:

- **Facts**: what *is* the case
- **Values**: what *ought* to be the case

### Descriptive vs. evaluative claims
- **Descriptive claims** state how the world is.
  - Example: “The weather today is sunny.”
- **Evaluative claims** make value judgments about how the world should be.
  - Example: “I should go outside to get some sunshine.”

Evaluative claims often guide action, so they are **prescriptive**: they tell us what should be done.

### Why the distinction matters
The chapter emphasizes that people often treat moral judgments as if they were facts, but this is philosophically misleading. Saying “killing an innocent person is bad” expresses a moral judgment, not an observation like “the weather is sunny.” This distinction is crucial because confusion between facts and values often leads to fallacious reasoning.

---

## 2. The Naturalistic Fallacy and Hume’s Is-Ought Problem

### The naturalistic fallacy
G. E. Moore coined the term **naturalistic fallacy** to describe the mistake of deriving value claims from purely factual or natural claims. In short:

> You cannot simply infer what *ought* to be from what *is*.

For example, arguing that monogamy is good because it is “natural” commits the fallacy of assuming that what occurs in nature automatically provides moral justification.

### Hume’s is-ought problem
David Hume famously observed that many moral arguments move suddenly from statements about what **is** to statements about what **ought** to be, without giving a valid justification for the shift. His point is that descriptive facts alone do not logically produce moral obligations.

Hume’s deeper claim is that morality is tied to **sentiments**—human feelings, attitudes, and approvals—not merely to empirical facts. This does not mean morality is irrational, but rather that moral reasoning requires something more than observation alone.

---

## 3. Moore’s Open-Question Argument

Moore’s **open-question argument** extends the is-ought concern. If someone defines “good” in purely natural terms, we can still meaningfully ask, “But is it really good?” That means the question remains “open,” showing that the definition has not fully captured moral goodness.

For Moore, goodness and rightness are not reducible to natural properties in the way water is reducible to H₂O. Moral terms seem to refer to **non-natural** properties, and this is why moral evaluation cannot be settled simply by scientific description.

---

## 4. Objections to the Fact-Value Distinction

Not all philosophers accept a strict divide between facts and values.

### Moral realism
Moral realists argue that there are **objective moral facts**. On this view, claims like “murder is immoral” can be true independently of personal opinion.

### Moral skepticism / anti-realism
Anti-realists deny that moral values are objective features of reality. Morality, on this view, depends on human perspectives, communities, or desires.

### Hilary Putnam’s objection
Putnam argued that even science uses values—such as **simplicity**, **coherence**, and explanatory power**—when choosing between theories. So science itself is not value-free. This challenges the idea that facts are pure and value judgments are somehow inferior.

### Function and purpose
Some philosophers argue that descriptive claims already imply evaluative ones when linked to **function** or **purpose**. For example, if a knife cannot cut, it is a “bad knife.” This suggests that some value judgments are built into our understanding of what a thing is for.

### Telos
Another challenge comes from **telos**—the idea that things have ends or goals. If we can objectively determine whether something fulfills its purpose, then perhaps morality can be grounded in objective standards after all.

---

# 8.2 Basic Questions about Values

This section asks: **What is value? How many basic values are there? Can different values be compared?**

## 1. Intrinsic and extrinsic value

### Intrinsic value
Something has **intrinsic value** if it is valuable **for its own sake**.
- Example: Aristotle argued that **happiness** is intrinsically valuable.

### Extrinsic value
Something has **extrinsic value** if it is valuable **as a means to something else**.
- Example: exercising is extrinsically valuable because it promotes health.

This distinction helps students understand that not everything valuable is valuable in the same way.

---

## 2. Monism vs. pluralism

### Monism
Monism says there is **one fundamental intrinsic value** that grounds all others.
- Example: hedonism says **pleasure** is the ultimate value.

### Pluralism
Pluralism says there are **many fundamental intrinsic values** that cannot be reduced to one.
- Example: knowledge, love, friendship, and health may all be intrinsically valuable.

Monism offers simplicity and coherence. Pluralism better captures the complexity of human life, but it can make moral decisions harder when values conflict.

---

## 3. Incommensurability

Pluralism often leads to the idea of **incommensurability**, meaning some values cannot be measured by a common standard.

Examples:
- Love cannot be translated into money.
- Friendship and physical health are both valuable, but not in the same way.
- Some choices are not simply “better” or “worse” in a single scale.

This matters because it suggests that moral life often involves **genuine conflict** between goods that cannot be easily ranked.

---

## 4. Moral pluralism vs. moral relativism

### Moral pluralism
Moral pluralism says there are multiple moral frameworks or values, and they may not be reducible to one system.

### Moral relativism
Relativism goes further: it says moral truth depends on a culture, group, or person, and no framework is objectively superior.

This distinction is important:
- **Pluralism** allows for diversity and complexity
- **Relativism** often prevents moral critique across cultures

Martha Nussbaum criticizes relativism because it would make it difficult to condemn harmful practices like female genital mutilation if they are culturally accepted. She instead defends a more universal but culturally sensitive approach, sometimes called **reasonable pluralism**.

---

# 8.3 Metaethics

Metaethics asks not “What should we do?” but “What does morality itself mean?”

## 1. Ontology of value
This asks about the **being** or nature of value:
- Are values real?
- Are they subjective?
- Are they emotional responses?
- Are they social constructions?

## 2. Realism and anti-realism
- **Moral realism**: morality has some basis in reality.
- **Anti-realism**: morality is not objectively grounded in the world.

Realists argue that disagreement does not prove morality is subjective, just as disagreement in science does not prove science is unreal. Anti-realists argue that moral claims often reflect human perspectives more than objective facts.

Michelle Moody-Adams offers a more cautious realist view: moral disagreement is inevitable, but that does not mean objectivity is impossible.

---

## 3. Foundations of moral value

The chapter surveys several possible foundations for morality:

### A. Divine foundation
Morality can be grounded in God as:
- the highest good
- the ultimate judge
- the source of divine commands

This gives morality objectivity, but raises the **Euthyphro problem**.

### The Euthyphro problem
Is something good because God commands it, or does God command it because it is good?

- If something is good because God commands it, morality seems arbitrary.
- If God commands it because it is good, then goodness exists independently of God.

This is a major problem for **divine command theory**.

---

### B. Natural law and ethical naturalism
These views ground morality in **nature** or **human nature**.

#### Aquinas
Aquinas distinguished among:
- eternal law
- natural law
- human law
- divine law

Human law should align with natural law; if it doesn’t, it is a corruption of law.

#### Philippa Foot
Foot argues that moral goodness is tied to **human flourishing**, much like what counts as a “good” plant or animal depends on its nature. This approach links ethics to biological and functional facts about human beings.

---

### C. Reason
Kant grounds morality in **reason**, not emotion or religion.

His **categorical imperative** says:
> Act only on maxims you could will as universal laws.

If an action cannot be universalized, it is morally impermissible.

- Example: lying fails because a world in which everyone lies would undermine the practice of promising and truth-telling itself.

Kant also argues that people must always be treated as **ends in themselves**, never merely as means.

---

### D. Self, conscience, empathy, and care
Some theories locate morality in the individual:
- **conscience**
- **intuition**
- **compassion**
- **empathy**
- **care**

Mencius emphasizes compassion as the root of moral action. Feminist care ethics, associated with Nel Noddings, centers moral relations and caregiving. These views stress that moral life is deeply emotional, relational, and personal.

---

# 8.4 Well-Being

This section asks: **What makes a human life go well?**

The chapter identifies three broad approaches:
1. **Pleasure**
2. **Desire satisfaction**
3. **Objective goods**

---

## 1. Hedonism

**Hedonism** says well-being consists in pleasure and the absence of pain.

### Epicurus
Epicurus taught that the highest good is not indulgence but **tranquil, moderate, and thoughtful pleasure**. True pleasure requires freedom from unnecessary desires, fear, and disturbance. He valued friendship, simplicity, and philosophical reflection.

### Utilitarianism
Bentham and Mill develop a hedonistic moral theory in which the right action is the one that maximizes pleasure and minimizes pain for the greatest number.

This makes utilitarianism a theory of **collective well-being**.

### Critique: the experience machine
Nozick’s famous thought experiment asks whether you would plug into a machine that gives you pleasurable experiences indistinguishable from reality. Many think no, because real achievement, real relationships, and real life matter—not just pleasurable sensations. This challenges hedonism.

---

## 2. Desire satisfaction and satisfactionism

Another view says well-being consists in satisfying one’s desires.

But not all desires are equally good:
- Some are **informed**
- Some are based on ignorance or false belief

A person may want something that turns out not to improve their life. So satisfactionism often needs to distinguish informed from uninformed desires.

---

## 3. Cognitivism and non-cognitivism

These views concern whether value judgments express beliefs or emotions.

- **Cognitivism**: value judgments express thoughts or beliefs and can be true or false.
- **Non-cognitivism**: value judgments express emotions or attitudes rather than beliefs.

### Emotivism
Ayer argues that moral claims are expressions of feeling rather than factual statements. “Killing innocent people is bad” means something like disapproval, not an objectively verifiable truth.

Critics say this makes morality too subjective and weakens moral discourse.

---

## 4. Objective goods
This view says well-being includes goods that are good whether or not you want them.

Examples include:
- **knowledge**
- **virtue**
- **friendship**
- **health**

### Knowledge
Humans naturally seek to know; ignorance can harm flourishing.

### Virtue
In the Aristotelian tradition, virtue is excellence in fulfilling one’s function. Virtue lies in the **mean** between excess and deficiency.

Example:
- courage is the mean between cowardice and rashness

### Friendship
Aristotle distinguishes:
- friendships of pleasure
- friendships of utility
- friendships of character

True friendship based on mutual appreciation of character is central to flourishing.

---

## 5. Eudaimonia
**Eudaimonia** is often translated as happiness, but more accurately means **human flourishing**.

It refers to a whole life lived well, not a temporary feeling of contentment.

- For Aristotle, flourishing requires virtue and good conditions.
- For the Stoics, virtue alone is enough.
- Anscombe criticizes modern moral philosophy for using moral “oughts” without a solid metaphysical foundation.

The chapter also introduces **perfectionism**, the idea that flourishing means developing and perfecting one’s capacities.

### Kant’s kingdom of ends
Kant imagines an ideal moral community in which all people are treated as ends and live under universal laws. This ideal society helps define what a morally good world would look like.

### Ikigai
The Japanese concept of **ikigai** means “reason for being.” It emphasizes meaningful purpose, not just happiness. It connects well-being to living in alignment with one’s values.

---

# 8.5 Aesthetics

Aesthetics is the branch of value theory that studies **beauty, art, taste, and aesthetic experience**.

## 1. Objective vs. subjective beauty

### Objective beauty
Plato and Aristotle treat beauty as something in the object itself, grounded in:
- harmony
- proportion
- balance

This is reflected in Greek art and architecture, which often relied on mathematical ratios.

Plato also saw beauty as transcendent: beholding beauty can elevate the soul.

### Subjective beauty
Hume argues that beauty is a matter of **taste** and depends on the subject’s response. Yet taste can still be educated and refined, so some judgments are better than others.

---

## 2. Aesthetic judgment
Kant says aesthetic judgments are subjective in origin but still carry a universal claim: when people judge something beautiful, they often expect others to agree.

This is important because aesthetic judgment is neither pure objectivity nor mere private preference.

Frank Sibley adds that aesthetic judgments depend on discernment, not fixed rules. People can see the same details and still interpret them differently.

---

## 3. The intentional fallacy
Wimsatt and Beardsley argue that a work of art should not be interpreted solely by the artist’s intentions. Meaning belongs partly to the artwork’s public life, audience interpretation, and cultural context.

---

## 4. Feminist aesthetics
Feminist aesthetics shows how art history and museum culture have excluded women, especially women of color. The Guerrilla Girls exposed the gap between the female body as object of display and women’s exclusion as creators.

This demonstrates that aesthetics is not neutral: it reflects power, inequality, and cultural bias.

---

## 5. Environmental aesthetics
Art can also engage nature and environmental concerns.

- **Land art** blurs the boundary between art and nature.
- Works like Nancy Holt’s *Sun Tunnels* or Ana Mendieta’s earth-body pieces connect artistic creation with landscape and ecological reflection.
- Camille Seaman’s climate-focused projections transform art into environmental activism.

Aesthetics here becomes ethically and politically significant.

---

## 6. Everyday aesthetics
This final topic broadens aesthetics beyond museums and masterpieces. Ordinary experiences can be aesthetically meaningful:
- the sound of rain
- patterns of leaves
- the way a room is arranged
- clothing choices
- tea ceremonies

Japanese aesthetics, especially through Zen influence, values the modest, impermanent, and ordinary. Yuriko Saito argues that everyday aesthetic awareness helps people recognize how beauty shapes ethical life and environmental responsibility.

---

# Overall Philosophical Significance

This chapter shows that value theory asks some of the deepest questions in philosophy:

- What is real: facts, values, or both?
- Can morality be objective?
- What makes a life go well?
- Are beauty and art subjective or universal?
- How do culture, nature, reason, and emotion shape our values?

The chapter does not force one answer. Instead, it maps the major philosophical positions so students can understand how value theory organizes debates about ethics, happiness, and beauty. The overall lesson is that **values are not marginal to philosophy—they are central to how human beings understand life, action, society, and meaning**.

If you want, I can also turn this into:
1. a **study guide with key terms**,  
2. a **shorter exam-review summary**, or  
3. a **section-by-section outline with philosopher names and arguments**.",,,1.0,,azure
Persona_Pattern,philosophy_8,"Below is a comprehensive, student-friendly summary of the text from the perspective of an expert in philosophy, with emphasis on the major concepts, distinctions, and historical details.

---

# Comprehensive Summary: Normative Moral Theories and Their Traditions

## Overview: Why normative ethics matters
The chapter begins with the practical problem of moral decision-making: when confronted by uncertainty, how do we determine what we ought to do? The example of deciding what fuel to put in a borrowed car illustrates the need for a **normative moral theory**—a structured account of morality that provides guidance for action.

**Normative ethics** is the branch of ethics that asks what we should do and what counts as right action. It aims not merely to describe moral behavior, but to establish standards that can guide conduct in real situations.

The chapter situates normative ethics within the broader field of ethics, which has three major areas:

1. **Metaethics**  
   - Investigates the nature, origin, and status of morality itself.
   - Asks questions like: Do moral facts exist? Are moral values objective or relative? What does “good” mean?
   - It is concerned with the foundations of moral belief.

2. **Normative ethics**  
   - Focuses on what we ought to do.
   - Seeks principles or criteria for right action.
   - The chapter highlights three major approaches: **consequentialism, deontology, and virtue ethics**.

3. **Applied ethics**  
   - Applies moral principles to concrete issues such as abortion, euthanasia, research ethics, and AI.

A successful normative moral theory must be **coherent, rationally defensible, and practically useful**. It must give consistent guidance and explain why its recommendations should be followed.

---

# 9.2 Consequentialism

## Core idea
**Consequentialism** holds that the moral rightness of an action depends on its consequences. An action is right if it produces the greatest good overall.

This approach is broader than ordinary cost-benefit reasoning because it asks us to consider the welfare of **everyone affected**, not just ourselves or people close to us.

## Mohism: an early Chinese consequentialism
Mohism emerged during China’s **Warring States period** (ca. 475–221 BCE), a time of political fragmentation, war, and suffering. Like Confucianism and Daoism, it responded to social disorder by seeking a way to improve human life.

The founder, **Mozi (Mo Di)**, argued for objective moral standards grounded in social benefit.

### Key Mohist concepts
The text identifies four interconnected concepts:

- **Morality (yi)**: determined by
- **Benefit (li)**: understood as material and social goods that strengthen social order
- **Benevolence/kindness (ren)**: caring beyond self-interest
- **Care (ai)**: impartial concern for others

Mohism is fundamentally **impartial**. Its central ethical idea is **inclusive care** or **universal love**: we should care for all people equally, not favor our own group, family, or class. This was a direct criticism of ruling elites who pursued their own advantage.

### The Ten Doctrines
Early Mohism is organized around ten doctrinal commitments, often presented in five pairs:

1. **Promoting the Worthy** / **Identifying Upward**  
   - Advocates meritocracy: positions should go to those with ability and moral goodness.
   - Moral education is essential.

2. **Inclusive Care** / **Condemning Aggression**  
   - We should care for all impartially.
   - Aggressive war is condemned as selfish and harmful.

3. **Moderation in Use** / **Moderation in Burial**  
   - Rejects wasteful luxury and extravagance.
   - Social resources should serve the common good.

4. **Heaven’s Intent** / **Understanding Ghosts**  
   - Appeals to an objective moral order, sometimes linked to Heaven.
   - Early Mohism also used reward-and-punishment theology to motivate moral action.

5. **Condemning Music** / **Condemning Fatalism**  
   - Critiques elite luxury and waste.
   - Rejects fatalism because it undermines effort, reform, and social mobility.

## Utilitarianism
Utilitarianism is the best-known modern form of consequentialism. It treats **utility** as what promotes happiness or pleasure.

### Bentham and Mill
- **Jeremy Bentham** articulated the principle of utility.
- **John Stuart Mill** refined it and made it more sophisticated.

### Principle of utility
Mill’s famous principle states:

> Actions are right in proportion as they tend to promote happiness; wrong as they tend to produce the reverse of happiness.

The utilitarian standard is **impartial**: the happiness of all affected persons counts equally. One must not privilege one’s own interests or those of one’s family, friends, or social group.

### Higher and lower pleasures
Mill rejected Bentham’s purely quantitative view of pleasure and argued that pleasures differ **qualitatively** as well.

- **Lower pleasures**: bodily and sensory satisfactions
- **Higher pleasures**: intellectual, moral, imaginative, and cultural pleasures

Mill believed that higher pleasures are more valuable because they exercise our distinctively human capacities. His famous claim—better to be a dissatisfied human than a satisfied pig—means that human life has a richer and more dignified form of fulfillment than mere physical satisfaction.

### Greatest happiness principle
Mill’s broader social version of utilitarianism is the **greatest happiness principle**:
- Choose the action that produces the greatest happiness for the greatest number.

### Act vs. rule utilitarianism
There is an important division within utilitarianism:

- **Act utilitarianism**
  - Judges each action individually.
  - The right action in each case is the one that maximizes happiness.

- **Rule utilitarianism**
  - Uses the principle of utility to establish moral rules.
  - Follows rules that, if generally adopted, would maximize happiness.
  - This is meant to avoid counterintuitive results of act utilitarianism.

### Trolley problem
The trolley case is used to test utilitarian intuitions. If diverting a trolley saves five lives but sacrifices one, utilitarian reasoning tends to support diverting it because it maximizes total lives saved.

### Character and intent in utilitarianism
For utilitarians:
- Only happiness has intrinsic value.
- Character and intention are not morally primary.
- What matters is the actual and foreseeable consequence of action.

This sharply distinguishes utilitarianism from virtue ethics and deontology.

---

# 9.3 Deontology

## Core idea
**Deontology** is the theory of duty. It evaluates actions by whether they conform to moral rules or obligations, not by their outcomes.

Where consequentialists ask, “What result will this produce?”, deontologists ask, “What is my duty?”

## Kant’s deontological ethics
**Immanuel Kant** is the foundational modern deontologist. He argues that the morally central feature of a person is **good will**—the willingness to act from duty.

A good will is valuable **in itself**, not because of its consequences.

## Human rationality and moral worth
Kant thinks human beings are special because we are rational agents. Unlike animals, humans can act according to reason rather than impulse. This rational capacity is what gives us dignity and moral worth.

Acting morally is, for Kant, acting rationally and autonomously.

## Moral laws and imperatives
Kant believes morality can be discovered **a priori**—through reason alone, not through experience or culture.

He distinguishes between:

- **Hypothetical imperatives**
  - Conditional rules: “If you want X, do Y.”
  - These are practical but not moral laws.

- **Categorical imperatives**
  - Unconditional commands that apply to all rational beings.
  - These are true moral laws.

## Two major formulations of the categorical imperative

### 1. Universal law formulation
Act only on maxims you can will as universal laws.

This tests whether a principle of action could be consistently adopted by everyone. For example, lying to get a discount fails the test because universalized lying would destroy trust and make the practice impossible.

### 2. Humanity formulation
Treat humanity, in yourself and others, always as an end and never merely as a means.

This means persons have intrinsic worth because they are rational beings. Lying or manipulating others is wrong because it uses them as tools while bypassing their rational agency.

## Kantian significance
Kant’s theory places strong emphasis on:
- duty
- universalizability
- respect for persons
- rational autonomy

This makes it one of the most influential ethical theories in modern philosophy.

## Pluralist deontology: W. D. Ross
The chapter then moves to **pluralism**, especially the deontology of **W. D. Ross**.

Ross argues that Kant and utilitarians both simplify morality too much:
- utilitarianism reduces morality to one value: happiness
- Kantian ethics treats duty as too absolute and rigid

Ross believes moral life is more complex.

### Prima facie duties
Ross proposes several **prima facie duties**—duties that are binding unless overridden by stronger duties in a particular case.

The five central ones are:
1. **Fidelity** – keep promises, be truthful
2. **Reparation** – make amends for wrongs
3. **Gratitude** – reciprocate benefits
4. **Non-maleficence** – avoid harming others
5. **Promotion of aggregate good** – contribute to overall good

These duties are not absolute in every case. Instead, they compete, and we must judge which is most pressing.

### Actual duty
In a given situation, our **actual duty** is the action that best balances these competing obligations.

This allows Ross to preserve moral complexity and explain why moral dilemmas are difficult. Judgment is indispensable in ethics.

---

# 9.4 Virtue Ethics

## Core idea
Virtue ethics shifts the focus from actions and rules to **character**.

The central question is not primarily “What should I do?” but “What kind of person should I become?”

Right action flows from a well-formed character.

## Eudaimonia
Virtue ethics is tied to the idea of **eudaimonia**, often translated as happiness, but more accurately meaning **flourishing** or living well.

A good life is a life of realized human excellence.

## Confucianism
Confucian ethics arose in the same Warring States context as Mohism and Daoism, responding to disorder with a vision of social harmony.

### Confucius
Confucius emphasized:
- moral cultivation
- ritual
- proper social roles
- governance through virtue

He believed society works best when people understand and fulfill their roles:
- ruler as ruler
- father as father
- son as son

### Relational ethics
Confucianism is deeply relational:
- moral responsibilities arise from family and social roles
- virtue is embedded in the structure of relationships

### Filial piety
A central virtue is **filial piety**: devotion and respect toward one’s parents. Confucius believed that family loyalty can outrank abstract moral rules in some cases.

### Li, ren, dao, and junzi
Key Confucian concepts include:

- **Li**: ritual, customs, and correct practices that shape character
- **Ren**: humaneness or complete virtue
- **Dao**: the way of virtue
- **Junzi**: the exemplary person, morally refined and able to serve as a model

The junzi is not merely rule-following, but a person transformed through practice, ritual, and reflection.

### Ethical ruler
Confucius insists that rulers must embody virtue because the moral character of those in power shapes society. Good government is grounded in moral example rather than coercion.

## Aristotle
Aristotle is the central Western virtue ethicist.

### Telos and flourishing
Aristotle argues that every action aims at some good, and the highest human good is **eudaimonia**, achieved by fulfilling our proper function.

The distinctively human function is rational activity, so human flourishing depends on the excellent exercise of reason.

### Virtue as excellence
Virtue (aretê) means excellence. Something is virtuous when it performs its function well.

For humans, virtue is the excellence of rational character.

### The mean
Aristotle’s ethics centers on the idea that virtue is a mean between two extremes:
- deficiency
- excess

Virtue is not mediocrity, but appropriate balance relative to the situation.

### Habit and moral formation
Virtue is acquired through **habit**:
- we become just by doing just acts
- brave by doing brave acts
- temperate by practicing temperance

Character is formed through repetition and upbringing.

### Practical wisdom
Virtuous action requires:
- voluntary choice
- correct reasoning
- practical wisdom
- consistency of character

## Friendship
Aristotle gives friendship extraordinary importance.

He distinguishes:

- **Incidental friendships**
  - based on utility or pleasure
  - unstable and shallow

- **Perfect friendships**
  - based on mutual goodness and admiration of character
  - sustain moral growth
  - are among the greatest external goods

Perfect friends help one another flourish and are, in a real sense, “another self.”

---

# 9.5 Daoism

## Core idea
Daoism emerged in the same troubled historical period as Mohism and Confucianism, but it offers a very different response.

Where the other traditions seek moral order through norms or cultivation, Daoism argues that many human problems arise from **artificial striving, desire, and greed**. The solution is to live in harmony with the **dao**, the natural way.

## Laozi and Zhuangzi
Daoism is associated with:
- **Laozi**, author of the **Daodejing**
- **Zhuangzi**, who developed and deepened Daoist thought

## The dao
The **dao** is:
- the source of all things
- the underlying process or way of reality
- ultimately beyond language and conceptual capture

A central Daoist idea is that the dao that can be named is not the true dao. This means reality exceeds ordinary conceptual categories.

## Naturalism
Daoism is **naturalistic** in the philosophical sense:
- moral life should be rooted in the natural order
- ethical living means aligning oneself with the flow of reality

## Metaphysics and interconnectedness
Daoist metaphysics emphasizes:
- the unity and interdependence of all things
- the inadequacy of rigid distinctions
- the limitation of language and conceptual schemes

## Skepticism and acceptance
Daoism is skeptical about human knowledge claims, especially claims to final mastery of reality. This skepticism supports openness, receptivity, and humility.

## Paradox and language
The Daodejing often uses paradox to shake us out of habitual thinking. Its strange formulations are meant to disrupt conventional assumptions and help us perceive the deeper structure of existence.

## Wu wei
The central ethical practice is **wu wei**, often translated as “nonaction,” though that is too simplistic.

It means:
- non-forcing
- effortless action
- spontaneous responsiveness
- acting in accordance with the dao

This is not inactivity. It is a style of action that does not struggle against the natural flow.

## Softness
Daoism values “soft” action:
- receptive rather than aggressive
- flexible rather than rigid
- yielding rather than forceful

Water is the classic Daoist image: it benefits all things by taking the low place and not contending.

## Relationship to Mohism and Confucianism
Daoism differs from Mohism and Confucianism by rejecting their confidence in social norms and moral engineering. It sees many such efforts as part of the problem. Instead of moralizing society, Daoism recommends simplicity, humility, non-striving, and alignment with nature.

---

# 9.6 Feminist Theories of Ethics

## Core idea
Feminist ethics critiques traditional moral theory for ignoring women’s experiences and for treating male perspectives as universal.

It seeks to expose and correct the ways gender, power, and social inequality shape moral thought and practice.

## Historical critique
Feminists argue that traditional ethics has often:
- treated men as the norm
- marginalized women’s perspectives
- pretended to be universal while reflecting privileged male experience
- justified women’s subordination by associating men with reason and women with emotion

## Femininity as socially constructed
Following **Simone de Beauvoir**, the text emphasizes that femininity is not natural in a fixed sense but socially produced. Gender roles are learned, not simply given.

## Gender binarism and essentialism
Earlier feminist thought often assumed:
- **gender binarism**: only male and female genders
- **essentialism**: a set of traits defines womanhood or manhood

Some feminists tried to reclaim traits associated with women rather than reject them.

## Ethics of care
**Carol Gilligan** developed the influential **ethics of care** after finding that moral reasoning often takes two different forms:

- **Justice perspective**: emphasizes abstract rules, rights, autonomy, and fairness
- **Care perspective**: emphasizes relationships, responsibility, and attention to concrete needs

Care ethics argues that moral life is not adequately captured by abstract principles alone. The particularities of relationship, vulnerability, and dependency matter.

## Nel Noddings
Noddings develops care ethics further by emphasizing:
- the moral significance of caring relationships
- partiality toward concrete individuals
- the importance of actual lived situations

This challenges moral theories that demand strict impartiality in all contexts.

## Intersectionality
A major later development is **intersectionality**, which recognizes that identity categories such as:
- gender
- race
- class
- sexuality

intersect and shape lived experience.

This is important because not all women experience oppression in the same way. A moral theory that ignores intersectionality may claim to speak for women while really reflecting only the experience of some women.

### Debate about intersectionality
- Some worry it fragments political solidarity by breaking groups into smaller subsets.
- Others argue it is necessary for genuine justice, because it prevents the erasure of marginalized subgroups.

## Feminist critique of traditional normative theories
Feminists criticize standard moral theories for:
- overvaluing abstraction
- privileging rationality in a way historically coded as masculine
- ignoring vulnerability, dependency, and care
- failing to represent concrete persons in real social contexts

They argue that a good moral theory must:
- account for marginalized perspectives
- attend to concrete individuals and power relations
- support genuine equality rather than reinforcing privilege

---

# Big-picture comparison of the theories

## Consequentialism
- Criterion: outcomes
- Key question: What action produces the best results?
- Strength: practical, outcome-sensitive, impartial
- Risk: can justify harmful acts if total utility is increased

## Deontology
- Criterion: duty/rules
- Key question: What does morality require regardless of consequences?
- Strength: protects rights, dignity, and moral constraint
- Risk: can seem rigid or unable to handle exceptions well

## Virtue ethics
- Criterion: character
- Key question: What sort of person should I become?
- Strength: deep account of moral development, habits, and flourishing
- Risk: less direct guidance in hard cases than rule-based ethics

## Daoism
- Criterion: harmony with the dao
- Key question: How can we live in accord with nature and avoid forced, artificial striving?
- Strength: offers a profound critique of domination and over-control
- Risk: can seem less action-guiding in ordinary moral dilemmas

## Feminist ethics
- Criterion: care, relation, power-awareness, and situated judgment
- Key question: Whose perspective is being ignored, and how do relationships and inequality shape moral life?
- Strength: corrects blind spots in traditional ethics
- Risk: must balance attention to particularity with the need for general moral guidance

---

# Final philosophical takeaway
The chapter presents normative ethics as a search for rational guidance in moral life, but it shows that different traditions understand the source of morality very differently:

- **Consequentialists** focus on results.
- **Deontologists** focus on duty.
- **Virtue ethicists** focus on character and flourishing.
- **Daoists** focus on living naturally and non-forcingly.
- **Feminist ethicists** focus on care, power, lived experience, and the social construction of moral perspective.

A major lesson of the chapter is that morality is not one-dimensional. Different theories illuminate different aspects of ethical life: outcomes, duties, character, relationships, social roles, nature, and power. For students, the chapter is valuable not just as a survey of theories, but as a framework for understanding how philosophical ethics tries to answer the most basic moral question: **How should we live?**",,,1.0,,azure
Persona_Pattern,philosophy_9,"Here is a comprehensive expert-level summary of the text, with emphasis on the philosophical structure, major arguments, and the issues students should understand deeply.

---

## Overall Focus of the Chapter

The text introduces **applied ethics** as the branch of ethics concerned with evaluating specific actions, policies, and practices in real-world contexts. Unlike **metaethics** (which asks what morality is) and **normative ethics** (which asks what principles or theories should guide action), applied ethics asks whether particular actions are morally right or wrong in concrete domains such as medicine, the environment, business, and technology.

A key theme is that modern ethical problems often arise because **new technologies and social practices create dilemmas before moral norms and laws are fully prepared to address them**. Ethical reasoning therefore tends to “catch up” to innovation after harms, conflicts, or controversies emerge. The chapter argues that applied ethics is inherently **interdisciplinary**: philosophy supplies frameworks and principles, but law, politics, medicine, economics, and science are also necessary for resolving many disputes.

The three main subfields treated are:

1. **Bioethics**
2. **Environmental ethics**
3. **Business ethics and emerging technology**

---

# 10.1 Bioethics

## What bioethics is

**Bioethics** literally means “life ethics.” Coined by **Van Rensselaer Potter** in 1970, it addresses moral issues arising from biology, medicine, and biotechnology. It includes questions about:

- informed consent
- patient autonomy
- abortion
- euthanasia
- physician-assisted suicide
- human experimentation
- access to medical resources
- online privacy
- human augmentation and genetic modification

A philosophical point emphasized here is that bioethical dilemmas often involve **competing values**: autonomy, life, suffering, justice, and social consequences. No single theory settles everything easily, so ethicists must weigh many perspectives.

---

## Abortion

The chapter frames abortion as one of the most contentious issues in bioethics, involving **biological, legal, political, and moral dimensions**.

- **Miscarriage** is a spontaneous loss of pregnancy.
- **Abortion** is the intentional ending of a pregnancy.
- It may be **therapeutic** when necessary to save the life of the pregnant person.

### Legal context
The text reviews U.S. constitutional history:
- **Roe v. Wade (1973)** protected abortion before fetal viability and used a trimester framework.
- **Planned Parenthood v. Casey (1992)** reaffirmed abortion rights before viability but replaced the trimester model with the standard of **fetal viability**.

### Philosophical frameworks in the abortion debate

The debate turns largely on **personhood**, **rights**, and the moral status of the fetus.

#### Utilitarian and liberal-rights perspectives
A major line of argument comes from **utilitarianism** and **liberal individual rights**:
- utilitarianism asks what produces the greatest good for the greatest number
- liberalism, especially via **John Stuart Mill**, emphasizes the **harm principle**: interference is justified only to prevent harm to others

From this standpoint, people often argue over the rights of the pregnant person versus the rights of the fetus. Supporters of abortion rights often call the developing being a **fetus** and deny that it has full rights; opponents often call it an **unborn child** and claim it has personhood.

#### Personhood
The text stresses that personhood is central. Philosophically, personhood is often tied to capacities like:
- rationality
- moral agency
- self-awareness
- communication
- consciousness

This tradition goes back to **Aristotle** and **Kant**, both of whom grounded human dignity in rational nature.

The crucial issue becomes: **When does personhood begin?**
This raises difficult questions because not all humans are fully rational agents at all times. Infants, children, and persons with severe cognitive impairment may lack fully developed rationality, yet we still regard them as morally protected. This creates pressure either to broaden or revise personhood criteria.

#### Aristotle, potentiality, and hylomorphism
The text uses Aristotle’s metaphysics to show why some pro-life thinkers defend the embryo’s moral status:
- In **hylomorphism**, form is real and actualizes matter.
- The embryo contains the potential for the fully developed human being.
- Therefore, some argue the embryo already has the identity of a human life in development.

This supports the claim that harming an embryo is morally comparable to harming a born human being.

#### Aristotle and the soul
Aristotle saw the soul as the **form of the body**. The text explains the historical influence of the controversial idea of **ensoulment**—the moment the soul enters the body. Some traditions placed this around **40 days after conception**, and that idea shaped religious and legal thinking for centuries.

#### Religious views on ensoulment
The chapter surveys Jewish, Christian, and Islamic traditions:

- **Judaism**: the Hebrew Bible is largely silent on ensoulment; later rabbinic texts sometimes suggest the embryo is not fully formed until 40 days.
- **Christianity**: historically influenced by Aristotle and Aquinas; the church once tolerated delayed ensoulment theories but later, especially under **Pope Pius IX**, moved toward the view that the soul is present at conception.
- **Islam**: the soul is said in the Hadith to enter at **120 days**, though many Islamic authorities restrict abortion earlier or prohibit it.

The broader religious principle is the **sanctity of life**: human life is God-given and therefore not to be destroyed lightly.

#### Secular personhood theories
The text also presents secular accounts.

**Mary Anne Warren** argues that fetuses are not persons because they lack the essential features of personhood:
1. consciousness
2. reasoning
3. self-awareness
4. self-motivated activity
5. language/communication

Thus, abortion is always morally permissible in her view because the fetus lacks rights.

By contrast, other philosophers argue that **human nature itself grounds moral status**, not currently exercised rationality. This means even humans who are not presently rational agents retain dignity and protection.

**Ronald Dworkin** goes further: full moral status may attach simply by virtue of membership in the human species.

#### Bodily autonomy
A major pro-choice argument comes from **Judith Jarvis Thomson**, who claims that even if the fetus has a right to life, that right does not automatically override the pregnant person’s right to **bodily autonomy**. Her famous **violinist thought experiment** shows that being morally connected to another’s survival does not necessarily create an obligation to use one’s body to sustain them.

The philosophical lesson: **a right to life is not obviously a right to use another person’s body**.

---

## Euthanasia and physician-assisted suicide

The chapter next turns to end-of-life ethics, another domain transformed by modern medicine.

### Definitions
- **Euthanasia**: ending a human life to avoid suffering
- **Passive euthanasia**: withholding or withdrawing treatment so death occurs sooner
- **Active euthanasia**: directly causing death via medical intervention
- **Voluntary**: at the patient’s request
- **Nonvoluntary**: patient cannot consent
- **Physician-assisted suicide (PAS)**: the physician supplies the means, but the patient ends their own life

The key distinction is between **who performs the final act** and whether the patient consents.

### Legal status
- Voluntary active euthanasia is illegal in the U.S.
- PAS is legal in some jurisdictions under “death with dignity” laws
- Voluntary passive euthanasia is legal and often takes the form of **DNR orders** or living wills

### Utilitarian support
Utilitarians often support euthanasia because they focus on:
- suffering
- quality of life
- opportunity costs
- consequences for patient and family

The text notes **Peter Singer**, who defends many forms of euthanasia when life is no longer worth living and suffering is unnecessary. He opposes involuntary euthanasia.

### James Rachels’ argument
**James Rachels** challenges the common belief that active euthanasia is worse than passive euthanasia. He argues:
- the **intent** is the same in both cases: to end suffering
- the **result** is the same: death
- passive euthanasia can actually prolong suffering, making active euthanasia sometimes morally preferable

This is an important philosophical reversal: **the morally significant feature may be suffering, not the active/passive distinction itself**.

### Arguments against euthanasia
Opponents emphasize:
- the wrongness of killing
- the physician’s role as healer
- the risk of abuse or a “slippery slope”
- social harm if life is no longer seen as inviolable

So the debate hinges on whether reducing suffering outweighs the moral prohibition on killing.

---

## Clinical trials and human experimentation

The chapter then addresses the ethics of research on human subjects.

### Why the issue matters
Clinical trials are necessary to test:
- safety
- dosage
- efficacy
- side effects

But human experimentation raises deep ethical concerns because scientific goals can conflict with participant welfare.

### Randomization and double-blind trials
These research methods help produce reliable data, but can appear to prioritize science over people. The text explains that the **principle of clinical equipoise** helps justify randomized trials:
- there must not already be a clearly superior treatment
- evidence should not favor one option over another for the participants

This principle aims to prevent using participants merely as tools for science.

### Four guiding principles

1. **Autonomy**
   - people have the right to make decisions about their own health
   - protected by **informed consent**

2. **Beneficence**
   - act for the good of others
   - research should benefit participants, not only science

3. **Nonmaleficence**
   - do not cause unnecessary harm
   - trials should minimize risk

4. **Justice**
   - fairness in distributing benefits and burdens
   - similar cases should be treated similarly

These are foundational principles in biomedical ethics.

### Historical abuses
The chapter stresses that modern ethics developed partly in response to atrocities:
- the **Nuremberg Code**
- **institutional review boards (IRBs)**
- research oversight after Nazi medical crimes

It also highlights the **Tuskegee syphilis study**, where Black men were deceived, denied treatment, and exploited for decades. This case illustrates:
- coercion
- racism
- absence of informed consent
- violation of autonomy and justice

### Moral frameworks applied to research
The text shows how major ethical theories shape the issue:

- **Utilitarianism**: weigh benefits and harms, seek greatest overall good
- **Kantian deontology**: never use persons merely as means
- **Care ethics**: emphasize compassion, relationships, and concrete human vulnerability

These frameworks converge on the need to protect human subjects from exploitation.

---

## Human augmentation and genetic modification

The final major bioethical topic is **human augmentation**: improving human capabilities beyond what is needed to maintain health.

Examples:
- performance-enhancing drugs
- brain implants
- gene editing
- cognitive or physical enhancement

### The moral problem
A central question is whether it is acceptable to alter humans not for therapy but for enhancement. Some enhancements are socially accepted, like caffeine; others, like misuse of Adderall or blood doping, are controversial because they create unfair advantage or distort normal human competition.

### CRISPR and gene editing
The text discusses **CRISPR** and genetic engineering, which can now modify human traits more easily and cheaply than before.

#### Ethical concerns include:
- defining “positive” and “negative” traits
- reducing genetic diversity
- unknown long-term effects
- widening inequality
- creating new forms of discrimination

### Somatic vs germ-line modification
A crucial distinction:
- **Somatic interventions**: not inherited
- **Germ-line interventions**: inherited by future generations

Germ-line editing is especially controversial because:
- future persons cannot consent
- consequences may be irreversible
- it may alter the human gene pool

### Therapy vs enhancement
Many ethicists distinguish:
- **therapy**: restoring normal function
- **enhancement**: going beyond normal capacity

Some think therapy is morally acceptable while enhancement is not, because enhancement risks social inequality and genetic homogenization.

### Gene patents
The chapter also discusses whether genetic material should be patentable.

- After **Diamond v. Chakrabarty (1980)**, genetically modified organisms could be patented.
- This led to corporate control over genes such as **BRCA1/BRCA2**.

Arguments for gene patents:
- reward innovation
- encourage research
- support development of treatments

Arguments against:
- genes are naturally occurring
- patents raise costs
- they may hinder research and serve private profit over public good

The philosophical issue is whether genes are appropriate objects of property rights and how to balance innovation against justice and access.

---

# 10.2 Environmental Ethics

Environmental ethics asks what our moral obligations are toward the **nonhuman world**.

## Historical background

The discipline was shaped by thinkers like:
- **Aldo Leopold**, who urged expanding moral community to include the land and ecosystem
- **Rachel Carson**, whose *Silent Spring* exposed the environmental harms of pesticides

The key idea is that human activity has long-term ecological consequences, and ethics must account for the broader living world.

---

## The environmental crisis

The text identifies climate change as a crisis driven mainly by human activity:
- burning fossil fuels releases **CO₂**
- greenhouse gases trap heat
- climate change increases the severity and frequency of disasters

Examples include:
- wildfires in California
- Australia’s catastrophic 2020 bushfires

The central term is **anthropogenic climate change**, meaning climate change caused by human action.

---

## Political and legal dimensions

Environmental ethics is inseparable from public policy. Institutions like the **EPA** arose to address pollution and environmental harm.

The text notes:
- different nations regulate environmental harms differently
- international agreements like the **Montreal Protocol**, **Kyoto Protocol**, and **Paris Agreement** show both the possibility and limits of global cooperation
- climate change is tied to a **carbon economy**, and there is no simple replacement at the scale needed for current lifestyles

This highlights that environmental ethics is not just about individual behavior but about **systemic economic and political structures**.

---

## Philosophical positions on nature

### 1. Anthropocentrism: nature has instrumental value
In traditional Western thought, nature often has value only insofar as it serves humans. This is called **instrumental value**.

**Francis Bacon** represents the scientific and technological confidence of this worldview: nature can be studied, controlled, and used.

**Lynn White** criticized Judeo-Christian traditions for encouraging human domination over nature.

Yet anthropocentrism can also support environmental protection:
- humans need clean air, water, and a livable planet
- future generations have interests that justify environmental restraint

**William Baxter** illustrates a strongly anthropocentric ethic: nature matters because human well-being depends on it, and pollution should be kept at an “optimal” level.

### 2. Deep ecology: nature has intrinsic value
**Deep ecology**, associated with **Arne Naess**, holds that all living beings have intrinsic value, not just humans.

Key claims:
- all life is valuable in itself
- humans are part of an interconnected whole
- we should live with restraint, not domination

This is a radical challenge to human-centered ethics.

### 3. Social ecology
**Murray Bookchin** argues environmental problems are rooted in social domination:
- capitalism
- hierarchy
- racism
- sexism
- class exploitation

On this view, ecological crisis cannot be solved without social justice. Environmental destruction and human oppression share the same structural roots.

---

## Environmental racism and unequal harm

A major philosophical and political point is that environmental harms are not distributed equally. **Marginalized communities** often bear more pollution, contamination, and climate risk.

Examples:
- **Flint, Michigan** water crisis
- asthma and pollution in the **South Bronx**
- disproportionate exposure in developing countries

The concept of **environmental racism** names the pattern by which race and class shape environmental vulnerability. Environmental ethics therefore becomes a matter of **justice**, not only ecology.

---

# 10.3 Business Ethics and Emerging Technology

This section examines how businesses and technologies raise moral questions about responsibility, fairness, labor, privacy, and power.

---

## Codes of ethics

Businesses and professional organizations often create **codes of ethics** to guide behavior. These set standards regarding:
- bribery
- discrimination
- whistleblowing
- privacy
- safety
- environmental responsibility

The **IEEE Computer Society** is given as an example: software should be safe, tested, and not threaten privacy or quality of life.

This shows how applied ethics becomes institutionalized in professional practice.

---

## Corporate responsibility

Corporations are legal entities distinct from the people within them. This raises the question: **Are corporations morally responsible, and if so, to whom?**

The text contrasts two major views:

### Shareholder primacy
Associated with **Milton Friedman**:
- the corporation’s main duty is to maximize profit for shareholders
- social problems are primarily the government’s job
- corporate managers should act to increase returns

### Stakeholder theory
Managers should balance the interests of all affected groups:
- shareholders
- employees
- consumers
- communities
- the environment

This is a major debate in business ethics: whether the corporation is mainly a profit machine or a socially embedded institution with obligations beyond profit.

---

## Safety and liability

Modern workplace safety regulations arose because industrial capitalism produced dangerous working conditions. The text references:
- the Industrial Revolution
- child labor
- factory hazards
- eventual reforms such as OSHA

The philosophical lesson is that laissez-faire capitalism often fails to protect workers, so ethics and law intervene.

The **Firestone/Ford tire controversy** illustrates how cutting costs can lead to massive harm, lawsuits, and loss of trust. Short-term profit maximization can undermine long-term corporate survival.

---

## Meaningful work

The text develops a moral argument about work itself.

**Adam Smith** worried that extreme specialization made labor repetitive and dehumanizing. Later, **Norman Bowie** argued that firms have a duty to provide **meaningful work**, grounded in Kantian respect for persons.

Meaningful work should:
- be freely chosen
- pay a living wage
- allow autonomy
- support rational and moral development
- not block the worker’s pursuit of happiness

This is important because employment is not merely economic; it shapes dignity, independence, and personhood.

---

## Globalization and labor justice

Global outsourcing creates ethical dilemmas:
- corporations may exploit weak labor protections abroad
- lower prices for consumers may come at the cost of worker suffering
- legality does not always equal morality

This shows how global supply chains complicate responsibility. Ethical business practices must consider fairness across national borders.

---

## Affirmative action

The chapter discusses **affirmative action** as a response to historical exclusion in employment and education.

Supporters argue:
- it corrects past injustice
- it expands opportunity
- it makes institutions more representative
- it promotes overall fairness

Critics argue:
- it may conflict with merit
- it may unfairly advantage some over others
- it risks stigmatizing beneficiaries as less qualified

Philosophers such as **James Rachels**, **Judith Jarvis Thomson**, and **Mary Anne Warren** are cited as defenders of affirmative action as a form of redress or fairness. The core issue is whether equality requires neutral treatment or compensatory measures.

---

## Emerging technologies and artificial intelligence

The final theme is the ethical challenge of technologies developing faster than society can regulate them.

### Artificial intelligence
The text distinguishes:
- **weak AI**: systems performing limited tasks, such as Siri or bots
- **strong AI**: machines that would perform many cognitive tasks like humans

**John Searle** argues strong AI is not truly conscious because it lacks intentionality.

### Ethical concerns about AI
Industry leaders worry about:
- cybercrime and cyberwarfare
- privacy violations
- misuse of data
- loss of human skills
- job displacement

The broader philosophical concern, especially in **Nick Bostrom**, is the possible emergence of a superintelligent machine that does not share human values. This raises the issue of a mismatch between:
- human social cooperation
- human technological power

This is a classic modern concern: our ability to create powerful systems may exceed our ability to control or ethically govern them.

---

# Concluding philosophical takeaway

The chapter presents applied ethics as the discipline of **bringing moral reasoning into concrete social problems**. Across bioethics, environmental ethics, and business/technology ethics, several themes recur:

- **Autonomy** vs. paternalism
- **Justice** vs. exclusion and exploitation
- **Human dignity** vs. treating persons as means
- **Sanctity of life** vs. relief of suffering
- **Intrinsic value** vs. instrumental value
- **Individual freedom** vs. social responsibility
- **Scientific/technological progress** vs. ethical limits

For students, the most important lesson is that these debates are not merely about opinions. They are structured by philosophical theories—especially **utilitarianism, deontology, virtue/care ethics, and theories of personhood**—and by deeper metaphysical and political assumptions about what humans are, what nature is worth, and what institutions owe to vulnerable beings.

If you want, I can also turn this into:
1. a **shorter study guide**,  
2. a **bullet-point exam review**, or  
3. a **comparison table of the major ethical theories and authors** mentioned in the text.",,,1.0,,azure
Persona_Pattern,philosophy_10,"Here is a comprehensive, student-oriented summary of the text from a philosophy perspective.

---

# Summary of the Chapter on Political Philosophy

This chapter introduces **political philosophy** as the branch of philosophy that examines the foundations of political life: what justifies government, what makes authority legitimate, what citizens owe to the state, and what the state owes in return. It also explores how political systems shape everyday life and how political ideas are tied to broader questions of **justice, citizenship, freedom, legitimacy, and moral responsibility**.

The chapter is organized into four major areas:

1. **Historical perspectives on government**
2. **Forms of government**
3. **Political legitimacy and duty**
4. **Political ideologies**

A central theme throughout is that political systems are never just administrative structures; they embody moral assumptions about human nature, social order, and the good life.

---

# 11.1 Historical Perspectives on Government

This section shows that political philosophy has developed in different cultural traditions, not only in the West. It compares **Aristotle and Plato** in ancient Greece, **Mozi and the Mohists** in ancient China, and **Al-Farabi** in the Islamic world. Each thinker links political order to morality and the cultivation of virtue.

## Aristotle: Politics and Virtue

Aristotle’s political philosophy is deeply connected to his theory of **telos**, meaning purpose or end. For Aristotle, everything has a natural goal, and the goal of human beings is to live well. But living well is not mere comfort or pleasure; it requires **virtue**, which must be developed through practice, habit, and education.

Aristotle argues that virtue cannot be developed in isolation. A person needs a **community** and, more specifically, a properly organized political society that trains citizens in good habits. Government is therefore not just about maintaining order; it is about shaping character. A good constitution is one that makes citizens morally better.

Key idea:
- Politics exists to support the **good life**
- The good life requires **virtue**
- Virtue requires **community and law**

## Plato and *The Republic*

Plato’s *Republic* is one of the most influential texts in political philosophy. It asks a fundamental question: **What is justice?** Socrates suggests that justice is not merely useful to the powerful; it is valuable in itself and leads to happiness.

Plato develops the famous idea of the **just city**, which mirrors the just soul. His reasoning is that if a city organized justly flourishes better than an unjust city, then a person organized justly must also flourish better than an unjust person.

### The structure of Plato’s just city

Plato imagines a society formed to satisfy mutual needs:
- some people farm,
- others weave,
- others trade,
- others protect.

As society grows, it needs **soldiers** to defend it. These soldiers become the **guardians**, the ruling class of the city.

### The guardians and philosopher-kings

The guardians are not ordinary rulers. They must be exceptionally virtuous and educated from childhood. Their education is highly controlled:
- they are exposed only to morally uplifting stories,
- they must not be taught to fear death excessively,
- they are raised to value courage, honor, and patriotism,
- they live communally and hold property and even families in common.

The most virtuous guardians become **philosopher-kings**, rulers who combine wisdom with political power. Plato’s famous claim is that cities will only be free from evil when philosophers rule or rulers become philosophers.

### The virtues of the state

Plato identifies four major virtues:
- **wisdom**
- **courage**
- **discipline**
- **justice**

The city is just when each class performs its proper role and harmony is preserved. Justice is therefore not equality in the modern sense but **order and functional harmony**.

### The three-part soul and society

Plato also connects the structure of the city to the human soul:
- reason corresponds to rulers,
- spirit corresponds to auxiliaries,
- appetite corresponds to laborers.

A person is just when reason rules over passion, just as a city is just when wise rulers govern the whole.

## The tradition of exclusion

The text rightly pauses to point out an important philosophical problem: many classical theories of justice were built on **exclusion**. In ancient Greek political thought, citizenship usually applied only to **wealthy men**. Women, slaves, children, and the elderly were often excluded from political participation.

This is philosophically significant because it reveals a tension between the ideal of justice and the social reality of unjust hierarchy. Even Plato, while more open than Aristotle in some respects, still assumed a strongly structured hierarchy. Aristotle explicitly claimed that women, slaves, and children lacked the rational authority needed for politics.

This section is important because students should see that:
- philosophical systems can be internally sophisticated,
- yet still contain deep moral blind spots,
- and the history of political philosophy includes both insights and exclusions.

## Mohism in China

The Mohists, active during China’s **Warring States period**, developed political ideas in response to instability and war. Their central text, the **Mozi**, emphasizes **universal concern**, social welfare, and opposition to aggression.

The Mohist approach is consequentialist in spirit:
- actions are judged by their effects,
- policies are good if they benefit others,
- aggression and harm are morally wrong.

## The Mohist ruler

Mozi argues that social chaos arises when people follow only their own private opinions. To restore harmony, **Heaven** appoints a wise ruler. The ruler then establishes a hierarchy of ministers and local authorities to unify moral standards throughout the empire.

The ruler’s role is not merely to command but to **educate and standardize moral conduct**. The state exists to bring order, unity, and peaceful cooperation.

## Al-Farabi and the city of excellence

Al-Farabi, an important Islamic philosopher, was influenced by Greek political thought, especially Plato and Aristotle. He distinguishes between:
- **political science**, which concerns practical governance,
- and **political philosophy**, which concerns the theoretical understanding of true happiness and virtue.

For Al-Farabi, the best ruler is the **supreme ruler**, someone who has both practical wisdom and philosophical knowledge. Unlike a mere administrator, this ruler can judge which actions truly lead to happiness.

### True happiness vs. apparent happiness

Al-Farabi distinguishes:
- **true happiness**: achieved through virtue and moral excellence,
- **presumed happiness**: based on wealth, power, and pleasure.

A **city of excellence** is ruled by a philosopher and oriented toward moral development. A city that values wealth or pleasure instead is inferior, even if it functions materially.

Like Plato, Al-Farabi thinks politics should serve moral perfection, not merely material convenience.

---

# 11.2 Forms of Government

This section classifies major forms of government and shows how political structures relate to social hierarchy and ideology.

## Monarchy

A **monarchy** is rule by a single person, typically inherited through succession. Monarchies have existed for millennia and are still present today in some countries.

### Absolute monarchy
In an **absolute monarchy**, the ruler holds complete control and is not limited by another political authority. This is often justified by the idea of **divine right**: the ruler has been chosen by the gods.

### Constitutional monarchy
In a **constitutional monarchy**, the monarch exists within a constitutional framework and usually has symbolic or limited executive powers. The British monarchy is the example given: the monarch remains a ceremonial head of state, while real policy power belongs to elected representatives.

## Aristocracy and caste systems

An **aristocracy** gives power to a small elite group, often through inherited status. The text also connects aristocracy to **class systems** and **caste systems**, where social rank determines political access.

### Plato’s class system
Plato divides society into multiple classes based on function and aptitude. He thinks people should do the work suited to their nature.

### Indian caste system
The Hindu caste system is a rigid hereditary hierarchy historically associated with religious ideas about karma and rebirth. It includes:
- Brahmins,
- Kshatriyas,
- Vaishyas,
- Sudras,
- and Dalits.

The text notes that caste discrimination remains a serious issue despite legal reforms.

## Representative government

In **representative government**, citizens choose representatives to make decisions on their behalf. The chapter notes that some Indigenous and African communities practiced forms of democratic or participatory governance before modern states.

### Athens and democracy
Ancient Athens is presented as a key early model of democracy, though it was limited to certain classes of men. Solon introduced reforms that expanded participation, and Pericles praised the Athenian constitution as favoring the many rather than the few.

### Modern representative democracy
Modern democracies do not usually involve direct voting on every policy. Instead, people elect representatives. The text emphasizes democratic legitimacy as partly **instrumental**:
- democracy is legitimate because it tends to produce better outcomes over time,
- it supports wealth, famine prevention, peace, and pluralism.

Amartya Sen is cited for arguing that democracies are less likely to experience famine and more likely to protect pluralism and freedom.

## Totalitarianism

**Totalitarianism** is an extreme form of government that seeks control over both public and private life. It includes:
- censorship,
- surveillance,
- suppression of opposition,
- severe punishment for dissent.

It is linked historically to regimes such as Stalin’s Soviet Union and Mussolini’s Italy.

### Communism and fascism as totalitarian forms
The text explains that:
- **communism** becomes totalitarian when the state monopolizes property, production, and political power,
- **fascism** is totalitarian nationalism combined with hierarchy and anti-democratic rule.

### Hannah Arendt on totalitarianism
Arendt’s analysis is especially important philosophically. She argues that totalitarianism is not just dictatorship. It is a system that aims to destroy individuality and make people into extensions of the state. It creates terror, eliminates independent thought, and makes law unstable and arbitrary.

For Arendt:
- dictatorship controls institutions,
- totalitarianism aims at total domination of the person.

This is a crucial distinction for understanding political evil in the modern world.

---

# 11.3 Political Legitimacy and Duty

This section asks: **What makes political authority legitimate?** And **what do citizens owe to the state or to others?**

## Divine rule

In divine rule, legitimacy comes from a supernatural source rather than the people. This supports monarchical authority by claiming rulers are chosen by heaven or God.

## Social contract theory

The chapter then moves to a major modern idea: the **social contract**, according to which government is legitimate because it arises from an agreement among people.

### Thomas Hobbes
Hobbes imagines the **state of nature** as a condition of fear, violence, scarcity, and instability. Life without government would be “solitary, poor, nasty, brutish, and short.”

His solution is strong central authority—ideally an absolute sovereign—because only such power can keep peace.

### John Locke
Locke rejects Hobbes’s pessimism. He says humans are naturally free and equal and possess natural rights under **natural law**. In the state of nature, people have rights to life, liberty, and property.

Government is created to protect these rights:
- property,
- impartial justice,
- enforcement of law.

If government becomes tyrannical, the people have the right to dissolve it. Locke is therefore a foundational thinker for liberal democracy and revolution against unjust authority.

## Weber on legitimacy

Max Weber offers a descriptive theory of legitimacy, identifying three main types:

### 1. Traditional legitimacy
Authority based on custom, inheritance, or long-standing practice.

### 2. Charismatic legitimacy
Authority based on the extraordinary personal appeal of a leader. This type is unstable because it depends on the individual’s presence and reputation.

### 3. Rational-legal legitimacy
Authority based on rules, law, and institutions rather than personal qualities. This is the most stable form in modern representative states.

This distinction is extremely useful for students because it separates:
- why people obey rulers,
- from whether rulers are morally justified.

## Political obligations

The chapter then shifts from legitimacy to **duty**: what obligations do people have to each other and to government?

### Communitarianism
Communitarianism argues that identity is shaped by community. Humans are not self-contained individuals first and social beings second; rather, values emerge from communities, traditions, and shared practices.

Communitarians stress:
- social belonging,
- moral norms enforced by communities,
- responsibilities as well as rights.

They challenge overly individualistic theories and the idea that politics can be understood apart from social context.

### Gandhi and civil disobedience
Gandhi provides a different model of obligation. He believed one’s deepest duty may be to moral truth and the welfare of one’s people, even when that requires **disobedience** to unjust laws.

His key concepts are:
- **ahimsa**: non-harming
- **satyagraha**: holding fast to truth

Gandhi’s civil disobedience is not lawlessness or violence. It is disciplined moral resistance. He insists that a person can disobey unjust government while still acting from duty, humility, and concern for others.

This section is philosophically rich because it distinguishes:
- obligation to the state,
- from moral obligation in general.

A person may have a duty to resist rather than obey.

---

# 11.4 Political Ideologies

This section surveys major political ideologies and their views on justice, liberty, equality, property, and the role of the state.

A central issue is **distributive justice**: how wealth, goods, and opportunities should be distributed fairly.

## Conservatism

Conservatism favors:
- established institutions,
- gradual reform,
- local solutions,
- property rights,
- social discipline,
- and skepticism about radical change.

Edmund Burke is the founding figure discussed here. He opposed the French Revolution because it destroyed institutions that, though imperfect, had value. Conservatives tend to view human nature as flawed and believe institutions like family, church, and school help stabilize society.

## Liberalism

Political liberalism, in the philosophical sense, is about **limiting government interference** and protecting liberty.

### John Stuart Mill
Mill argues that the only legitimate reason to interfere with a person’s liberty is to prevent harm to others. This is the famous **harm principle**.

### Negative and positive liberty
Isaiah Berlin distinguishes:
- **negative liberty**: freedom from interference,
- **positive liberty**: self-mastery, or the ability to control one’s own life.

This distinction is central in political philosophy because different ideologies emphasize different aspects of freedom.

## Welfare liberalism and Rawls

Some liberals argue that freedom requires more than non-interference; people need social support and fair institutions.

### Rawls’s theory of justice
Rawls asks us to imagine the **original position** behind a **veil of ignorance**, where we do not know our race, gender, class, talents, or social status. From this position, rational people would choose fair principles because they would not want to risk ending up disadvantaged.

Rawls proposes two principles:
1. **Equal basic liberties** for all.
2. **The difference principle**: inequalities are acceptable only if they benefit the least advantaged and are attached to open offices and fair opportunity.

Rawls is not asking for equal outcomes, but for justifiable inequalities that improve the position of those worst off.

## Egalitarianism

Egalitarianism is broader than Rawls but shares his concern for equality. It insists that all persons have equal moral worth and should have equal rights and opportunities, though not necessarily identical outcomes.

The text also notes the **capability approach**, associated with Amartya Sen and Martha Nussbaum. This approach emphasizes what people are actually able to do and be. Justice should provide the real resources needed for a dignified and flourishing life.

This is important because equality of formal rights does not guarantee equality of genuine opportunity.

## Socialism

Socialism focuses more directly on the distribution of economic resources. It argues that goods and resources should be publicly owned or managed for the benefit of the community rather than controlled by private capital.

The text distinguishes socialism from communism while noting the overlap. Socialism can coexist with some private property, especially in democratic forms.

## Marxism and alienation

Marx is especially important for critiquing capitalism. He argues that workers do not receive the full value of their labor because capitalists take surplus value.

### Alienation
Marx says capitalism alienates workers:
- from the product they make,
- from their labor process,
- from their own human nature,
- and from other people.

In industrial systems, people become fragments of themselves, treated like commodities. This is one of the deepest critiques in the chapter and remains relevant to modern labor conditions.

## Anarchism

Anarchism means “no ruler” or “no government.” It rejects the assumption that order requires centralized authority. Instead, anarchists believe people can self-govern through voluntary cooperation.

The chapter emphasizes two main anarchist criticisms:
- governments often use coercion and surveillance,
- government may be the source of violence rather than the solution.

### Limits and debates
Critics worry that without government there would be no reliable police or legal system. Anarchists respond that many forms of violence arise from social inequality and oppressive institutions.

### Anarcha-feminism
The chapter also connects anarchism to feminism, especially critiques of patriarchy and domestic hierarchy. Anarcha-feminists argue that gender roles can reinforce domination just as class structures do.

---

# Overall Philosophical Significance

This chapter presents political philosophy as a field that asks not only **how governments work**, but **why they should exist, when they are legitimate, and what kind of society is morally best**.

Several major philosophical contrasts run through the text:

- **Order vs. freedom**
- **Tradition vs. reform**
- **Equality vs. hierarchy**
- **Individual rights vs. community obligations**
- **Material welfare vs. virtue**
- **Legitimacy by divine right, consent, law, charisma, or morality**

A major lesson for students is that political philosophy is not only about institutions; it is also about:
- human nature,
- moral responsibility,
- social justice,
- and the kind of life a society should make possible.

The chapter also shows that political thought is global and historical:
- Greek, Chinese, Islamic, Indian, European, and modern thinkers all contribute to the tradition.
- Each offers a different answer to the question: **What makes a political order just?**

If you want, I can also turn this into:
1. a shorter study guide,
2. a bullet-point exam review sheet, or
3. a comparison table of Plato, Aristotle, Mozi, Al-Farabi, Hobbes, Locke, Rawls, and Marx.",,,1.0,,azure
Persona_Pattern,philosophy_11,"Below is a comprehensive expert summary of the chapter, designed to help students grasp both the major arguments and the deeper philosophical significance of each section.

---

## Overview: What this chapter is about

This chapter traces a major arc in modern and contemporary philosophy: the effort to understand and improve society after the Enlightenment, and then the later critiques of Enlightenment assumptions. It begins with the confidence of **reason, science, and progress**, moves through **Marxist critiques of capitalism**, and then shows how later thinkers—especially in **continental philosophy**, the **Frankfurt School**, and **postmodernism**—questioned whether reason, science, language, or social institutions can ever give us fully objective truth.

At its core, the chapter asks:

- Can society be improved through reason and empirical science?
- Is capitalism the root of social suffering?
- Are meanings fixed and objective, or socially constructed and historically conditioned?
- How do power and knowledge interact?
- What role should philosophy play: detached observation, or active critique and emancipation?

---

# 12.1 Enlightenment Social Theory

## The Enlightenment project
The Enlightenment believed that **human reason**, allied with **empirical investigation**, could improve both knowledge and society. Enlightenment thinkers trusted that if humans studied the world carefully and applied rational principles, they could produce:

- scientific progress,
- technological advancement,
- social reform,
- and a better human future.

This optimism was tied to the rise of modern institutions such as:

- democratic governments,
- national banking systems,
- social welfare organizations,
- and the social sciences, especially sociology.

However, the chapter emphasizes that the same period that produced progress also produced **new forms of inequality**, especially through capitalism and industrialization.

---

## Rationalism and empiricism
The chapter distinguishes two Enlightenment paths to knowledge:

### Rationalism
- Associated with **René Descartes**
- Holds that **reason is the primary source of knowledge**
- Claims that some truths can be known independently of sensory experience

Example: mathematical truths, such as 1 + 1 = 2, are known by reason.

### Empiricism
- Associated with **Francis Bacon** and **John Locke**
- Holds that knowledge comes from **observation and experience**
- Emphasizes experiments, data, and the scientific method

The chapter presents these as different but complementary. Modern technological and scientific achievements are seen as products of both rational planning and empirical testing.

---

## Kant and ethical progress
**Immanuel Kant** brought the Enlightenment faith in reason into ethics. He proposed that rational beings can determine universal moral rules through what he called **categorical imperatives**.

These are principles one could will to apply universally to everyone. The important point is that for Kant:

- morality is not based on emotion or custom alone,
- ethical reasoning can guide social improvement,
- and societies may gradually become more moral over time.

Kant’s view is important because it treats ethical progress as something societies can work toward through reflection and education, not as something that happens automatically.

---

## Comte’s positivism and sociology
**Auguste Comte** is presented as a foundational thinker in social science. He believed that societies, like nature, could be studied scientifically. His most famous idea is the **law of three stages**:

1. **Theological stage** – events are explained by supernatural forces.
2. **Metaphysical stage** – abstract forces or essences explain events.
3. **Positive stage** – humans rely on scientific laws and empirical knowledge.

Comte called this final stage **positivism**.

From positivism came his vision of **sociology** as a science of society. He believed that careful empirical study of social life could help humanity progress.

The chapter also notes a tension in Comte:
- He thought religion would fade in a positivist age,
- but he also recognized that people need social meaning and ritual,
- so he even founded his own secular religion-like institution.

---

## W. E. B. Du Bois and empirical sociology
A major and crucial part of the chapter is the role of **W. E. B. Du Bois**. Du Bois is presented as a pioneer of **empirical sociology** and a critic of vague, impressionistic social theory.

His study **The Philadelphia Negro** is highlighted as a landmark because he:

- conducted thousands of interviews,
- collected data on education, literacy, occupation, health, income, home ownership, and voting,
- and compared these findings with census data.

This allowed him to show concretely how **racism shaped the life chances of African Americans**. The chapter emphasizes that Du Bois helped transform sociology into a practical, evidence-based discipline and produced the **first empirical analysis of racism in the United States**.

---

# 12.2 The Marxist Solution

## Marxism as a critique of capitalism
Marxism differs from Enlightenment social theory in a major way: it does not try to solve the symptoms of modern social problems while keeping capitalism intact. Instead, it argues that **capitalism itself is the problem**.

**Karl Marx** and **Friedrich Engels**, in *The Communist Manifesto* (1848), argued that history is fundamentally shaped by **class struggle**. They believed capitalism creates exploitation and that the working class would eventually overthrow it.

---

## Hegel’s dialectic
The chapter begins Marx’s theory with **G. W. F. Hegel**, whose dialectic described historical development as a process of contradiction and resolution:

- **Thesis**: an initial state
- **Antithesis**: a counterforce
- **Synthesis**: a higher resolution that emerges from their conflict

For Hegel, history is not random but is driven by the unfolding of Spirit or consciousness.

---

## Marx’s dialectical materialism
Marx adapts Hegel but rejects the idealist basis of Hegel’s theory. Instead, Marx develops **dialectical materialism**:

- history is driven not by ideas alone, but by **material economic conditions**
- contradictions in the real social world generate change
- the most important contradiction is between social classes

In capitalism, the key classes are:

- **bourgeoisie**: owners of the means of production
- **proletariat**: workers who sell their labor

Marx argued that capitalism depends on extracting **surplus value**—profit generated by paying workers less than the value of what they produce. This structural exploitation creates the conditions for conflict.

---

## The proletarian revolution
Marx predicted a historical sequence:

1. capitalism intensifies exploitation,
2. workers become conscious of shared oppression,
3. they organize into unions and political parties,
4. revolutionary leadership emerges through the communist party,
5. the proletariat seizes state power,
6. private ownership of production is abolished,
7. class divisions disappear,
8. a classless society emerges.

This transitional phase is called the **dictatorship of the proletariat**.

The chapter stresses, however, that Marx’s central prediction did not unfold as he expected. Revolution did occur in countries like Russia and China, but not in the most industrialized capitalist nation, England.

---

## Lenin and imperialism
**Vladimir Lenin** revised Marxism by arguing that capitalism had evolved into **imperialism**:

- advanced capitalist nations export exploitation outward,
- they extract cheap raw materials and labor from colonized regions,
- and this shifts the revolutionary pressure away from the industrial core and toward colonized or dependent societies.

This explains why Marxist revolutions appeared in less industrialized regions rather than in England.

---

## Mao’s reframing of Marxism
**Mao Zedong** further adapted Marxism to the Chinese context.

Because China lacked a large industrial proletariat, Mao broadened the revolutionary subject to include:

- peasants,
- intelligentsia,
- petty bourgeoisie,
- and even nationalist elements of the bourgeoisie.

He redefined class struggle as a struggle against:

- landlords,
- imperialist forces,
- and colonial domination.

Mao’s version of Marxism was therefore both **anti-capitalist** and **anti-imperialist**. It made Marxist revolution more adaptable across the Global South.

---

## Self-criticism and the Cultural Revolution
The chapter explains Mao’s emphasis on **self-criticism** as both:
- a supposed tool for moral and political reflection,
- and, in practice, a mechanism for control and intimidation.

What began as ideological correction became public humiliation, denunciation, and violence. This reached a horrific extreme in the **Cultural Revolution (1966–1977)**, when many people were murdered as “class enemies.”

The chapter’s broader point is that revolutionary ideals can become instruments of oppression when combined with authoritarian political power.

---

# 12.3 Continental Philosophy’s Challenge to Enlightenment Theories

This section shifts from social theory to the philosophical problems of **meaning, interpretation, experience, and the self**. It introduces the ideas that helped prepare the way for critical theory.

---

## Hermeneutics
**Hermeneutics** is the philosophy of interpretation, especially of texts.

Its core insight is that meaning is not fixed once and for all. Instead, meaning emerges through the interaction among:

- the text,
- the author,
- the reader,
- and the historical context.

This means there is no completely neutral or perspective-free reading.

---

## Historicity
**Historicity** means that all meaning is historically situated.

Texts, ideas, and authors are products of history. Their meaning cannot be separated from the circumstances of their creation and reception. So a text may communicate more than its author intended because history and readers bring additional meaning into play.

The example of Dickens shows this clearly: his works reflect industrial England, but they also contain meanings shaped by later readers and changing moral awareness.

---

## Ricoeur: discourse, metaphor, narrative
**Paul Ricoeur** argues that texts do not “speak for themselves”; rather, meaning is made through interpretation.

Key ideas:
- **Discourse** is the process of generating meaning from texts and dialogue.
- **Metaphor** opens meaning rather than simply replacing one word with another.
- **Narrative** is not just a story but a structure through which we organize human understanding.

Ricoeur suggests that identity and society are narratively shaped, meaning the self is not a fixed object but something interpreted through stories.

---

## Phenomenology
**Phenomenology** studies experience from the first-person point of view.

Its key move is to begin not with abstract theory, but with **lived experience**. Rather than asking “What is an object in itself?” phenomenology asks, “How does it appear to us?”

This approach challenges Enlightenment assumptions that objective abstraction gives the deepest access to reality.

---

## Husserl, Merleau-Ponty, Heidegger
### Edmund Husserl
Husserl says we must suspend assumptions about what things “really are” and examine how they appear in experience.

### Maurice Merleau-Ponty
He rejects the strict mind-body split. Perception is embodied; we experience the world **through our bodies**, not as detached minds.

### Martin Heidegger
He argues that being is always being-in-the-world. Human existence cannot be understood abstractly; it must be understood within the world of practical life, everyday action, and situated existence.

---

## Phenomenology and ethics
The chapter links phenomenology with ethics by showing that moral action often arises not from abstract principle alone, but from an immediate confrontation with another person’s suffering.

The key idea is that ethical responsibility is not merely logical or legal. Sometimes we are morally moved because another person’s vulnerability becomes vividly present to us. Ethical action, then, emerges from encounter and empathy, not only from rules.

---

## Existentialism
**Existentialism** grows out of phenomenology and emphasizes:

- human freedom,
- meaning-making,
- responsibility,
- and the human condition.

Its central claim is that humans do not simply discover a pre-given meaning in the world; they actively create meaning through choices and actions. This is why existentialism insists on radical responsibility: if meaning is not given from above, we must make it ourselves.

---

# 12.4 The Frankfurt School

The Frankfurt School is where Marxism, social critique, and continental philosophy come together into what becomes **critical theory**.

---

## Origins and historical context
The Frankfurt School arose in early 20th-century Germany in response to:

- socialist revolutions,
- World War I,
- the Weimar Republic,
- and later the rise of Nazism.

The **Institute for Social Research** became the center of this movement, and **Max Horkheimer** gave it its critical direction.

---

## Critical theory’s aim
Critical theory aims not just to describe society, but to **emancipate human beings from oppression**.

Horkheimer says a true critical theory must:
- explain social problems,
- identify how change is possible,
- offer a standard for critique,
- and define reasonable emancipatory goals.

This is a major shift from detached theory to theory as a tool for liberation.

---

## Critique of Enlightenment knowledge
The Frankfurt School rejects the Enlightenment idea that reason alone can deliver neutral, universal truth.

Instead, it argues:
- knowledge is shaped by social, political, and cultural structures,
- what counts as “fact” may already reflect systems of domination,
- and philosophy should expose these hidden frameworks.

So knowledge is not simply objective description; it is bound up with power.

---

## Benjamin’s messianic interruption
**Walter Benjamin** introduces the notion of the **messianic** as a rupture in the status quo.

This is not just religious language. It means a decisive interruption in ordinary historical continuity—an event or moment that disrupts oppressive systems and opens the possibility of something radically different.

The key problem, the chapter notes, is that such moments are often temporary. One status quo is disrupted, but another tends to emerge.

---

## Habermas and communicative action
**Jürgen Habermas** is the most influential later Frankfurt School thinker discussed here.

His major idea is **communicative action**:
- emancipation comes through public dialogue,
- people test and revise their views through open discussion,
- and democracy works best when ideas are exposed to critique in the **public sphere**.

The public sphere includes places and media where people debate social issues outside direct state control. Social media, coffeehouses, and other forums can function in this way.

Habermas sees democratic freedom as depending on **reasoned communication**, not coercion.

---

## Paulo Freire and critical pedagogy
Inspired by the Frankfurt School, **Paulo Freire** develops **critical pedagogy**.

Freire argues that education should not be a banking system where students passively receive information. Instead:

- teachers and students should engage in authentic dialogue,
- students should ask foundational “why” questions,
- and education should help people see how knowledge is socially structured.

For Freire, liberation requires critical reflection on the society that produces one’s beliefs.

---

# 12.5 Postmodernism

This final section challenges the idea that there are universal structures, stable meanings, or objective truths accessible to neutral reason.

---

## Structuralism
**Structuralism** claims that beneath social and linguistic phenomena lie universal structures.

Examples include:
- language systems,
- mathematical systems,
- psychological structures,
- and symbolic patterns.

Structuralists believe these deep structures organize meaning.

---

## Post-structuralism
**Post-structuralism** rejects the idea of fixed universal structures.

Its main claims are:
- meaning is unstable,
- interpretation is always open and context-dependent,
- structures are historically and socially produced,
- and meaning is often shaped by power.

This is one of the central philosophical transitions in the chapter.

---

## Freud and psychoanalysis
Freud is presented as offering a structural theory of the mind:
- unconscious,
- id,
- ego,
- superego.

But post-structuralists criticize Freud because these structures cannot be directly observed. Feminist critics also challenge Freud for reinforcing patriarchal assumptions.

---

## Saussure and semiotics
**Ferdinand de Saussure** contributes to structuralism through **semiotics**, the study of signs.

He distinguishes:
- **langue**: the underlying system of language,
- **parole**: actual spoken or written language use.

Meaning, in this model, depends on a structured system of differences.

---

## Linguistic turn
The **linguistic turn** in philosophy emphasizes the importance of language in shaping reality, meaning, and truth-claims.

Later Wittgenstein is important here because he shows that language gains meaning through context and use, not from some timeless essence.

---

## Deconstruction: Derrida
**Jacques Derrida** is central to post-structuralism through **deconstruction**.

Deconstruction shows that texts are not fixed in meaning and that binary oppositions often privilege one side unfairly:
- speech over writing,
- reason over passion,
- male over female,
- center over margin.

Derrida’s key idea of **différance** suggests that meaning is never fully present, always deferred, and dependent on differences.

Deconstruction therefore reveals that concepts are unstable and built on hidden exclusions.

---

## Nietzsche: genealogy and the abyss
**Nietzsche** is treated as a precursor to post-structuralism.

He argues that:
- morality does not come from God,
- there are no absolute moral foundations,
- human beings create values,
- and this can produce existential anxiety, or the experience of the **absurd**.

His method of **genealogy** traces moral concepts back to their historical origins. For Nietzsche, ideas like “good” and “evil” are not timeless truths but historically produced valuations.

He believes Judeo-Christian morality reversed values in a way that empowers weakness and suppresses strength.

---

## Foucault: power and knowledge
**Michel Foucault** extends Nietzsche by arguing that **power and knowledge are inseparable**.

Power is not just held by rulers; it is diffused throughout social networks. It shapes:
- what counts as knowledge,
- which categories are accepted,
- and how people understand themselves.

Foucault’s work exposes how practices once treated as natural—such as gender hierarchy or slavery—are historically produced and maintained by power.

---

# Political movements informed by critical theory

The chapter ends by showing that these ideas are not just abstract philosophy; they have shaped political and educational debates.

---

## Critical race theory
Critical race theory sees race as a **social construct** created and maintained by power structures.

It argues that:
- Whiteness was historically constructed,
- racism is embedded in institutions,
- and legal and social systems reproduce inequality.

It is distinctive because it does not merely seek policy reform; it also questions the framework by which society defines knowledge and legitimacy.

---

## Radical democracy
**Radical democracy** argues that democracy requires the preservation of difference and disagreement.

Instead of forcing consensus, it values:
- tension,
- deliberation,
- pluralism,
- and open contestation.

Habermas’s communicative action supports one version of radical democracy through reasoned debate. Another version is more communitarian and Marxist, grounding democracy in communal needs rather than individual rationality alone.

---

# Final synthesis: the philosophical movement of the chapter

The chapter’s overall philosophical movement can be summarized like this:

1. **Enlightenment thought** believed reason and science could improve society.
2. **Marxism** argued that capitalism itself creates exploitation and must be overcome.
3. **Continental philosophy** questioned fixed meaning, pure objectivity, and detached knowledge.
4. The **Frankfurt School** transformed critique into an emancipatory social theory.
5. **Postmodernism/post-structuralism** challenged universal truths, fixed identities, and stable meanings.

The deepest common thread is the question of **how human beings understand and transform their world**. Across the chapter, philosophy shifts from confidence in objective reason toward an increasing awareness of:

- history,
- interpretation,
- embodiment,
- language,
- ideology,
- and power.

For students, the key takeaway is that modern philosophy is not only about abstract ideas; it is about the very conditions under which societies define truth, justice, identity, and freedom.",,,1.0,,azure
Persona_Pattern,psychology_1,"Here is a comprehensive, student-friendly summary of the text from the perspective of an expert in psychology:

---

## Comprehensive Summary: Introduction to Psychology, Its History, Fields, and Careers

### 1. Psychology as a Science
Psychology is defined as the **scientific study of mind and behavior**. This means psychologists do not rely on opinion or speculation; they use the **scientific method** to investigate how people think, feel, and act. A scientific question leads to a **hypothesis**—a testable explanation—which is then examined through observation or experiment. Findings are shared so others can **replicate** or extend the research.

A key feature of psychology is that it is **empirical**, meaning it depends on measurable, observable evidence. This is important because psychology only studies phenomena that can be tested scientifically. For example, a statement like “a bird sings because it is happy” is not directly testable because “happiness” in birds cannot be measured easily. Psychology therefore tends to focus on measurable indicators of internal states, such as behavior, brain activity, or self-report.

The text also emphasizes that psychology sits at the intersection of:
- **Natural science**, because behavior is grounded in biology and the brain
- **Social science**, because behavior is shaped by relationships and environments

Psychology became a distinct academic discipline only in the **late 1800s**, separating from philosophy.

---

### 2. Why Study Psychology?
Students often study psychology because they want to:
- Understand themselves and others better
- Help people
- Fulfill degree requirements
- Prepare for careers in health, education, or human services

A psychology education develops several highly valuable skills:
- **Critical thinking**
- **Scientific literacy**
- **Communication skills**
- Ability to evaluate information skeptically and logically

Psychology also teaches students to appreciate the complexity of human behavior by examining the interaction of:
- **Biology**
- **Environment**
- **Experience**
- **Culture**

This makes psychology broadly useful, not just for future psychologists but for anyone who must understand human behavior professionally or personally.

---

## 3. Historical Development of Psychology

### A. Wilhelm Wundt and Structuralism
Wilhelm Wundt is often called one of the **founders of psychology** as a science. He established the first psychology laboratory in **1879** at Leipzig. Wundt believed psychology should study **conscious experience** scientifically.

His method was **introspection**—carefully examining one’s own conscious experience. Though innovative, introspection was highly subjective and difficult to standardize.

Wundt’s student, Edward Titchener, developed **structuralism**, which focused on the **contents** of consciousness—what the mind is made of—rather than what the mind does.

---

### B. William James and Functionalism
William James, considered the first American psychologist, helped establish **functionalism**. Functionalism was influenced by **Darwin’s theory of evolution**, especially the idea that behavior has adaptive value.

Functionalists asked:
- What is the purpose of a behavior?
- How does mental activity help an organism survive and adapt?

Unlike structuralism, functionalism focused on the **whole mind** and its role in real-world functioning. James also used introspection but placed greater emphasis on objective evidence.

---

### C. Sigmund Freud and Psychoanalysis
Sigmund Freud had an enormous influence on psychology. He developed **psychoanalytic theory**, which emphasized:
- The **unconscious mind**
- **Early childhood experiences**
- Internal conflicts and hidden motives

Freud believed many psychological problems came from unconscious forces that could be revealed through:
- Dream analysis
- Free association
- Slips of the tongue

Although many of Freud’s specific ideas were controversial and not easily testable, his broader influence was profound. He helped establish the idea that **behavior is shaped by unconscious processes and early development**, concepts that still influence modern psychotherapy and personality theory.

---

### D. Gestalt Psychology
Gestalt psychologists—especially **Wertheimer, Koffka, and Köhler**—argued that perception cannot be understood by examining isolated parts alone. Instead, the whole experience is different from the sum of its parts.

For example:
- A song is not just individual notes
- A visual pattern is not just separate lines or shapes

This approach strongly influenced later work in **perception**, and also contributed to ideas in humanistic psychology.

---

### E. Behaviorism: Pavlov, Watson, and Skinner
Behaviorism marked a major shift in psychology. It argued that psychology should focus only on **observable behavior**, not inner mental life.

#### Ivan Pavlov
Pavlov studied **classical conditioning**, in which a reflex response becomes associated with a previously neutral stimulus. His famous example was dogs learning to salivate to a sound that had been paired with food.

#### John B. Watson
Watson rejected introspection and consciousness as scientific subjects. He believed psychology should study how behavior is **observed, controlled, and predicted**. Behaviorism became highly influential because it used objective methods and made psychology more scientific.

#### B. F. Skinner
Skinner extended behaviorism through **operant conditioning**, focusing on how behavior is shaped by consequences:
- **Reinforcement** increases behavior
- **Punishment** decreases behavior

Skinner developed the **Skinner box**, a device for studying how animals learn through consequences. Behaviorism still influences therapy, classroom management, and behavior modification.

---

### F. Humanism: Maslow and Rogers
Humanism arose partly as a reaction against the pessimism of Freud and the mechanistic nature of behaviorism. It emphasizes:
- Human choice
- Personal growth
- Innate goodness
- Self-actualization

#### Abraham Maslow
Maslow proposed the **hierarchy of needs**, where basic needs like food and safety must be met before higher needs like belonging, esteem, and self-actualization become central.

#### Carl Rogers
Rogers developed **client-centered therapy**, in which the therapist offers:
- **Unconditional positive regard**
- **Empathy**
- **Genuineness**

Rogers believed people can grow and solve their own problems when they are supported in a nonjudgmental environment. Humanism had a major impact on psychotherapy and the study of well-being.

---

### G. The Cognitive Revolution
By the 1950s and 1960s, psychologists renewed interest in the **mind** through the **cognitive revolution**. This shift was influenced by:
- Linguistics
- Neuroscience
- Computer science

The cognitive revolution challenged behaviorism’s narrow focus on visible behavior. **Noam Chomsky** was especially important in criticizing behaviorist explanations of language.

Cognitive psychology studies mental processes such as:
- Attention
- Memory
- Thinking
- Language
- Problem solving

This movement helped create **cognitive science**, an interdisciplinary field integrating psychology with other sciences.

---

## 4. Diversity, Feminist Psychology, and Cultural Perspectives

### A. Feminist Psychology
Early psychology was dominated by **Western, White, male scholars**, which introduced bias into the field. Women and minorities had limited access to education and professional influence.

**Naomi Weisstein** criticized the way male psychologists made claims about women based on bias rather than evidence. Feminist psychology developed to:
- Reevaluate women’s contributions
- Study gender differences scientifically
- Challenge male bias in theory and research

---

### B. Multicultural and Cross-Cultural Psychology
Psychological research historically over-relied on **WEIRD** samples:
- Western
- Educated
- Industrialized
- Rich
- Democratic

The text emphasizes that findings from WEIRD populations do not always generalize to other cultures. People differ in:
- Perception
- Cooperation
- Moral reasoning
- Social behavior

- **Multicultural psychology** studies diverse populations within a country
- **Cross-cultural psychology** compares people across countries

The text also highlights major contributions from psychologists of color:
- **Francis Cecil Sumner**, first African American PhD in psychology
- **George I. Sanchez**, who challenged biased testing for Mexican American children
- **Mamie and Kenneth Clark**, whose research supported the Brown v. Board of Education case

Women also made major contributions despite barriers:
- **Margaret Floy Washburn**, first woman to earn a PhD in psychology
- **Mary Whiton Calkins**, denied a Harvard doctorate because she was a woman
- **Mary Cover Jones**, known for reducing fear in a child
- **Martha Bernal** and **Inez Beverly Prosser**, important ethnic minority women scholars

---

## 5. Contemporary Psychology: Major Subfields

Modern psychology is highly diverse, with many specialized areas.

### Biopsychology
Studies how **biology affects behavior**, especially the nervous system. It overlaps with neuroscience and examines topics like sleep, addiction, sensation, and brain function.

### Evolutionary Psychology
Examines how behavior may have evolved through **natural selection** and how it may have helped survival and reproduction. It is used to study topics like mate choice, cooperation, parenting, and social behavior.

### Sensation and Perception
Studies how we detect and interpret sensory information. Perception is not just raw input—it is influenced by:
- Attention
- Experience
- Culture

### Cognitive Psychology
Focuses on mental processes such as:
- Memory
- Language
- Attention
- Problem solving
- Thinking

### Developmental Psychology
Studies development across the **lifespan**, including physical, cognitive, moral, and social growth. Jean Piaget’s work on childhood cognition, including **object permanence**, is central here.

### Personality Psychology
Examines consistent patterns of thought and behavior that make individuals unique. Modern personality research often uses trait models such as the **Big Five**:
- Conscientiousness
- Agreeableness
- Neuroticism
- Openness
- Extraversion

### Social Psychology
Explores how people think about, influence, and relate to one another. Important topics include:
- Prejudice
- Attraction
- Social influence
- Obedience

Stanley Milgram’s obedience studies are especially notable because they showed how ordinary people may follow authority figures even when causing harm, leading to stronger ethical standards in research.

### Industrial-Organizational Psychology
Applies psychology to the workplace. This field studies:
- Hiring
- Productivity
- Motivation
- Organizational behavior
- Work climate

### Health Psychology
Uses the **biopsychosocial model**, which says health is shaped by:
- Biology
- Psychology
- Social factors

This field works on prevention, intervention, and health behavior change.

### Sport and Exercise Psychology
Studies motivation, performance anxiety, exercise behavior, and the psychological demands of athletic or physically intense tasks.

### Clinical Psychology
Focuses on diagnosing and treating psychological disorders and maladaptive behavior. It is one of the most visible fields in the public eye. Therapy approaches influenced by this field include:
- Psychodynamic therapy
- Behavioral therapy
- Cognitive therapy
- Cognitive-behavioral therapy

### Counseling Psychology
Similar to clinical psychology but often focuses more on everyday emotional, social, vocational, and health concerns in psychologically healthy individuals.

### Forensic Psychology
Applies psychology to the legal system. Tasks may include:
- Evaluating competence to stand trial
- Assessing mental state
- Child custody consultation
- Eyewitness testimony issues
- Expert witness work

---

## 6. Careers in Psychology

Psychology offers many career paths, both inside and outside academia.

### Academic Careers
To teach at a 4-year college or university, psychologists often need a **PhD**. Doctoral training typically includes:
- Coursework
- Original research
- A **dissertation**
- A dissertation defense

Faculty roles may include:
- Teaching
- Research
- Service to the institution and profession

Some academic positions are research-only, while others are teaching-focused, especially at 2-year colleges.

### Clinical Careers
People who want to practice therapy often earn either:
- A **PhD**, which emphasizes research and clinical work
- A **PsyD**, which emphasizes applied clinical training

Licensed clinical or counseling psychologists usually need supervised postdoctoral experience and must pass a licensing exam. They can work in:
- Private practice
- Hospitals
- Clinics
- Schools
- Government settings

Important distinction:
- **Psychologists** generally cannot prescribe medication
- **Psychiatrists** are medical doctors and can prescribe medication

### Master’s-Level Careers
A master’s degree can lead to careers in:
- Counseling
- School psychology
- Some sport psychology roles
- Industrial/organizational consulting

### Bachelor’s-Level Careers
A bachelor’s degree in psychology is useful in many areas, including:
- Management
- Sales
- Social work
- Human resources
- Healthcare
- Finance
- Administration

Psychology is valuable even outside direct mental health work because it develops transferable skills in analysis, communication, and understanding people.

---

## Overall Takeaway
This text presents psychology as a **broad, evidence-based discipline** that has evolved from philosophical speculation into a diverse scientific field. Its history shows repeated shifts in emphasis—from consciousness, to behavior, to the unconscious, to human growth, and back to the mind through cognitive science. Modern psychology is highly interdisciplinary and socially aware, with increasing attention to culture, gender, race, and ethics.

For students, the key lesson is that psychology is not just about mental illness or therapy. It is the scientific study of **all aspects of mind and behavior**, with applications in health, education, law, business, development, and everyday life.

If you want, I can also turn this into:
1. a **shorter study guide**,  
2. **exam-style bullet notes**, or  
3. a **concept map / outline**.",,,1.0,,azure
Persona_Pattern,psychology_2,"Here is a comprehensive expert summary of the text, written for psychology students who want a detailed understanding of the main ideas, methods, and implications:

---

## Overall Focus of the Chapter

This text introduces psychology as a **scientific discipline** and explains why scientific research is essential for understanding behavior, cognition, and biological processes. It emphasizes that psychology is not based on opinion or intuition, but on **empirical evidence** gathered through systematic methods. The chapter also highlights how research influences **personal decisions, public policy, and social attitudes**, while stressing the importance of **ethics** and **critical thinking**.

The opening example about television violence and children’s behavior illustrates a classic psychological concern: whether exposure to media affects aggression, emotional development, or behavior in general. This serves as a broader theme for the chapter—psychologists ask questions that matter in everyday life, and research helps answer them with evidence rather than speculation.

---

## 2.1 Why Is Research Important?

### Why science matters in psychology
Psychology relies on science because humans are often poor judges of reality when relying only on:
- intuition,
- authority,
- tradition,
- or personal experience.

History shows many examples of mistaken beliefs that were once widely accepted, such as:
- the idea that the sun revolved around a flat earth,
- the belief that mental illness came from possession,
- or the use of **trephination**, which was thought to release evil spirits from the skull.

Scientific research helps replace superstition and bias with objective knowledge.

### Psychology’s subject matter
Psychologists study:
- **behavior**,
- **cognitive processes**,
- and **physiological processes**.

Behavior is observable, but the mind is not directly visible, so psychologists must infer mental states from behavior, self-report, physiological data, and experimental results.

### Empirical knowledge
Scientific knowledge is **empirical**, meaning it is based on observable and measurable evidence that can be checked repeatedly by different observers. This is a major distinction between science and opinion.

### Research and decision-making
The chapter gives several examples of how research is useful:

#### Public policy
Scientific findings can guide decisions about funding programs such as **early childhood intervention programs**. Research generally supports their effectiveness, although not all programs are equally beneficial. Policymakers should examine evidence before spending public money.

#### Personal decisions
Research also helps in ordinary life, such as determining whether a child’s speech delay may indicate a developmental issue or whether medical specialists should be consulted. The text shows how overwhelming and contradictory internet information can be, making it important to rely on research rather than blogs, advertisements, or unsupported claims.

### Facts vs. opinions
- **Facts** are observable realities established through evidence.
- **Opinions** are personal judgments that may or may not be accurate.

### Notable researchers and diversity in psychology
The text emphasizes the historical and social diversity of psychology. It highlights key figures who expanded the field:

- **Margaret Floy Washburn** – first woman to earn a PhD in psychology; studied animal behavior and cognition.
- **Mary Whiton Calkins** – significant researcher in memory and one of the first experimental psychology lab founders in the U.S.
- **Francis Sumner** – first African American to earn a PhD in psychology; important in racial bias and educational justice.
- **Inez Beverly Prosser** – first African American woman to earn a PhD in psychology; her work influenced **Brown v. Board of Education**.

The text also notes the growth of psychology internationally and the increasing participation of women and historically underrepresented groups in the field.

### Scientific method, theory, and hypothesis
Scientific research advances through a circular process:
1. Observe the world.
2. Build theories.
3. Generate hypotheses.
4. Test them empirically.
5. Revise theories based on results.

This cycle involves two forms of reasoning:

#### Deductive reasoning
- Starts with a general idea or theory.
- Derives specific predictions.
- Tests whether those predictions are correct.

#### Inductive reasoning
- Starts with observations.
- Builds broader generalizations or theories.

Both are essential in science.

### Theory and hypothesis
- A **theory** is a broad, well-developed explanation of observed phenomena.
- A **hypothesis** is a specific, testable prediction derived from a theory.

### Falsifiability
A scientific hypothesis must be **falsifiable**, meaning it must be possible to show it is wrong using evidence. This is a major criterion for scientific legitimacy.

The text contrasts:
- **Freud’s theories**, which are historically important but often criticized as not falsifiable,
with
- the **James-Lange theory of emotion**, which generates testable predictions.

---

## 2.2 Approaches to Research

Psychology uses several research methods, each with distinct strengths and weaknesses. The chapter stresses that no single method is perfect; the best method depends on the question being asked.

### Main research approaches
The major methods discussed are:
- **case studies**,
- **naturalistic observation**,
- **surveys**,
- **archival research**,
- **longitudinal research**,
- **cross-sectional research**,
- **correlational research**,
- and **experimental research**.

### Case studies
A **case study** is an in-depth investigation of one person or a small number of individuals.

#### Strengths:
- Provides rich, detailed information.
- Useful for rare or unusual cases.
- Can generate new ideas and hypotheses.

#### Weaknesses:
- Poor generalizability.
- The subjects are often unusual and not representative of the general population.

The example of **Krista and Tatiana Hogan**, conjoined twins connected at the head, shows how rare cases can provide powerful insights into brain function and sensory processing.

### Naturalistic observation
This method involves observing behavior in its **natural environment** without interfering.

#### Strengths:
- High ecological validity.
- Behavior is more likely to be genuine because people are not in artificial lab settings.
- Useful for studying humans and animals.

Examples include:
- observing handwashing behavior,
- studying preschool peer exclusion on a playground,
- Jane Goodall’s long-term observation of chimpanzees.

#### Weaknesses:
- Difficult to control.
- Time-consuming and costly.
- Behavior may not occur when expected.
- Observer bias can influence what is recorded.

The text stresses:
- **observer bias**: observers may unknowingly interpret behavior in ways that fit their expectations.
- **inter-rater reliability**: multiple observers should agree on what they see to improve reliability.

### Surveys
Surveys are question-based methods used to gather information from many participants quickly.

#### Strengths:
- Efficient.
- Can reach large samples.
- Useful for obtaining broad information.

#### Weaknesses:
- Self-report data can be inaccurate.
- People may lie, forget, or respond in socially desirable ways.
- Less depth than case studies.

The text uses a study on anti-Arab-American prejudice after 9/11 to show how surveys can reveal subtle attitudes, even when people deny prejudice explicitly.

### Archival research
This method uses **existing records** or data sets rather than collecting new data directly.

#### Strengths:
- Inexpensive.
- Can access very large data sets.
- Useful for identifying patterns over time.

#### Weaknesses:
- Researcher has no control over what was originally recorded.
- Data may be incomplete or inconsistent.
- Questions must fit the data already available.

### Longitudinal vs. cross-sectional research
#### Longitudinal research
Follows the same people over time.

Strengths:
- Shows developmental change in the same individuals.
- Minimizes cohort differences.

Weaknesses:
- Expensive.
- Time-consuming.
- High attrition rates.
- Participants may drop out, move, die, or become unavailable.

The **Cancer Prevention Study-3** is used as a major example of large-scale longitudinal research, including its role in identifying links between smoking and cancer.

#### Cross-sectional research
Compares different age groups at the same time.

Strengths:
- Faster and cheaper.

Weaknesses:
- Confounds age with cohort effects.
- Differences may reflect historical/social generation differences rather than age itself.

### Correlation vs. causation
The section emphasizes that most of these approaches are **correlational**, not causal. Correlational research can reveal associations, but not cause-and-effect relationships.

---

## 2.3 Analyzing Findings

This section explains how psychologists interpret data and avoid common reasoning errors.

### Correlation
A **correlation** means two variables are related.

The **correlation coefficient**:
- ranges from **-1 to +1**,
- indicates the **strength** and **direction** of a relationship.

#### Strength
- Values closer to 1 or -1 indicate stronger relationships.
- Values closer to 0 indicate weaker relationships.

#### Direction
- **Positive correlation**: variables increase or decrease together.
- **Negative correlation**: as one increases, the other decreases.

Examples:
- height and weight = positive correlation
- tiredness and hours of sleep = negative correlation
- shoe size and hours of sleep = no meaningful correlation

### Why correlation does not imply causation
Even if two variables move together, one does not necessarily cause the other.

Possible explanations include:
- one variable causes the other,
- a third variable causes both,
- or the relationship is coincidental.

The classic example is:
- **ice cream sales and crime rates** both rise in warm weather,
but temperature is the confounding variable.

### Confounding variable
A **confounding variable** is an outside factor that explains the relationship between two variables.

### Illusory correlations
People often perceive relationships that do not exist.

A common example is belief that the **full moon** affects behavior. Research does not support this, but people may remember unusual events during full moons more vividly.

#### Why illusory correlations happen:
- **confirmation bias**: seeking evidence that supports existing beliefs while ignoring contrary evidence.
- selective memory or availability of examples.
- stereotypes and prejudice can also arise from false correlations.

### Experiments and causality
To establish cause and effect, psychologists must use **experiments**.

### Experimental hypothesis
An experiment begins with a specific, testable hypothesis.

### Experimental design
A basic experiment includes:
- **experimental group**: receives the treatment or manipulation.
- **control group**: does not receive the treatment.

The example used is technology in education:
- one group learns algebra via computer,
- another via traditional teaching.

### Operational definition
Variables must be clearly defined in measurable terms.

For example, “learning” might be operationalized as:
- test performance,
- or ability to summarize material.

This ensures clarity, replicability, and interpretability.

### Bias control
#### Experimenter bias
Researchers’ expectations may influence results.

#### Single-blind study
Participants do not know which group they are in.

#### Double-blind study
Neither participants nor researchers know group assignments.

### Placebo effect
Sometimes people improve because they expect to improve, not because of the treatment itself.

A **placebo** is an inactive treatment, such as a sugar pill, used to control for expectation effects.

### Independent and dependent variables
- **Independent variable**: manipulated by the researcher.
- **Dependent variable**: measured outcome that may change because of the independent variable.

Example:
- independent variable = type of instruction
- dependent variable = learning outcomes

### Sampling and assignment
#### Random sample
Each member of the population has an equal chance of being selected.

#### Random assignment
Participants are randomly placed into experimental or control groups.

This reduces preexisting group differences and strengthens causal conclusions.

### Limitations of experiments
- Some variables cannot be manipulated ethically or practically.
- These situations may require **quasi-experimental** designs.
- Ethical limits prevent researchers from assigning harmful conditions.

### Interpreting results
Researchers use **statistical analysis** to determine whether differences are likely meaningful or just due to chance.

A result is usually considered **statistically significant** if the probability that it happened by chance is less than 5%.

### Reporting research and peer review
Psychological research is usually shared through **peer-reviewed journal articles**.

Peer review:
- checks quality,
- evaluates methods,
- examines ethics,
- assesses statistical analysis,
- and helps ensure the study can be replicated.

### Replication crisis
The text notes growing concern in psychology and other fields that some well-known findings do not replicate reliably. This has led to more transparency and collaboration in science.

### Vaccine-autism myth
The chapter uses this as a major example of why scientific rigor matters.

Key points:
- Some early studies falsely suggested vaccines caused autism.
- Large-scale research did not support this.
- Several original studies were retracted.
- The misinformation contributed to vaccine hesitancy and public health harms.

### Reliability and validity
#### Reliability
Consistency of a measure across time or observers.

Types include:
- **inter-rater reliability**
- **internal consistency**
- **test-retest reliability**

#### Validity
Accuracy—whether the measure actually assesses what it claims to assess.

Types include:
- **ecological validity**
- **construct validity**
- **face validity**
- **predictive validity**

A measure can be reliable without being valid, but a valid measure must be reliable.

### SAT and ACT example
The text discusses debates about standardized testing:
- Some research supports their predictive validity for college GPA.
- Others argue they are biased and overvalued.
- Many colleges have reduced or eliminated their use in admissions.

---

## 2.4 Ethics

The final section explains that good research must also be **ethical** and respect human and animal welfare.

### Human participant research
Any study involving humans must follow strict ethical standards and be reviewed by an **Institutional Review Board (IRB)**.

The IRB includes:
- administrators,
- scientists,
- and community members.

Its job is to ensure that research:
- minimizes harm,
- protects participants,
- and respects autonomy.

### Informed consent
Before participating, individuals must sign an **informed consent** form explaining:
- what the study involves,
- possible risks,
- that participation is voluntary,
- that participants can withdraw at any time,
- and that data will remain confidential.

For minors, parents or legal guardians must consent.

### Deception and debriefing
Sometimes researchers use **deception** to prevent participants from altering behavior based on the research question.

However, deception must not be harmful, and participants must receive a full **debriefing** afterward, explaining:
- the true purpose of the study,
- why deception was necessary,
- and how the data will be used.

### Tuskegee Syphilis Study
This is presented as a major historical violation of research ethics.

Key features:
- Conducted on Black men in Tuskegee, Alabama.
- Participants were not informed they had syphilis.
- Even after penicillin became available, they were denied treatment.
- Families were harmed through disease transmission and death.
- The study led to major reforms, including the National Research Act of 1974.

This example shows how unethical research can cause severe, long-term medical, psychological, and social harm.

### Animal research
Psychological research also uses animals, especially rodents and birds.

Why animals are used:
- some processes are similar enough to humans,
- and some experiments would be unethical in human participants.

### Ethical regulation of animal research
Animal studies are reviewed by an **Institutional Animal Care and Use Committee (IACUC)**.

This committee ensures:
- humane treatment,
- minimal pain and distress,
- regular facility inspections,
- and proper adherence to protocols.

---

## Key Takeaways for Students

1. **Psychology is a science**, not a collection of opinions.
2. **Empirical evidence** is the foundation of psychological knowledge.
3. Different methods answer different kinds of questions:
   - case studies give depth,
   - surveys give breadth,
   - observation increases realism,
   - archives offer efficiency,
   - longitudinal studies show change over time.
4. **Correlation is not causation**.
5. Only **experiments** can support causal claims.
6. Good experiments require:
   - random sampling,
   - random assignment,
   - operational definitions,
   - and control of bias.
7. **Reliability** means consistency; **validity** means accuracy.
8. **Ethics** are essential in all research, especially involving vulnerable human or animal subjects.
9. Psychological research has been shaped by diverse contributors and has major implications for education, health, law, policy, and everyday decision-making.

---

If you’d like, I can also turn this into:
1. a **shorter exam-review version**,  
2. a **bullet-point study guide**, or  
3. a **concept map with key terms and definitions**.",,,1.0,,azure
Persona_Pattern,psychology_3,"Here is a comprehensive expert summary of the text, written for psychology students who want a deep understanding of the biological foundations of behavior.

---

# Comprehensive Summary: Biological Foundations of Behavior

This chapter explains how biology underlies behavior, cognition, emotion, and mental health. From a psychological perspective, the main message is that the mind cannot be fully understood without understanding the brain, nervous system, genes, hormones, and their interactions with the environment. The chapter moves from genetics to neural communication, then to brain structures and imaging, and finally to the endocrine system.

## 1. Why Biology Matters in Psychology

Psychologists study the link between internal biological mechanisms and external behavior. The text uses the analogy of taking apart a device to understand how it works: just as a phone’s visible functions depend on internal circuits, human thoughts and behaviors depend on neurons, hormones, genes, and brain systems.

The broader goal is to explain how:
- genetic inheritance influences physical and psychological traits,
- neurons communicate to produce experience and action,
- the nervous system is organized into functional subdivisions,
- the brain supports cognition, emotion, and behavior,
- the endocrine system interacts with the nervous system to regulate bodily and psychological processes.

---

# 3.1 Human Genetics

## Core idea
Behavior and mental traits are influenced by genes, but genes do not operate alone. Psychological outcomes emerge from the interaction of genotype, phenotype, and environment.

## Evolution by natural selection
The chapter begins with Darwin’s theory of natural selection:
- organisms better adapted to their environment are more likely to survive and reproduce,
- traits that increase reproductive success become more common over generations.

This is illustrated through **sickle-cell anemia**:
- In its full form, sickle-cell anemia is a severe genetic disorder in which red blood cells become crescent-shaped and can block blood vessels.
- However, **heterozygous carriers** of the sickle-cell gene may have a survival advantage in malaria-prone regions because the trait offers some protection against malaria.
- This explains why the gene remains relatively common in some populations despite its harmful effects in homozygous form.

This example is psychologically important because it demonstrates that a gene can be harmful in one environment and adaptive in another. The value of a trait depends on context.

## Evolutionary psychology vs behavioral genetics
The text distinguishes two fields:

### Evolutionary psychology
- Focuses on **universal behavioral patterns** that evolved over time.
- Studies broad adaptive functions such as fear, mate selection, cooperation, and food preferences.

### Behavioral genetics
- Focuses on **individual differences** in behavior.
- Examines how genes and environment interact in the present.
- Often uses twin and adoption studies.

So, evolutionary psychology asks why a trait may have evolved in the species, while behavioral genetics asks why people differ from one another today.

## Genotype, phenotype, and alleles
Important genetic terms are defined:

- **DNA**: genetic material in chromosomes.
- **Chromosomes**: long DNA structures containing genes.
- **Genes**: segments of DNA that influence traits.
- **Alleles**: different versions of a gene.
- **Genotype**: an organism’s genetic makeup.
- **Phenotype**: the observable expression of that genetic makeup, shaped by both genes and environment.

Humans inherit 23 chromosomes from each parent, forming 46 total in the zygote.

## Dominant and recessive inheritance
The text explains simple Mendelian inheritance using the cleft chin trait:
- **Dominant allele**: expressed if present in one or two copies.
- **Recessive allele**: expressed only when two copies are present.
- **Homozygous**: two identical alleles.
- **Heterozygous**: two different alleles.

A **Punnett square** is used to predict likely offspring outcomes.

## Genetic disorders
The text highlights disorders caused by recessive genes, including:
- **Sickle-cell anemia**
- **Phenylketonuria (PKU)**

PKU is especially important psychologically because untreated individuals can experience:
- severe cognitive deficits,
- seizures,
- increased risk of psychiatric disorders.

This shows that some genetic conditions directly affect brain functioning and mental health.

## Polygenic traits
Most human traits are **polygenic**, meaning they are influenced by multiple genes rather than just one. Examples include:
- height,
- skin color,
- weight.

This is crucial for students to understand because many psychological and physical traits are not simple one-gene phenomena.

## Mutation and variation
A **mutation** is a sudden, permanent change in a gene. Mutations may be harmful, neutral, or occasionally beneficial. Genetic diversity is essential for adaptation because it gives populations a range of possible responses to environmental change.

## Race, ancestry, and genetics
The text emphasizes a major scientific point:
- race is a weak biological construct in genetics,
- there is often more variation **within** racial categories than **between** them,
- ancestry is a more useful concept for genetic research.

This has practical implications for diagnosis and treatment. Overreliance on race can contribute to misdiagnosis or underdiagnosis.

## Gene-environment interaction
The chapter presents three major perspectives:

### 1. Range of reaction
Genes set a range of possible outcomes, and the environment determines where a person falls within that range.

### 2. Genetic-environmental correlation
Genes influence the environments people experience, and environments influence gene expression. For example, a child with athletic genetic potential may grow up around basketball because of family context.

### 3. Epigenetics
The same genotype can be expressed differently depending on environmental conditions. This means identical genes do not guarantee identical outcomes.

The identical-twin example shows that even with the same genetic code, one twin may develop cancer while the other does not. This demonstrates that gene expression changes over time and under different environmental conditions.

## Genetics and psychological disorders
The schizophrenia adoption study illustrates the interaction of genes and environment:
- high genetic risk alone did not guarantee schizophrenia,
- disturbed environment raised the risk substantially,
- the highest risk occurred when **both** genetic vulnerability and environmental stress were present.

This is an excellent example of how psychological disorders often result from combined biological and environmental factors rather than either one alone.

---

# 3.2 Cells of the Nervous System

## Main cell types
The nervous system contains:
- **neurons**: information-processing cells,
- **glial cells**: support cells.

Glia provide:
- structural support,
- insulation,
- nutrient transport,
- waste removal,
- immune functions.

Modern research suggests glia may be much more abundant and important than previously thought.

## Neuron structure
A neuron has several key parts:

- **membrane**: semipermeable barrier
- **soma**: cell body containing the nucleus
- **dendrites**: receive input from other neurons
- **axon**: carries signals away from soma
- **terminal buttons**: release neurotransmitters
- **synaptic vesicles**: store neurotransmitters
- **myelin sheath**: insulation that speeds signaling
- **Nodes of Ranvier**: gaps in myelin that aid conduction

## Myelin and disease
Myelin is essential for efficient neural transmission. Diseases such as:
- **PKU**
- **multiple sclerosis**

can damage myelin and disrupt neural communication, leading to cognitive, motor, and sensory problems.

## Neuronal communication
Neurons communicate across the **synaptic cleft**:
1. an action potential reaches the axon terminal,
2. neurotransmitters are released,
3. they bind to receptors on the next neuron,
4. the signal is passed along if strong enough.

This is an electrochemical process:
- electrical along the axon,
- chemical across the synapse.

### Reuptake
Unused neurotransmitters may be taken back into the original neuron through **reuptake**, which clears the synapse and regulates signaling.

### Electrical synapses
Most neural communication is chemical, but some neurons communicate through direct electrical connections via gap junctions. These are faster but less common.

## Action potential
The chapter explains the action potential in detail:
- At rest, neurons have a **resting potential** with a negative interior relative to the outside.
- A sufficient incoming signal reaches the **threshold of excitation**.
- Sodium enters, making the inside more positive.
- A rapid electrical spike occurs: the **action potential**.
- Potassium exits, restoring the membrane toward resting state.

This action potential is:
- **all-or-none**
- non-fading as it travels down the axon.

This matters psychologically because perception, movement, pain, and cognition all depend on these electrical signals.

## Neurotransmitters and psychotropic drugs
The text reviews major neurotransmitters and broad effects:

- **Acetylcholine**: muscle action, memory
- **Beta-endorphin**: pain and pleasure
- **Dopamine**: reward, mood, movement, learning
- **GABA**: inhibition, calming effects
- **Glutamate**: learning and memory
- **Norepinephrine**: alertness, arousal
- **Serotonin**: mood, sleep, appetite

### Drug action
- **Agonists** mimic neurotransmitters and activate receptors.
- **Antagonists** block receptor activity.
- **Reuptake inhibitors** prevent neurotransmitter reabsorption, increasing their availability.

Clinical examples:
- **Parkinson’s disease**: low dopamine; treated with dopamine agonists.
- **Schizophrenia**: often linked to excess dopamine activity; treated with dopamine antagonists.
- **Depression**: associated with low serotonin; often treated with SSRIs.

The key psychological lesson is that psychiatric symptoms often involve neurotransmitter dysregulation, but medication is usually not a quick fix and may work best combined with therapy.

---

# 3.3 Parts of the Nervous System

## Central and peripheral nervous systems
The nervous system is divided into:
- **Central nervous system (CNS)**: brain and spinal cord
- **Peripheral nervous system (PNS)**: all nerves connecting the CNS to the rest of the body

## Somatic nervous system
This system handles voluntary and conscious processes and includes:
- **sensory neurons**: carry information to the CNS
- **motor neurons**: carry commands from the CNS to muscles

The mnemonic is:
- **afferent = arrive**
- **efferent = exit**

## Autonomic nervous system
This system regulates internal organs and glands automatically. It includes:
- **sympathetic division**
- **parasympathetic division**

### Sympathetic nervous system
Prepares the body for stress:
- pupil dilation,
- increased heart rate,
- elevated blood pressure,
- glucose release,
- adrenaline surge.

This is the **fight-or-flight response**.

### Parasympathetic nervous system
Returns the body to baseline:
- slows heart rate,
- restores digestion and relaxation,
- conserves energy.

The two systems maintain **homeostasis**, or internal balance.

Psychologically, chronic activation of the stress system can contribute to health problems such as:
- cardiovascular disease,
- impaired immune functioning,
- long-term stress reactivity, sometimes shaped by early trauma.

---

# 3.4 The Brain and Spinal Cord

## Spinal cord
The spinal cord:
- connects brain to body,
- relays information,
- controls reflexes.

Some reflexes do not require the brain, allowing rapid protective responses such as withdrawal from heat or the knee-jerk reflex.

Spinal injuries can cause paralysis below the level of damage because lower segments are cut off from the brain.

## Neuroplasticity
**Neuroplasticity** is the brain’s ability to change and adapt. It includes:
- forming new synapses,
- pruning unused synapses,
- changes in glial cells,
- even some new neuron formation.

This capacity is strongest in childhood but remains present throughout life and supports recovery after injury.

## Cerebral cortex and hemispheres
The brain surface is the **cerebral cortex**, marked by:
- **gyri**: ridges
- **sulci**: grooves
- **longitudinal fissure**: separates the two hemispheres

### Lateralization
The hemispheres show some specialization:
- left hemisphere: often stronger for language and analytic functions
- right hemisphere: often stronger for pitch, arousal, and some emotional processing

But the text warns against oversimplifying this; behavior depends on interaction between hemispheres.

### Corpus callosum
This thick band of fibers connects the hemispheres and allows communication between them. Severing it can produce **split-brain** effects, revealing how each hemisphere processes information differently.

## Brain damage and localization
Stroke and injury help identify functions of specific brain areas. For example:
- frontal lobe damage can affect motor control and behavior,
- prefrontal cortex damage can impair judgment and impulse control.

### Phineas Gage
Gage’s famous accident is used to show how frontal lobe injury can alter personality, especially impulse control and emotional regulation. However, the text notes that later interpretations may have exaggerated the extent of his personality change.

## Forebrain and its structures
The forebrain includes the cerebral cortex and important subcortical structures:
- **thalamus**
- **limbic system**
- **hypothalamus**
- **pituitary gland**

### Lobes of the cortex
- **Frontal lobe**: reasoning, motor control, emotion, language
- **Parietal lobe**: sensory processing
- **Temporal lobe**: hearing, memory, language
- **Occipital lobe**: vision

### Important cortical areas
- **Motor cortex**: movement planning and coordination
- **Prefrontal cortex**: executive functions, judgment, impulse control
- **Broca’s area**: language production
- **Somatosensory cortex**: touch and body sensation
- **Auditory cortex**: hearing
- **Wernicke’s area**: language comprehension
- **Primary visual cortex**: visual processing

### Sensory maps
The somatosensory cortex is organized so that body parts with more sensory input, like fingers, take up more cortical space than less sensitive areas, like toes.

## Limbic system
The limbic system supports emotion and memory:
- **hippocampus**: learning and memory consolidation
- **amygdala**: emotion and emotional memory
- **hypothalamus**: homeostasis, appetite, temperature, blood pressure, and links to endocrine regulation

### H.M. case
The surgery on Henry Molaison is a landmark case:
- his seizures improved,
- but he lost the ability to form new explicit memories.

This provided strong evidence that the hippocampus is crucial for forming new declarative memories, though some learning abilities remained intact.

## Midbrain and hindbrain
### Midbrain
Includes:
- **reticular formation**: arousal, sleep-wake regulation
- **substantia nigra** and **VTA**: dopamine production, movement, reward, addiction

Damage to these structures is involved in Parkinson’s disease.

### Hindbrain
Includes:
- **medulla**: breathing, heart rate, blood pressure
- **pons**: bridge and sleep-related functions
- **cerebellum**: balance, coordination, motor skill learning, procedural memory

The cerebellum may explain why some kinds of learning survive even after hippocampal damage.

## Brain death and persistent vegetative state
The text uses Terri Schiavo’s case to show the distinction between:
- cortex-related consciousness and cognition,
- brainstem-related automatic functions.

Even when the cerebral cortex is nonfunctional, the brainstem can maintain breathing and reflexive movements. The case also illustrates the ethical complexity of defining death, life support, and medical decision-making.

---

# Brain Imaging

Brain imaging allows scientists to study brain structure and activity in living people.

## CT scan
- Uses x-rays from multiple angles.
- Good for identifying tumors or major atrophy.
- Produces structural images.

## PET scan
- Uses a radioactive tracer to show active brain regions.
- Tracks metabolic activity.
- Less precise than newer methods and involves radiation.

## MRI
- Uses strong magnetic fields and hydrogen atom responses.
- Produces detailed structural images.

## fMRI
- Like MRI, but tracks blood flow and oxygen changes over time.
- Shows functional brain activity with better detail and timing than PET.

## EEG
- Measures electrical brain activity via electrodes on the scalp.
- Excellent for timing and studying brainwaves, especially sleep.
- Less precise for location than MRI/fMRI.

Psychologically, these tools are crucial because they let researchers study brain-behavior relationships in healthy individuals and in people with disorders.

---

# 3.5 The Endocrine System

## Main idea
The endocrine system is a network of glands that release **hormones** into the bloodstream. Hormones are chemical messengers, like neurotransmitters, but they:
- travel through the bloodstream,
- act more broadly,
- work more slowly,
- last longer.

## Hypothalamus-pituitary connection
The hypothalamus and pituitary gland coordinate much of hormonal regulation. The pituitary is often called the **master gland**, though it largely acts under hypothalamic control.

## Major endocrine glands and functions

### Pituitary gland
- Growth hormone
- Hormones controlling other glands
- Endorphins
- Fluid regulation

### Thyroid gland
- Thyroxine and triiodothyronine
- Regulates metabolism, growth, appetite

Too much thyroid activity causes **hyperthyroidism**:
- agitation,
- weight loss,
- bulging eyes.

Too little causes **hypothyroidism**:
- fatigue,
- cold intolerance.

### Adrenal glands
- Epinephrine and norepinephrine
- Stress response and metabolic activation

### Pancreas
- Insulin and glucagon
- Blood sugar regulation

Diabetes occurs when insulin is insufficient or poorly regulated.

### Gonads
- Ovaries: estrogen, progesterone
- Testes: androgens such as testosterone

These hormones influence reproduction, sexual motivation, and behavior.

### Pineal gland
- Melatonin
- Helps regulate biological rhythms, especially sleep.

## Anabolic steroids and behavior
The text ends with an applied example: anabolic steroids mimic testosterone and can increase muscle mass, strength, and endurance, but they may also cause:
- acne,
- heart problems,
- mood changes,
- aggression.

This illustrates the psychological and ethical importance of hormone manipulation in sport and health.

---

# Overall Psychological Takeaways

For psychology students, the chapter’s key lesson is that behavior is rooted in biology, but biology is never simple or deterministic. The major principles are:

1. **Genes matter, but environment matters too.**
2. **Most traits are complex and polygenic.**
3. **Brain systems are specialized but interconnected.**
4. **Neurons communicate through electrochemical signaling.**
5. **The nervous system and endocrine system work together.**
6. **Mental disorders often reflect interactions among biology, stress, and life experience.**
7. **Modern neuroscience relies on imaging, injury studies, genetics, and pharmacology to understand behavior.**

If you want, I can also turn this into:
- a shorter study guide,
- flashcards,
- a concept map,
- or exam-style questions with answers.",,,1.0,,azure
Persona_Pattern,psychology_4,"Here is a comprehensive psychology-focused summary of the chapter, organized to help students understand both the concepts and why they matter.

---

# Chapter Summary: States of Consciousness, Sleep, Drugs, Hypnosis, and Meditation

This chapter explains that **consciousness** is not a single fixed state but a **continuum of awareness** that changes across the day and across different conditions. It covers normal states like wakefulness and sleep, as well as altered states produced by fatigue, drugs, hypnosis, and meditation. A major focus is on **sleep**, because it is universal, biologically regulated, and closely connected to mental and physical health.

---

## 4.1 What Is Consciousness?

### Consciousness
Consciousness refers to our **awareness of internal and external stimuli**.

- **Internal stimuli**: pain, hunger, thirst, sleepiness, thoughts, emotions
- **External stimuli**: sights, sounds, temperature, voices, surroundings

Psychology treats consciousness as a **continuum**:
- full alert awareness
- daydreaming or reduced awareness
- sleep
- deep unconsciousness

### Sleep vs. Wakefulness
- **Sleep** is a state of **low physical activity** and **reduced sensory awareness**
- **Wakefulness** involves **high sensory awareness, thought, and behavior**

Even when awake, people are not always fully aware. For example, **daydreaming while driving** shows that some behaviors can continue automatically even when awareness is limited.

---

## Biological Rhythms and Circadian Control

### Biological rhythms
These are **internal cyclic patterns** of biological activity.

A key example is the **circadian rhythm**, a roughly **24-hour biological cycle** that influences:
- sleep-wake patterns
- body temperature
- heart rate
- blood pressure
- blood sugar
- alertness

### The brain’s biological clock
The main clock is in the **hypothalamus**, specifically the **suprachiasmatic nucleus (SCN)**.

- The SCN receives light information from the **retina**
- Light helps synchronize the body with the external day-night cycle

### Melatonin
The **pineal gland** releases **melatonin**, which is:
- stimulated by darkness
- inhibited by light

Melatonin helps regulate sleep and other biological rhythms.

---

## Chronotype and Individual Differences
People differ in preferred sleep timing:
- **Morning people (“larks”)**
- **Night people (“owls”)**

This is called **chronotype**. These differences affect how people regulate sleep and wakefulness.

---

## Problems With Circadian Rhythms

### Jet lag
Jet lag happens when internal rhythms conflict with the local time zone after travel.

Symptoms can include:
- fatigue
- irritability
- sluggishness
- insomnia

### Rotating shift work
This refers to work schedules that change frequently across days or weeks. It can seriously disrupt circadian rhythms.

Psychological effects may include:
- sleep problems
- depression
- anxiety
- exhaustion
- irritability
- increased workplace errors

This also affects family and social life.

### Realigning the biological clock
Because light strongly affects circadian rhythms, **bright light exposure** can help people adjust after jet lag or shift work.

---

## Sleep Debt and Sleep Deprivation

### Sleep debt
Sleep debt is the **chronic accumulation of insufficient sleep**.

It leads to:
- poor alertness
- reduced mental efficiency
- impaired functioning

### Sleep needs change across the lifespan
- Newborns need the most sleep
- Sleep duration decreases with age
- Adults generally need about **7–9 hours**

### Effects of sleep deprivation
Sleep loss affects both psychology and physiology:

#### Cognitive and behavioral effects
- reduced attention
- poor memory
- slower reaction time
- impaired judgment
- irritability
- hallucinations after extreme deprivation

#### Physical effects
- obesity risk
- increased blood pressure
- increased stress hormones
- reduced immune function

Sleep deprivation can impair performance as much as, or more than, alcohol intoxication. This is why it is dangerous for activities like **driving** or operating machinery.

---

## 4.2 Sleep and Why We Sleep

Sleep occupies about **one-third of human life**, yet its full function is still not completely understood.

### Sleep is not just rest
Sleep involves:
- specific brain-wave patterns
- circadian regulation
- homeostatic regulation

### Sleep rebound
If sleep is lost, people tend to sleep more deeply or quickly afterward. This is called **sleep rebound**, showing that sleep is biologically regulated.

### Brain areas involved in sleep
Important brain structures include:
- **hypothalamus**: includes the SCN and helps regulate slow-wave sleep
- **thalamus**: involved in sleep regulation
- **pons**: especially important for REM sleep

### Hormones linked to sleep
Sleep is associated with secretion of:
- **melatonin**
- **FSH**
- **LH**
- **growth hormone**

These hormones support:
- biological rhythms
- reproductive function
- growth and maturation
- immune function

---

## Why Do We Sleep? Major Theories

### 1. Adaptive/Evolutionary theory
Sleep may have evolved because it helped ancestors survive and reproduce.

Possible explanations:
- conserve energy
- avoid predators
- stay inactive during dangerous times

However, research does not fully support one single evolutionary explanation.

### 2. Cognitive function theory
Sleep is important for:
- memory consolidation
- learning
- attention
- decision making
- creativity
- language learning
- emotional processing

Sleep, especially **slow-wave sleep**, appears to help consolidate newly learned information. This is why **all-night cramming is usually ineffective**.

---

## 4.3 Stages of Sleep

Sleep is divided into:
- **NREM sleep**
- **REM sleep**

These stages are identified by **EEG brain-wave patterns**.

### Brain waves
- **Beta waves**: awake, alert, fastest frequency, low amplitude
- **Alpha waves**: relaxed wakefulness, lower frequency
- **Theta waves**: drowsiness/light sleep
- **Delta waves**: deep sleep, very low frequency, high amplitude

---

## NREM Sleep Stages

### Stage 1
A brief transitional stage between wakefulness and sleep.

Characteristics:
- slowed heart rate
- slower breathing
- reduced muscle tension
- lower body temperature
- alpha and then theta waves

People are easy to wake during this stage.

### Stage 2
A deeper state of relaxation.

Key features:
- theta waves dominate
- **sleep spindles** appear
- **K-complexes** may appear

Sleep spindles are important because they may support **learning and memory**.

### Stage 3
Also called **deep sleep** or **slow-wave sleep**.

Characteristics:
- **delta waves**
- very hard to wake someone
- slow heart rate and respiration

This stage is especially associated with restorative sleep. If alpha-like activity is present during stage 3, people may wake feeling unrefreshed.

---

## REM Sleep

### REM = rapid eye movement
This stage is marked by:
- darting eye movements
- brain activity similar to wakefulness
- vivid dreaming
- paralysis of voluntary muscles

Because the brain is highly active while the body is largely immobile, REM is often called **paradoxical sleep**.

### REM rebound
If REM sleep is deprived, the body tends to compensate later by increasing REM sleep.

This suggests REM is biologically important and likely supports:
- learning
- memory
- emotional regulation

---

## Dreams

Dream interpretation has several historical and theoretical perspectives.

### Freud
Freud believed dreams reveal the **unconscious**.

- **Manifest content**: the actual dream story
- **Latent content**: the hidden psychological meaning

### Jung
Jung argued dreams connect us to the **collective unconscious**, a shared symbolic repository.

### Cartwright
Cartwright proposed that dreams reflect **important waking life events**. This view has empirical support.

### Hobson’s activation-synthesis theory
Dreams are the brain’s attempt to make sense of random neural activity during REM sleep.

A later version suggests dreaming may be a form of **protoconsciousness**, or a kind of simulated reality that may help with waking life.

### Lucid dreams
In lucid dreams, the dreamer becomes aware they are dreaming and may exert some control over the dream.

---

## 4.4 Sleep Problems and Disorders

Sleep disorders are common; a substantial portion of people experience them at some point in life.

### 1. Insomnia
Insomnia is difficulty **falling asleep** or **staying asleep**.

Symptoms:
- long time to fall asleep
- repeated awakenings
- difficulty returning to sleep

It can become a cycle:
- anxiety about sleep increases arousal
- arousal makes sleep harder

Treatment may include:
- reducing stimulants like caffeine
- exercise
- sleep hygiene changes
- cognitive-behavioral therapy (CBT)
- cautious use of medications

CBT is especially effective because it addresses both thoughts and behaviors that maintain insomnia.

---

## Healthy Sleep Tips
The text emphasizes practical sleep hygiene:
- keep a consistent sleep schedule
- avoid stimulation before bed
- exercise daily
- avoid long naps
- keep bedroom cool
- avoid alcohol, cigarettes, caffeine, and heavy meals before bedtime
- if unable to sleep, leave the bed and return only when sleepy

A key psychological principle here is **conditioning**: the bed should be associated with sleep, not studying or TV.

---

## 2. Parasomnias
Parasomnias are sleep disorders involving unwanted behaviors or experiences during sleep.

### Sleepwalking
Also called **somnambulism**.

Features:
- complex behaviors during sleep
- often occurs during slow-wave sleep
- eyes may be open
- person is unresponsive

Treatment depends on the cause; in some cases, treating breathing problems helps more than medication.

### REM Sleep Behavior Disorder (RBD)
Normally, REM sleep involves muscle paralysis. In RBD, that paralysis does not occur.

People may:
- kick
- punch
- yell
- act out dreams

RBD is significant because it can:
- injure the sleeper or others
- be associated with neurodegenerative diseases like Parkinson’s

Treatment:
- clonazepam
- melatonin
- making the sleep environment safer

### Restless Leg Syndrome
Symptoms:
- uncomfortable leg sensations during rest
- urge to move legs
- difficulty falling asleep

It is linked to some medical conditions and can be treated with certain medications.

### Night terrors
These involve:
- intense fear
- screaming
- apparent awakening
- little or no memory afterward

They occur during NREM sleep and usually need treatment only if another problem is involved.

---

## 3. Sleep Apnea
Sleep apnea involves **breathing pauses during sleep**.

Symptoms:
- interrupted breathing
- loud snoring
- frequent brief awakenings
- daytime fatigue

Types:
- **Obstructive sleep apnea**: airway blockage
- **Central sleep apnea**: brain fails to signal breathing properly

Treatment:
- **CPAP** device, which keeps airways open with pressurized air
- newer alternatives like EPAP may help when CPAP compliance is difficult

Sleep apnea is important because it can increase risk for **cardiovascular disease**.

---

## 4. Sudden Infant Death Syndrome (SIDS)
SIDS occurs when an infant stops breathing during sleep and dies.

Risk factors include:
- age under 12 months
- prematurity
- smoking in the home
- overheating
- unsafe sleep environments

Prevention:
- place infants on their backs
- use a crib free of pillows, blankets, and bumpers
- avoid hats during sleep
- prevent smoking in the household

Public health campaigns have reduced SIDS deaths.

---

## 5. Narcolepsy
Narcolepsy is a disorder in which a person cannot resist falling asleep at inappropriate times.

Key features:
- sudden sleep attacks
- **cataplexy**: loss of muscle tone, sometimes total paralysis
- dream-like hallucinations in some cases

Narcoleptic episodes can be triggered by stress or strong emotion.

Treatment:
- stimulant medications
- medications targeting the hypocretin system may be future treatments

Narcolepsy can seriously interfere with school, work, and driving.

---

## 4.5 Substance Use and Abuse

This section shifts from sleep-related altered consciousness to **drug-induced altered states**.

### Substance use disorders
According to DSM-5, substance use disorders involve:
- using more than intended
- unsuccessful control over use
- continued use despite harm
- tolerance
- withdrawal
- craving
- physical and psychological dependence

Important distinction:
- **physical dependence** = body adapts and withdraws when the drug stops
- **psychological dependence** = emotional need/craving

Physical dependence alone does **not** necessarily mean addiction.

---

## Drug Categories and Their Effects

Psychoactive drugs act by changing neurotransmitter activity. They may function as:
- **agonists**: increase neurotransmitter activity
- **antagonists**: decrease neurotransmitter activity

### 1. Stimulants
Examples:
- cocaine
- amphetamines
- methamphetamine
- MDMA
- caffeine
- nicotine

Effects:
- increased alertness
- increased heart rate and blood pressure
- euphoria
- reduced appetite

High doses may cause:
- paranoia
- agitation
- hallucinations
- cardiovascular strain

#### Cocaine and amphetamines
Both increase dopamine signaling, which is tied to **reward and craving**.

#### Methamphetamine
Especially addictive and dangerous.
Effects include:
- intense euphoria
- binge use
- sleep deprivation
- paranoia
- memory problems
- dental damage
- hallucinations

#### MDMA
Can raise energy and emotional warmth, but high doses can cause serious toxicity.

#### Caffeine
A very common stimulant.
It works mainly by **blocking adenosine**, a neurotransmitter that promotes sleep.

Too much caffeine can cause:
- insomnia
- agitation
- nausea
- heart irregularities
- even death in extreme cases

#### Nicotine
Highly addictive and acts on acetylcholine receptors.

Associated with:
- arousal
- reward
- cardiovascular disease
- cancer risk

Vaping is presented as particularly concerning because of serious lung and health risks.

---

### 2. Sedative-Hypnotics / Depressants
Examples:
- alcohol
- barbiturates
- benzodiazepines

Effects:
- reduced central nervous system activity
- relaxation
- reduced inhibition
- sleepiness

High doses can lead to:
- respiratory depression
- motor impairment
- memory loss
- unconsciousness
- death

Alcohol is especially important because it:
- reduces reaction time
- lowers judgment
- disrupts REM sleep
- can cause fetal alcohol spectrum disorder if used during pregnancy

Withdrawal from alcohol and barbiturates can be dangerous and medically supervised detox is often necessary.

---

### 3. Opioids
Examples:
- heroin
- morphine
- fentanyl
- oxycodone
- codeine
- methadone

Effects:
- pain reduction
- euphoria
- sleepiness
- reduced breathing
- constipation

Opioids mimic the body’s own opioid system, which is why they are highly addictive.

#### Heroin
Produces intense euphoria and carries high risk of:
- overdose
- infection
- HIV
- tuberculosis
- dependence

#### Methadone and buprenorphine
Used to reduce withdrawal symptoms and support treatment.

### The opioid crisis
The chapter emphasizes the severity of the opioid epidemic:
- began with overprescription and false claims of non-addictiveness
- many people became dependent even when taking medication as directed
- transitions from prescription opioids to heroin and fentanyl increased overdose deaths
- public health responses now include naloxone access and treatment expansion

---

### 4. Hallucinogens
Examples:
- marijuana
- LSD
- peyote
- mescaline
- DMT
- PCP
- ketamine

Effects:
- perceptual distortions
- altered time perception
- sensory hallucinations
- body-image distortions

Their mechanisms vary:
- some affect serotonin
- others act on glutamate receptors

Marijuana is discussed separately because of its changing legal and medical status.

---

## Medical Marijuana
Medical marijuana is marijuana prescribed for medical conditions, such as helping cancer patients with appetite and nausea.

The text notes:
- many states have legalized it medically
- research is complicated by federal restrictions
- scientific debate continues about its true medicinal benefits

---

## 4.6 Other States of Consciousness

This section covers two common altered states: **hypnosis** and **meditation**.

---

## Hypnosis

Hypnosis is a state of:
- intense self-focus
- narrowed attention
- reduced attention to external stimuli
- increased suggestibility

### Clinical use
It is used by trained professionals with consent and may help with:
- pain management
- anxiety
- depression
- smoking cessation
- weight loss

### How hypnosis is induced
Common elements include:
1. focusing attention on one thing
2. becoming relaxed and sleepy
3. trusting the hypnotist
4. using imagination

### Theories of hypnosis
#### Dissociation theory
Hypnosis involves a split in consciousness, where some aspects of awareness remain active while others are reduced.

#### Social-cognitive theory
Hypnosis is a social role: people behave according to expectations about how a hypnotized person should act.

This theory emphasizes suggestion and social context rather than a special altered state.

---

## Meditation

Meditation is the practice of **focusing attention on a single object or process** to increase present-moment awareness.

It can be done alone and often involves training.

### Common features
- clearing the mind
- focused awareness
- relaxed concentration

### Mindfulness meditation
A popular form that emphasizes awareness of internal experiences or external stimuli without judgment.

### Psychological benefits
Meditation may help with:
- stress reduction
- blood pressure
- sleep quality
- anxiety
- depression
- pain management

---

# Big Picture for Students

This chapter shows that consciousness is deeply tied to **brain systems, biological rhythms, and behavior**. Key psychological takeaways include:

- **Sleep is biologically active, not passive**
- **Circadian rhythms** and the **SCN** coordinate sleep-wake cycles
- **Sleep deprivation** harms cognition, emotion, and physical health
- Sleep has important roles in **memory and emotional processing**
- Sleep disorders are common and can seriously affect functioning
- Psychoactive drugs alter consciousness by changing neurotransmitter systems
- **Addiction** involves more than physical dependence; craving and compulsive use matter
- Hypnosis and meditation are altered states with possible therapeutic value

---

If you want, I can also turn this into:
1. a **shorter exam-study version**,  
2. a **table of key terms and definitions**, or  
3. **flashcards** for memorization.",,,1.0,,azure
Persona_Pattern,psychology_5,"Here is a comprehensive expert-level summary of the text, written for students who want to understand the material in depth.

---

## Overview: What the chapter is about

This chapter explains **learning** in psychology, focusing on how behavior changes through experience. It begins with a contrast between **instinctive behavior**—such as sea turtle hatchlings knowing how to move toward the ocean—and **human learning**, which must be acquired. The text emphasizes that psychology studies learning as a set of processes that allow organisms to adapt to their environments.

The chapter centers on three major forms of learning:

1. **Classical conditioning**
2. **Operant conditioning**
3. **Observational learning (modeling)**

These are presented within the broader tradition of **behaviorism**, which historically emphasized observable behavior rather than internal mental processes. However, the text also shows that modern psychology increasingly recognizes the importance of cognition in learning.

---

# 6.1 What Is Learning?

## Instincts and reflexes vs. learning

The text first distinguishes **unlearned behaviors** from learned ones.

### Reflexes
- Reflexes are **automatic motor or neural reactions** to specific stimuli.
- They are usually simple and involve specific body parts or systems.
- Examples include:
  - the **knee-jerk reflex**
  - pupil constriction in bright light
  - infant sucking

### Instincts
- Instincts are **innate behavior patterns** triggered by broader events such as maturity or seasonal change.
- They are more complex than reflexes.
- Examples include:
  - migration
  - nest building
  - sexual behavior

Both reflexes and instincts are **adaptive**, meaning they help organisms survive, but they do not depend on experience.

## Definition of learning

**Learning** is defined as a **relatively permanent change in behavior or knowledge resulting from experience**.

Key points:
- Learning involves **change**
- It depends on **experience**
- It is not the same as instinct or reflex

The chapter stresses that learning often involves both **conscious and unconscious** processes.

## Associative learning

A central idea is that humans and animals naturally connect events that occur close together in time or sequence. This is called **associative learning**, and it underlies the three major learning processes in the chapter.

---

# The Three Basic Learning Processes

## 1. Classical conditioning
Organisms learn to associate two stimuli/events that occur together.

Example:
- Lightning predicts thunder
- A child may come to fear a dentist’s office if it is repeatedly associated with pain

This type of learning is often linked with **automatic or reflexive responses**.

## 2. Operant conditioning
Organisms learn to associate **behavior and consequence**.

- Rewards increase behavior
- Punishments decrease behavior

This is the learning process used when training animals, managing classroom behavior, and shaping habits.

## 3. Observational learning
Learning occurs by **watching others** and imitating them.

This expands learning beyond direct experience and allows humans and animals to learn more efficiently and socially.

---

# 6.2 Classical Conditioning

## Pavlov and the discovery of classical conditioning

Classical conditioning is based on the work of **Ivan Pavlov**, a physiologist studying digestion in dogs. He noticed that dogs began salivating not only when food was present, but also when they saw associated cues like:
- an empty food bowl
- the footsteps of lab assistants
- a bell or tone

This led to the discovery that organisms can learn to **anticipate events** by associating stimuli.

## Core components of classical conditioning

### Before conditioning:
- **Unconditioned stimulus (UCS)**: naturally triggers a response  
  - e.g., meat powder
- **Unconditioned response (UCR)**: natural response to UCS  
  - e.g., salivation

### During conditioning:
- **Neutral stimulus (NS)**: initially does not trigger the response  
  - e.g., bell/tone
- NS is paired with UCS

### After conditioning:
- NS becomes a **conditioned stimulus (CS)**
- CS now triggers a **conditioned response (CR)**

### Basic sequence:
- UCS → UCR
- NS + UCS → UCR
- CS → CR

---

## Real-world examples of classical conditioning

The text gives several important applied examples:

### Chemotherapy and nausea
A cancer patient may become nauseous when returning to the doctor’s office because the office has been associated with chemotherapy-induced vomiting. Here:
- chemotherapy = UCS
- vomiting = UCR
- doctor’s office = CS
- nausea in the office = CR

This can also create **higher-order conditioning**, where a stimulus associated with the CS becomes conditioned too. For instance, a syringe can become associated with nausea after repeatedly being paired with the doctor’s office and treatment.

### Pet feeding
A cat learns that the sound of an electric can opener predicts food. The sound becomes a CS that produces excitement or anticipatory behavior.

### Stingrays at Stingray City
Stingrays learned to associate the sound of boat engines with food from humans. This is a naturalistic example of classical conditioning in animals.

### Infants
Babies may become excited or salivate when they see the formula container associated with feeding.

### Aversion and fear
A dog receiving an electric shock at the yard boundary can develop fear of that location.

---

## General processes in classical conditioning

### Acquisition
This is the initial learning phase, when the organism forms the association between the CS and UCS.

Important point:
- Timing matters
- The CS usually precedes the UCS closely

### Taste aversion
A special form of conditioning where:
- illness occurs after eating something
- the interval between stimulus and illness can be hours
- one trial may be enough

This is thought to be an **evolutionary adaptation**, helping organisms avoid toxic foods.

The text also highlights research by **Garcia and Koelling**, which showed **biological constraints** on learning:
- rats easily learned taste-illness associations
- they did not easily learn sound/light-illness associations

This suggests organisms are biologically prepared to learn some associations more easily than others.

### Rescorla-Wagner model
The text notes that learning depends strongly on how well the CS predicts the UCS. The more reliable the predictor, the stronger the learning.

---

## Extinction and spontaneous recovery

### Extinction
Occurs when the CS is repeatedly presented without the UCS, causing the CR to weaken and disappear.

### Spontaneous recovery
After a pause, the extinguished CR can return temporarily.

This shows that extinction does not erase learning completely; rather, the original association may still exist.

---

## Stimulus discrimination and generalization

### Stimulus discrimination
The ability to respond only to the specific CS and not to similar stimuli.

Example:
- Tiger the cat responds to the can opener but not the mixer
- Moisha reacts to her oncologist’s office but not to all doctors

### Stimulus generalization
The tendency to respond to stimuli that resemble the CS.

Example:
- Little Albert feared not only a white rat but also other furry objects
- The more similar the stimulus is to the CS, the stronger the generalized response

These two processes are important because organisms must both:
- recognize danger or reward cues
- avoid responding to irrelevant cues

---

## Behaviorism and Little Albert

### Behaviorism
Founded by **John B. Watson**, behaviorism holds that psychology should focus on **observable behavior**, not unobservable mental life.

Watson argued that behavior can be understood in terms of **stimulus-response connections**.

### Little Albert experiment
Watson and Rosalie Rayner conditioned a baby, “Little Albert,” to fear a white rat by pairing it with a loud, frightening noise.

This demonstrated that:
- emotional responses can be conditioned
- fear can generalize to similar objects
- phobias may be learned, not purely innate or unconscious as Freud suggested

The text also notes that this study would be considered **unethical today**.

---

## Advertising and classical conditioning

The chapter applies conditioning to marketing:
- attractive models are paired with products
- positive feelings toward the model transfer to the product

This is associative learning in the real world.

---

# 6.3 Operant Conditioning

## Basic idea

In operant conditioning, behavior is shaped by its **consequences**.

Unlike classical conditioning, which links stimuli, operant conditioning links:
- a **behavior**
- with a **consequence**

The consequence can:
- increase behavior
- decrease behavior

---

## Law of effect and Skinner

### Thorndike’s law of effect
Behaviors followed by satisfying outcomes are more likely to be repeated; behaviors followed by unpleasant outcomes are less likely to recur.

### B. F. Skinner
Skinner expanded this into systematic research on operant conditioning.

He used the **Skinner box** to study how animals learn by pressing levers or pecking disks for rewards.

---

## Reinforcement and punishment

The text carefully explains the terminology:

- **Positive** = adding something
- **Negative** = removing something
- **Reinforcement** = increases behavior
- **Punishment** = decreases behavior

### Positive reinforcement
Add something desirable to increase behavior.

Example:
- giving a child a toy for cleaning their room

### Negative reinforcement
Remove something unpleasant to increase behavior.

Example:
- seatbelt warning beeping stops when seatbelt is fastened

Important:
- negative reinforcement is **not punishment**
- it still increases behavior

### Positive punishment
Add something unpleasant to decrease behavior.

Example:
- scolding a student for texting in class

### Negative punishment
Remove something pleasant to decrease behavior.

Example:
- taking away a toy after misbehavior

---

## Why punishment is used cautiously

The text highlights drawbacks of physical punishment:
- it can produce fear
- it may make children fear the punisher, not just the behavior
- it can promote aggression and antisocial behavior

Modern psychology generally recommends **reinforcement over punishment**.

---

## Shaping

**Shaping** is the reinforcement of **successive approximations** toward a target behavior.

This is essential when a complex behavior is unlikely to occur all at once.

Process:
1. Reinforce a behavior that resembles the goal
2. Reinforce a closer approximation
3. Continue gradually until only the exact target behavior is reinforced

This technique is used in:
- animal training
- teaching children
- skill development

---

## Primary and secondary reinforcers

### Primary reinforcers
Have innate value:
- food
- water
- sleep
- shelter
- touch
- pleasure

### Secondary reinforcers
Gain value through association with primary reinforcers:
- money
- praise
- stickers
- tokens

### Token economies
Systems in which tokens are exchanged for rewards. These are used in:
- schools
- prisons
- psychiatric settings

They can be powerful tools for behavior modification.

---

## Behavior modification and time-out

### Behavior modification
Uses operant conditioning to replace undesirable behavior with more acceptable behavior.

Common tools:
- sticker charts
- token systems
- praise
- consistent reinforcement

### Time-out
A form of **negative punishment**:
- the child is removed from a desirable situation
- the goal is to reduce misbehavior

Important guidelines:
- remove the child from something desirable
- keep time-out brief and age-appropriate
- remain calm
- do not reinforce the behavior with attention during time-out

---

## Reinforcement schedules

The chapter explains that behavior is shaped not only by reinforcement, but by **when and how often** reinforcement occurs.

### Continuous reinforcement
Reward every occurrence of the behavior.

- fastest way to teach a new behavior
- useful for initial learning

### Partial (intermittent) reinforcement
Reward occurs only some of the time.

This can be:

#### Fixed interval
- reinforcement after a set amount of time
- produces moderate response rates with pauses after reward

Example:
- pain medication every hour

#### Variable interval
- reinforcement after unpredictable time intervals
- produces steady, moderate responding

Example:
- checking social media

#### Fixed ratio
- reinforcement after a set number of responses
- produces high response rates with pauses after reward

Example:
- piecework pay

#### Variable ratio
- reinforcement after an unpredictable number of responses
- produces the highest, steadiest response rates
- most resistant to extinction

Example:
- gambling

---

## Gambling and addiction

The text emphasizes that variable-ratio schedules are especially powerful because the reward is unpredictable. This makes behavior very persistent.

Modern neuroscience adds that gambling activates brain reward systems involving:
- **dopamine**
- possibly **norepinephrine**
- possibly **serotonin**

“Near misses” may also activate reward circuits, which helps explain why gambling can be so addictive.

The DSM-5 now classifies gambling as an **addiction** rather than merely an impulse-control disorder.

---

## Cognition and latent learning

Strict behaviorists like Watson and Skinner minimized cognition, but **Edward Tolman** showed that learning can occur without obvious reinforcement.

### Latent learning
Learning that takes place without immediate visible performance.

Example:
- rats learn a maze without reward
- when food is later introduced, they perform well immediately

### Cognitive maps
Mental representations of spatial layouts that help organisms navigate environments.

Human example:
- a child learns a route while riding in a car, then demonstrates that knowledge later when traveling independently

This was a major step toward recognizing cognition in learning.

---

# 6.4 Observational Learning (Modeling)

## Basic idea

Observational learning is learning by **watching others** and then imitating them.

The text refers to the individuals being observed as **models**.

This process is especially important in humans because it allows learning without direct trial-and-error.

---

## Examples and research

### Chimpanzee study
Chimpanzees learned a more efficient juice-drinking method by watching other chimpanzees.

This shows that observational learning is not limited to humans.

### Social learning in children
Children may imitate:
- parental behavior
- sibling behavior
- teacher behavior
- media figures

The text gives a powerful example of a child imitating a parent’s use of violence, showing how quickly behavior can be transmitted through observation.

---

## Bandura and social learning theory

**Albert Bandura** argued that learning involves more than direct reinforcement. He believed internal mental processes matter, and he developed **social learning theory**, which includes cognition.

Bandura showed that people can:
- learn new behaviors
- decide whether to imitate based on consequences to the model
- learn general rules from observation

This is more complex than simple imitation.

---

## Types of models

Bandura identified three kinds of models:

1. **Live models** – real people demonstrating behaviors in person
2. **Verbal models** – people who explain behavior instead of demonstrating it
3. **Symbolic models** – characters or real people in media such as TV, film, video games, books, or the internet

---

## Steps in modeling

Bandura said observational learning requires four steps:

1. **Attention** – you must notice the behavior
2. **Retention** – you must remember it
3. **Reproduction** – you must be able to perform it
4. **Motivation** – you must want to imitate it

### Vicarious reinforcement
If the model is rewarded, the observer is more motivated to imitate.

### Vicarious punishment
If the model is punished, the observer is less likely to imitate.

This is crucial because people do not merely copy behavior automatically; they evaluate its outcomes.

---

## Bobo doll experiment

Bandura’s famous study showed that children who observed an adult acting aggressively toward a Bobo doll were more likely to imitate the aggression, especially if the adult was not punished.

This demonstrated that:
- aggression can be learned through observation
- children can encode and reproduce complex behavior
- consequences to the model matter

---

## Prosocial and antisocial effects

Observational learning can produce both beneficial and harmful outcomes.

### Prosocial effects
Children may learn:
- kindness
- sharing
- reading
- exercise
- honesty
- courtesy

This is why adults should model the behaviors they want children to adopt.

### Antisocial effects
Children may also learn:
- aggression
- abuse
- hostility
- violence

The text connects this to:
- family violence
- media violence
- possible desensitization

It also notes that research on violent media is complex: some studies show a link to aggression, while others argue that family environment and other risk factors may explain the association.

---

# Key takeaways for students

## 1. Learning is broader than memorization
In psychology, learning means a relatively permanent change in behavior or knowledge caused by experience.

## 2. There are three major learning systems
- **Classical conditioning**: learning by association between stimuli
- **Operant conditioning**: learning by consequences
- **Observational learning**: learning by watching others

## 3. Classical conditioning is about prediction
Organisms learn what predicts what, and responses become conditioned to the predictive cue.

## 4. Operant conditioning is about consequences
Behavior is strengthened or weakened depending on what happens after the behavior.

## 5. Reinforcement increases behavior
Punishment decreases behavior. Positive/negative refer to adding or removing, not good or bad.

## 6. Learning can be hidden until needed
Tolman’s latent learning shows that organisms can learn without immediate reinforcement and demonstrate knowledge later.

## 7. Social context matters
Bandura showed that behavior is shaped by models, consequences to models, and internal cognitive processes.

## 8. Real-world applications are everywhere
These principles are used in:
- parenting
- education
- animal training
- advertising
- health behavior
- therapy
- understanding addiction

---

If you'd like, I can also turn this into:
1. a **study guide with key terms and definitions**,  
2. **flashcards**, or  
3. a **chapter outline organized by heading and subheading**.",,,1.0,,azure
Persona_Pattern,psychology_6,"Here is a comprehensive psychology-focused summary of the text, written to help students understand the major ideas, definitions, and research implications in depth:

---

# Comprehensive Summary: Thinking, Language, Problem Solving, Intelligence, and the Origins of Intelligence

This chapter introduces **higher-level cognitive processes**—the mental abilities that allow humans to think, use language, solve problems, create new ideas, and reason about intelligence. Cognitive psychologists study these processes because they help explain how people interpret the world, make decisions, learn language, and differ in intellectual ability.

## 1. Cognition: The Mental Foundation of Thinking

**Cognition** refers broadly to **thinking**, but in psychology it includes many related mental processes: **perception, knowledge, problem solving, judgment, language, and memory**. Much of cognition occurs automatically and unconsciously, even though we experience only part of it consciously.

Psychologists studying cognition ask how the brain organizes, integrates, and uses information from the environment and from internal sources such as **emotion** and **memory**. This is why thought is not just a neutral data-processing system; it is influenced by prior experience, feelings, and learned knowledge.

### Concepts and Prototypes
To manage the huge amount of information we encounter, the mind uses **concepts**, which are categories or groupings of ideas, images, memories, or language. Concepts allow us to organize experience and make sense of the world.

- Concepts may be **concrete** (e.g., birds) or **abstract** (e.g., justice).
- They may also be **shared socially** or highly personal.

A related idea is the **prototype**, which is the **best or most typical example** of a concept. For example, if someone thinks of a dog as a Golden Retriever because of early experience, that image may serve as their prototype for “dog.”

### Natural vs. Artificial Concepts
The text distinguishes two major types of concepts:

- **Natural concepts**: developed through direct or indirect experience.  
  Example: understanding “snow” through seeing, touching, hearing about, or reading about it.

- **Artificial concepts**: defined by a fixed set of rules or features.  
  Example: a triangle always has three sides and three angles; a square always has four equal sides and four right angles.

Artificial concepts are especially important in science, math, and formal reasoning because they provide structured building blocks for more complex thought.

### Schemata
A **schema** is a mental structure made up of related concepts. Schemata help us organize information efficiently, but they also shape expectations and can lead to automatic assumptions.

Key types include:

- **Role schema**: expectations about how someone in a role behaves  
  Example: assuming a firefighter is brave or selfless.

- **Event schema** (or **cognitive script**): an expectation about a routine sequence of events  
  Example: what one normally does when entering an elevator or hearing a phone ring.

Schemata are useful because they conserve mental effort, but they can also lead to errors, rigid habits, and difficulty adapting when situations change. The text uses **texting while driving** as a powerful example of how habitual event schemata can become dangerous.

---

## 2. Language: A Structured Human Communication System

**Language** is a communication system that uses words and rules to transmit meaning. Unlike other forms of communication in animals, human language is highly flexible, symbolic, and generative—it can express concrete events, abstract ideas, future plans, emotions, and complex relationships.

### Components of Language
Language consists of two major parts:

- **Lexicon**: the vocabulary of a language
- **Grammar**: the rules used to organize words and convey meaning

Within grammar, the text highlights several important units:

- **Phonemes**: the smallest sound units in a language
- **Morphemes**: the smallest units of language that carry meaning
- **Semantics**: how meaning is derived from morphemes and words
- **Syntax**: how words are arranged into sentences

These components make language productive and creative, allowing people to generate infinite meanings from finite elements.

### Development of Language
The chapter emphasizes that young children acquire language with remarkable speed, suggesting a strong biological basis for language learning.

Historically:
- **B. F. Skinner** argued language is learned through reinforcement.
- **Noam Chomsky** argued that humans are biologically prepared for language acquisition.

The evidence supports Chomsky’s view more strongly than Skinner’s, especially because children across cultures acquire language in similar developmental patterns and do so without formal instruction.

The text also introduces the idea of a **critical period** for language acquisition: the younger the child, the easier it is to learn language. A well-known case is **Genie**, a girl deprived of social contact and language during childhood. Although she later learned vocabulary, she never fully mastered grammar, suggesting that language development may depend on early exposure during a sensitive developmental window.

### Stages of Language Development
Language development typically progresses through these stages:

1. **0–3 months**: reflexive communication
2. **3–8 months**: reflexive communication and social interest
3. **8–13 months**: intentional communication and sociability
4. **12–18 months**: first words
5. **18–24 months**: two-word phrases
6. **2–3 years**: three-word and longer sentences
7. **3–5 years**: complex sentences and conversation

Infants are highly sensitive to speech early in life. They can discriminate sounds from many languages early on, but by around 1 year, they become specialized to the phonemes of the language(s) they hear most often.

### Overgeneralization
Children often make grammatical “mistakes” that actually show deep understanding of language rules. For example, saying “gooses” or “mouses” demonstrates that the child has learned the pluralization rule and is applying it too broadly. This is called **overgeneralization**.

### Language and Thought
The chapter examines whether language shapes thinking. This was classically raised by **Sapir and Whorf**, who proposed that language influences or determines thought.

Modern psychology generally rejects the strongest version of this claim, but still recognizes that language can influence cognition in meaningful ways.

Examples include:
- Different languages describe **time** differently, which can affect how speakers mentally organize temporal relationships.
- Different language systems may shape aspects of **color perception**, especially in certain neural processing contexts.

The text implies a balanced position: language does not rigidly determine thought, but it can **bias, guide, and shape habitual patterns of thinking**.

---

## 3. Problem Solving: Strategies, Heuristics, and Biases

Problem solving is a central cognitive skill used daily. The chapter explains that solving a problem begins with clearly identifying the problem, then selecting an appropriate strategy.

### Problem-Solving Strategies
Three major strategies are described:

- **Trial and error**: trying different solutions until one works  
  Useful but often inefficient.

- **Algorithm**: a step-by-step procedure that guarantees a correct solution if followed properly  
  Example: a recipe or installation instructions.

- **Heuristic**: a mental shortcut or general framework that often leads to a solution faster, though not always perfectly  
  Heuristics save time and energy, especially when information is limited or decisions must be made quickly.

Examples of heuristics:
- **Working backwards**: begin with the goal and reason backward to determine steps
- **Breaking a task into smaller steps**: useful for large academic or practical tasks

### Puzzles and Reasoning
Puzzles such as Sudoku, nine-dot problems, and logic scales are used to illustrate how people apply reasoning and spatial thinking. These tasks often require insight, flexibility, and avoidance of rigid assumptions.

### Roadblocks to Effective Problem Solving
Several cognitive barriers can interfere with problem solving:

#### Mental set
A **mental set** is the tendency to keep using a strategy that worked before, even when it no longer works.

#### Functional fixedness
This is a type of mental set in which a person cannot imagine using an object in a way other than its usual purpose. Classic research by Duncker showed how fixed thinking prevents people from solving problems creatively, such as using a box of thumbtacks in an unusual way to mount a candle.

The Apollo 13 rescue is a real-world example of overcoming functional fixedness.

### Decision-Making Biases
The text also identifies biases that distort reasoning:

- **Anchoring bias**: relying too heavily on the first piece of information encountered
- **Confirmation bias**: focusing only on information that supports existing beliefs
- **Hindsight bias**: believing after the fact that an event was predictable
- **Representative bias**: judging based on stereotypes or similarity to a prototype
- **Availability heuristic**: making judgments based on information that comes easily to mind

These biases preserve existing beliefs and can lead to poor decisions.

---

## 4. Intelligence and Creativity

The chapter then shifts to one of the most debated topics in psychology: **intelligence**.

### Defining Intelligence
Psychologists have defined intelligence in multiple ways over time. Some theories emphasize a general mental ability, while others view intelligence as multiple abilities or practical skills.

### Major Theories of Intelligence

#### Spearman’s general intelligence
Charles Spearman proposed a single general factor of intelligence called **g**, which influences performance across many tasks.

#### Cattell’s model
Raymond Cattell distinguished:
- **Crystallized intelligence**: acquired knowledge and the ability to retrieve it
- **Fluid intelligence**: ability to reason, solve novel problems, and see relationships

Crystallized intelligence tends to reflect learning and experience, while fluid intelligence is more about flexibility and abstraction.

#### Sternberg’s triarchic theory
Robert Sternberg proposed three types of intelligence:
- **Practical intelligence**: “street smarts,” or the ability to handle everyday challenges
- **Analytical intelligence**: academic problem solving, analysis, comparison, and judgment
- **Creative intelligence**: generating novel solutions and ideas

#### Gardner’s multiple intelligences theory
Howard Gardner proposed at least eight intelligences:
- linguistic
- logical-mathematical
- musical
- bodily-kinesthetic
- spatial
- interpersonal
- intrapersonal
- naturalistic

This theory is popular in education, though it has been criticized for weak empirical support.

### Emotional Intelligence
The text treats emotional intelligence as related to interpersonal and intrapersonal abilities. It includes:
- understanding one’s own emotions
- understanding others’ emotions
- empathy
- social judgment
- emotion regulation
- culturally appropriate responses

While some claim emotional intelligence may predict success better than IQ, the construct remains controversial because of measurement and definitional problems.

### CHC Theory
The most comprehensive modern model described is the **Cattell-Horn-Carroll (CHC) theory**, which organizes intelligence hierarchically:
- **general intelligence** at the top
- broad abilities such as working memory, processing speed, and fluid reasoning in the middle
- narrow abilities at the bottom

This model reflects the idea that intelligence is not a single trait but a structured system of related abilities.

### Creativity
**Creativity** is the ability to generate new ideas, solutions, and possibilities. It is not limited to art; it matters in science, problem solving, and daily life.

Creativity is associated with:
- deep knowledge in a domain
- long-term effort
- novelty
- risk-taking
- collaboration with others

The text contrasts:
- **Divergent thinking**: generating multiple possible answers
- **Convergent thinking**: finding the single correct or best answer

Creativity often grows through social interaction, mentorship, and exposure to different perspectives.

---

## 5. Measuring Intelligence: IQ Tests, Standardization, and Controversy

### What IQ Means
**IQ** stands for **intelligence quotient**, a score from an intelligence test. But IQ is not identical to “intelligence” in the full psychological sense. IQ tests measure certain cognitive abilities and are influenced by how intelligence is conceptualized.

### Historical Development
Important contributors include:

- **Francis Galton**: early broad intelligence testing
- **Alfred Binet**: developed a test to identify children needing academic help
- **Lewis Terman**: standardized and normed Binet’s test, creating the Stanford-Binet
- **David Wechsler**: developed widely used intelligence scales for children and adults

Wechsler’s tests are still common and include multiple subtests measuring verbal and nonverbal skills. Modern versions yield composite scores such as:
- Verbal Comprehension
- Visual Spatial
- Fluid Reasoning
- Working Memory
- Processing Speed

### Standardization and Norming
For a test to be useful:
- **standardization** ensures consistent administration, scoring, and interpretation
- **norming** involves giving the test to a large representative sample to establish norms

This allows a person’s score to be interpreted relative to the population.

### The Flynn Effect
IQ scores have increased across generations, a trend called the **Flynn effect**. This does not necessarily mean people are inherently smarter; it may reflect changes in education, environment, test familiarity, and other social factors.

### Bell Curve and IQ Distribution
IQ scores are typically distributed in a **bell curve**:
- average IQ = 100
- one standard deviation = 15 points
- average range = 85 to 115
- about 68% of people fall in that range
- IQ 130 and above is usually considered superior
- IQ around 70 or below may indicate intellectual disability if accompanied by adaptive deficits and early onset

### Intellectual Disability
The modern term is **intellectual disability**, not the outdated and stigmatizing term “mental retardation.” Diagnosis requires:
- significantly below-average intellectual functioning
- major adaptive functioning deficits
- onset before age 18

The text lists four severity levels:
- mild
- moderate
- severe
- profound

The chapter also notes legal and ethical issues involving IQ, including court cases such as **Atkins v. Virginia** and **Hall v. Florida**, which limited the use of IQ as the sole criterion in death penalty cases.

### Benefits and Limitations of IQ Testing
IQ tests are useful in:
- schools
- clinical assessment
- legal contexts
- disability determinations

However, they have limitations:
- they may not fully capture real-world intelligence
- they can be culturally biased
- they have been misused historically in support of eugenics and discrimination

The text strongly emphasizes that intelligence testing must be interpreted carefully and ethically.

---

## 6. The Source of Intelligence: Genetics, Environment, and Social Context

The final section explores where intelligence comes from and shows that the answer is not simply nature or nurture, but a complex interaction of both.

### Genetic Contributions
Twin studies, especially the **Minnesota Study of Twins Reared Apart**, show that identical twins tend to have more similar IQs than fraternal twins or unrelated individuals, suggesting a genetic influence on intelligence.

### Environmental Contributions
At the same time, environment matters greatly:
- stimulation in childhood
- education
- nutrition
- stress
- family support
- cultural expectations

The concept of **range of reaction** explains that genes set certain potential limits, but the environment influences whether and how fully a person reaches that potential.

### Socioeconomic Status and IQ
Poverty and chronic stress can lower cognitive performance. Children in poverty may experience reduced prefrontal functioning because of sustained stress and environmental deprivation. Thus, lower IQ scores may reflect social conditions, not just intellectual potential.

### Racial Bias and Testing
The text reviews controversial historical uses of intelligence testing, especially when tests were normed on narrow populations and then used to judge children from different racial or cultural backgrounds. This led to unfair placement in special education and shows why culture-fair testing remains a major concern.

### Learning Disabilities vs. Intellectual Disability
The chapter carefully distinguishes these terms:

- **Intellectual disability**: global cognitive and adaptive impairment
- **Learning disability**: a specific difficulty in one area of cognition, usually with otherwise average or above-average intelligence

Common learning disabilities include:

- **Dysgraphia**: difficulty writing legibly or expressing thoughts in writing
- **Dyslexia**: difficulty processing letters and reading accurately
- **Dyscalculia**: difficulty understanding arithmetic and number concepts

Learning disabilities often become noticeable in school and may coexist with ADHD.

---

# Overall Psychological Takeaways

This chapter presents cognition as a highly organized but imperfect system shaped by both biology and experience. Students should take away several core ideas:

1. **Thinking is structured** through concepts, schemata, and prototypes.
2. **Language is both learned and biologically prepared**, and it may influence thought.
3. **Problem solving depends on strategies**, but it is vulnerable to habits and biases.
4. **Intelligence is multidimensional**, with many theories competing to explain it.
5. **IQ tests are useful but limited**, and they have ethical and cultural implications.
6. **Intelligence emerges from genes, environment, and social context together**, not from a single source.
7. **Learning disabilities are specific**, not general indicators of low intelligence.

If you want, I can also turn this into:
- a **study guide with key terms**
- a **shorter exam review version**
- or **flashcards by section**.",,,1.0,,azure
Persona_Pattern,psychology_7,"Here is a comprehensive expert summary of the chapter content, written for psychology students who want a detailed understanding of lifespan development.

---

# Comprehensive Summary of Lifespan Development

This chapter presents **lifespan development** as the scientific study of how people **change and remain stable across the entire course of life**, from conception to death. Development is not limited to childhood; it is a lifelong process shaped by a complex interaction of **genetics, environment, culture, relationships, biology, and personal experience**. The chapter organizes development into major **domains** and **stages**, and it uses several major theories to explain how growth occurs.

---

## 1. What Lifespan Development Studies

Developmental psychology focuses on three broad domains:

### Physical development
This includes:
- growth of the body
- maturation of the brain
- sensory development
- motor skills
- health and wellness

### Cognitive development
This includes:
- learning
- memory
- attention
- language
- reasoning
- problem-solving
- creativity

### Psychosocial development
This includes:
- emotions
- personality
- identity
- relationships
- social functioning

A central assumption of the chapter is that these domains are deeply interconnected. Physical development affects cognition; cognition affects social behavior; and social experiences shape both brain and behavior.

---

## 2. Research Methods in Developmental Psychology

Developmental psychologists use multiple methods to study change over time:

### Naturalistic observation
Researchers observe behavior in real-world settings such as homes, schools, or playgrounds.  
**Strength:** shows behavior in natural context.  
**Limitation:** little control over variables.

### Case study
Researchers study one person in great depth, often someone unusual or experiencing rare circumstances.  
**Strength:** rich, detailed data.  
**Limitation:** hard to generalize and vulnerable to bias.

### Survey
Individuals self-report beliefs, experiences, or behaviors.  
**Strength:** collects a lot of information quickly.  
**Limitation:** depends on honesty and may lack depth.

### Experiment
Researchers manipulate variables in controlled conditions to test causal effects.  
**Strength:** can identify cause-and-effect relationships.  
**Limitation:** laboratory findings may not always reflect real life.

The chapter emphasizes that developmental science often blends these methods to understand both **typical development** and **unusual developmental trajectories**.

---

## 3. The Normative Approach and Developmental Milestones

The **normative approach** asks what is typical or average development at a certain age. Early developmental psychologists studied large groups of children to establish **developmental norms**, such as when most children crawl, walk, talk, or start puberty.

### Developmental milestones
These are age-related achievements in physical, cognitive, social, or language development, such as:
- walking
- writing
- naming colors
- speaking in sentences
- beginning puberty

Important caution: “normative” does **not** mean universal. Some milestones are biological and occur in most humans across cultures, such as puberty. Others are strongly shaped by culture, such as the age of school entry.

The chapter illustrates why parents should not panic if a child develops slightly earlier or later than average. Developmental timing varies, and concern is greatest when a child shows **multiple delays** or a major deviation from expected patterns.

---

## 4. Major Developmental Debates

Developmental psychology is organized around several core questions.

### Continuous vs. discontinuous development
- **Continuous development**: change is gradual and cumulative.
- **Discontinuous development**: change occurs in distinct stages.

This debate appears throughout the chapter in theories of cognition, psychosocial development, and moral reasoning.

### One course vs. many courses of development
Some theories assume children develop along a universal sequence. Others stress that developmental paths differ based on culture, environment, and individual differences.

### Nature vs. nurture
- **Nature** = genetics and biology
- **Nurture** = environment, upbringing, culture, learning

The chapter repeatedly stresses that this is not an either/or issue. Development comes from a **reciprocal interaction** between biology and environment.

---

## 5. Socioeconomic Status and the Achievement Gap

The chapter highlights the **achievement gap**, meaning persistent differences in grades, test scores, and graduation rates among groups of students. Research suggests that socioeconomic status is a major contributor.

Children from lower-income households often face:
- fewer educational resources
- lower standardized test scores
- lower graduation and college attendance rates
- more dropout risk

A key finding from Hart and Risley is that children in higher-income homes hear far more language from adults early in life. By age 3, children from higher-income homes knew almost twice as many words and had heard millions more words than lower-income peers. This early language gap is one reason later academic gaps emerge.

The chapter also notes intervention efforts such as:
- home visitation programs
- encouraging parent-child language interaction
- mixed-income preschool classrooms

The implication for students is that development is deeply shaped by **social opportunity**, not only by individual ability.

---

# 6. Major Lifespan Theories

## A. Freud’s Psychosexual Theory
Freud argued that personality forms mainly in childhood and develops through a series of **psychosexual stages**. Each stage centers on a different erogenous zone:
- oral
- anal
- phallic
- latency
- genital

If a child does not receive adequate caregiving during a stage, they may become **fixated** there. Although modern psychology has largely rejected Freud’s specific stage claims, his influence remains important because he emphasized that **early childhood experiences matter**.

---

## B. Erikson’s Psychosocial Theory
Erik Erikson expanded Freud’s ideas and argued that development continues across the whole lifespan. His theory emphasizes social conflict and identity formation.

Erikson proposed **eight stages**, each with a developmental crisis:

1. **Trust vs. mistrust** (0–1)  
   Infants learn whether caregivers are reliable and responsive.

2. **Autonomy vs. shame and doubt** (1–3)  
   Toddlers try to do things independently.

3. **Initiative vs. guilt** (3–6)  
   Preschoolers begin planning and initiating activities.

4. **Industry vs. inferiority** (7–11)  
   School-age children develop competence through achievement.

5. **Identity vs. role confusion** (12–18)  
   Adolescents ask, “Who am I?”

6. **Intimacy vs. isolation** (19–29)  
   Young adults form close relationships.

7. **Generativity vs. stagnation** (30–64)  
   Adults contribute to society, family, and future generations.

8. **Integrity vs. despair** (65+)  
   Older adults reflect on life with either satisfaction or regret.

Erikson’s theory is especially useful because it links **psychological growth to social demands** across the entire lifespan.

---

## C. Piaget’s Cognitive Development Theory
Piaget argued that children think differently from adults and move through stages of cognitive development. He emphasized that development is discontinuous and that children actively construct knowledge.

### Key concepts

#### Schemas
Mental frameworks used to organize and interpret information.

#### Assimilation
Fitting new information into an existing schema.

#### Accommodation
Changing a schema when new information does not fit.

### Piaget’s four stages:

1. **Sensorimotor** (0–2)  
   Infants learn through senses and actions.  
   Key achievement: **object permanence** — understanding that objects exist even when hidden.

2. **Preoperational** (2–7)  
   Children use symbols, language, and pretend play, but lack logical operations.  
   Features:
   - egocentrism
   - poor conservation
   - symbolic thought

3. **Concrete operational** (7–11)  
   Children begin logical thinking about concrete events.  
   Features:
   - conservation
   - reversibility
   - logical operations with real objects

4. **Formal operational** (11+)  
   Adolescents can think abstractly, reason hypothetically, and solve problems systematically.

### Critiques of Piaget
Later research found that:
- children may reach some cognitive abilities earlier than Piaget thought
- cognitive development may be more continuous than stage-like
- adults often continue to develop beyond formal operations

Some psychologists propose **postformal thought**, in which adults use flexible, context-sensitive reasoning and integrate logic with emotion.

---

## D. Neuroconstructivism
This newer approach emphasizes that **brain development and cognitive development influence one another**. Development is shaped by ongoing interaction among:
- genes
- neurons
- brain
- body
- social environment

This perspective strongly reflects modern psychology’s understanding of development as **dynamic, reciprocal, and context-sensitive**.

---

## E. Vygotsky’s Sociocultural Theory
Lev Vygotsky argued that development is fundamentally rooted in **culture and social interaction**. Language, thinking, and learning are shaped by the child’s cultural environment. Unlike Piaget, Vygotsky placed greater emphasis on social guidance and historical context.

---

## F. Kohlberg’s Theory of Moral Development
Kohlberg studied how people reason about moral dilemmas, such as the famous **Heinz dilemma**. His interest was not in whether people chose right or wrong, but **why** they made their moral judgments.

He proposed three levels of moral reasoning:

1. **Pre-conventional morality**  
   Based on punishment and reward.

2. **Conventional morality**  
   Based on social approval, rules, and law.

3. **Post-conventional morality**  
   Based on abstract principles, rights, and justice.

Kohlberg’s theory is influential, but the chapter emphasizes an important distinction: **moral reasoning is not the same as moral behavior**.

### Gilligan’s critique
Carol Gilligan argued that Kohlberg’s model was based mostly on White, upper-class males and overlooked gender differences in moral reasoning. She suggested that many girls and women emphasize:
- relationships
- care
- connection
- responsibility to others

This critique broadened psychology’s understanding of morality and highlighted the importance of diverse samples.

---

# 7. Prenatal Development

Prenatal development begins at conception and proceeds through an orderly sequence:

## Germinal stage (weeks 1–2)
- sperm fertilizes egg
- zygote forms
- rapid cell division occurs
- implantation in uterus begins the next stage

## Embryonic stage (weeks 3–8)
- embryo implants in uterus
- placenta and umbilical cord develop
- heart starts beating
- organs begin forming
- neural tube develops into brain and spinal cord

## Fetal stage (weeks 9–40)
- embryo becomes fetus
- body systems mature
- sex organs differentiate
- hearing develops
- brain grows rapidly
- by about 37 weeks, fetus can survive outside the uterus with far fewer risks

### Prenatal care
Prenatal care is crucial for monitoring both parent and fetus and reducing complications. Folic acid, health monitoring, and early medical guidance are important.

### Teratogens
Teratogens are environmental agents that damage the fetus or embryo, including biological, chemical, or physical agents.

Major teratogens discussed:
- alcohol
- nicotine
- heroin
- cocaine
- methamphetamine
- some medications
- radiation
- viruses such as HIV, herpes, rubella

Alcohol is especially harmful: no amount is considered safe during pregnancy. Heavy alcohol exposure can cause **fetal alcohol spectrum disorders (FASD)**, which may include:
- facial abnormalities
- small head size
- learning problems
- low IQ
- poor impulse control
- ADHD-like symptoms

### Critical and sensitive periods
Different organs and systems are especially vulnerable during particular prenatal windows. Timing of exposure matters greatly.

The chapter also raises ethical issues about criminalizing substance use during pregnancy. It notes that punitive policies may:
- discourage prenatal care
- disproportionately target low-income women
- create ethical and legal problems

---

# 8. Infancy and Childhood

## Newborn reflexes
Newborns are not helpless; they are born with reflexes that support survival:
- rooting
- sucking
- grasping
- Moro reflex

These are automatic responses and usually disappear after several months as voluntary control increases.

## Early sensory abilities
Newborns:
- prefer faces
- prefer human voices
- recognize their mother’s voice
- can distinguish their mother’s smell

This early sensory tuning supports bonding and caregiving.

---

## Physical development in infancy and early childhood

Children grow very rapidly during early life:
- weight doubles by 6 months
- triples by 1 year
- quadruples by 2 years
- height also increases rapidly

### Brain development
Brain growth is especially dramatic:
- many neural connections form in early childhood
- this is called **blooming**
- later, unnecessary connections are removed through **pruning**

This makes the brain more efficient and specialized.

### Motor development
Motor skills develop in a predictable sequence:
- head control
- sitting
- crawling
- walking

The chapter distinguishes:
- **fine motor skills**: small muscle movements
- **gross motor skills**: large body movements

Developmental milestones help identify typical progress and possible delays.

---

## Cognitive development in infancy and childhood

### Critique of Piaget
Modern research shows infants understand more than Piaget believed. For example, very young babies show sensitivity to object properties and physical expectations.

### Cognitive milestones
Children gradually learn:
- object permanence
- following instructions
- naming objects
- using symbols
- basic problem-solving
- counting
- time concepts
- sequencing

### Theory of mind
A major cognitive advance in early childhood is **theory of mind**, the understanding that others have thoughts, beliefs, and feelings different from one’s own. This reduces egocentrism and improves social functioning.

### Language development
Language develops in a predictable sequence:
- cooing
- babbling
- first words
- word combinations
- vocabulary spurt
- sentence formation

The chapter presents the long-standing debate between:
- **Skinner**, who emphasized learning and reinforcement
- **Chomsky**, who emphasized innate language capacity

Modern psychology accepts both: language is shaped by **biological readiness and social experience**.

---

## Attachment
Attachment is a major psychosocial milestone in infancy.

### Harlow
Harlow’s monkey experiments showed that comfort and security are more important than feeding alone in attachment formation.

### Bowlby
Bowlby defined attachment as a strong emotional bond with a primary caregiver and emphasized the caregiver as a **secure base**.

### Ainsworth’s Strange Situation
Ainsworth identified four attachment styles:

1. **Secure attachment**  
   Child seeks comfort from caregiver and uses caregiver as a secure base.

2. **Avoidant attachment**  
   Child appears indifferent to caregiver and avoids closeness.

3. **Resistant attachment**  
   Child is clingy, anxious, and difficult to soothe.

4. **Disorganized attachment**  
   Child shows confused, contradictory, or bizarre behavior, often associated with abuse or severe neglect.

The chapter also notes that temperament and cultural context can influence attachment patterns.

---

## Self-concept
Self-concept develops gradually.

### Mirror self-recognition
By about 18 months, toddlers recognize themselves in mirrors, showing the emergence of self-awareness.

Children then begin to:
- refer to themselves
- describe personal traits
- compare themselves with peers
- develop gender identity and social identity

A positive self-concept is linked to:
- confidence
- independence
- school success
- willingness to try new tasks

---

## Parenting styles
Diana Baumrind identified four major parenting styles:

### Authoritative
- warm
- responsive
- reasonable rules
- consistent limits
- encourages autonomy

This style is generally associated with the best outcomes in many Western contexts.

### Authoritarian
- strict
- demanding
- low warmth
- emphasizes obedience

Can be effective in some cultural contexts, though often linked to anxiety or withdrawal.

### Permissive
- warm but very lenient
- few demands or limits

Often associated with weak self-discipline and poorer academic performance, though sometimes higher self-esteem.

### Uninvolved
- detached
- neglectful
- low warmth and low control

Associated with poor emotional and academic outcomes.

The chapter emphasizes that parenting effectiveness is **culturally shaped** and not one-size-fits-all.

---

## Play and recess
Unstructured play is critical for:
- creativity
- problem-solving
- social development
- theory of mind
- physical health

Reduced play and recess may contribute to sedentary behavior and childhood obesity. The chapter encourages students to think critically about educational policies that remove recess.

---

# 9. Adolescence

Adolescence is the developmental period between childhood and adulthood, typically from **12 to 18 years**, though culturally and socially it varies.

## Physical development
Adolescence begins with **puberty**, which includes:
- adrenarche
- gonadarche
- development of primary sexual characteristics
- development of secondary sexual characteristics
- menarche in girls
- spermarche in boys
- rapid growth spurt

Timing varies widely, and early or late maturation can affect psychological adjustment.

### Early vs. late maturation
- Early-maturing boys may be socially advantaged but also at risk for risky behavior.
- Early-maturing girls may face teasing, pressure, and higher risk for body image issues and depression.
- Late-maturing adolescents may feel self-conscious and vulnerable.

The chapter also acknowledges the importance of understanding puberty in transgender and gender-nonconforming youth and stresses the role of support in healthy adjustment.

### Adolescent brain development
The frontal lobes continue developing into early adulthood, which helps explain:
- risk-taking
- impulsivity
- emotional volatility
- still-maturing judgment and planning

---

## Cognitive development in adolescence
Teenagers become capable of:
- abstract reasoning
- hypothetical thinking
- multiple perspectives
- analyzing social, political, and moral issues

This corresponds to Piaget’s **formal operational stage**.

### Cognitive empathy
Adolescence also brings growth in the ability to understand others’ perspectives and feelings. This supports conflict resolution and social maturity.

---

## Psychosocial development in adolescence
Erikson’s central task is **identity vs. role confusion**.

Adolescents ask:
- Who am I?
- What do I believe?
- What do I want to become?

They explore identities through:
- peer groups
- values
- interests
- careers
- relationships

Most teens do not experience the extreme “storm and stress” once assumed by early psychologists. Parent-adolescent conflict is usually limited to everyday issues like chores, friends, curfews, or schoolwork.

### Peer influence and family relationships
Peers become increasingly important, but positive parent-child relationships remain strongly protective and beneficial.

---

## Emerging adulthood
This is a newer concept describing the period from about **18 to the mid-20s**, characterized by:
- identity exploration
- delayed commitments
- career experimentation
- changing relationships
- increased independence, especially in industrialized societies

The chapter emphasizes that emerging adulthood is culturally shaped and not universal. In some cultures, adulthood begins much earlier through marriage, work, or parenting.

---

# 10. Adulthood

Adulthood is divided into:
- early adulthood
- middle adulthood
- late adulthood

## Physical development
- **Early adulthood**: peak physical functioning
- **Middle adulthood**: gradual decline in vision, fertility, metabolism, and skin elasticity
- **Late adulthood**: more noticeable decline in strength, reaction time, and sensory abilities

Aging does not prevent growth, learning, or new experiences, but biological aging does make maintenance of health more important.

---

## Cognitive development in adulthood
### Crystallized intelligence
- knowledge and skills accumulated over time
- tends to remain stable or improve with age

### Fluid intelligence
- reasoning, memory, and processing speed
- tends to decline in later adulthood

Mental and physical activity can help preserve cognitive functioning. The chapter also discusses:
- neurodegeneration
- dementia
- Alzheimer’s disease
- the possibility of cognitive rehabilitation

---

## Psychosocial development in adulthood
Adults seek meaning through:
- work
- family
- relationships
- contribution to society

Erikson’s adult tasks are:
- intimacy vs. isolation
- generativity vs. stagnation
- integrity vs. despair

### Socioemotional selectivity theory
As people age, they tend to reduce the number of social relationships but maintain deeper, more emotionally meaningful connections.

This reflects a shift from quantity of social ties to quality of emotional support.

---

# 11. Death and Dying

The final section addresses death as the last stage of development and focuses on cultural, emotional, and practical responses to dying.

## Hospice care
Hospice is designed to support dying individuals with:
- comfort
- dignity
- pain management
- emotional support
- family support

It often allows terminally ill people to remain at home rather than in a hospital.

Hospice benefits both patients and families by improving:
- satisfaction
- coping
- social support
- quality of remaining life

---

## Kübler-Ross’s five stages of grief
Kübler-Ross proposed that dying individuals may experience:
1. denial
2. anger
3. bargaining
4. depression
5. acceptance

The chapter notes important caveats:
- not everyone experiences all stages
- the order may vary
- grief is not always linear
- some people cope through religious, spiritual, or meaning-based frameworks

---

## Living wills, DNR orders, and health care proxies
The chapter ends by stressing the importance of advance planning:
- **Living will / advance directive**: specifies medical wishes
- **Do Not Resuscitate (DNR)**: no resuscitation if breathing or heartbeat stops
- **Health care proxy**: assigns a person to make decisions if the individual cannot

These decisions are shaped by:
- religion
- culture
- family values
- personal beliefs about life, death, and medical intervention

---

# Overall Takeaway

The chapter’s main message is that human development is **lifelong, multidimensional, and interactive**. People are shaped by the ongoing interplay of:
- biology and environment
- individual temperament and social context
- culture and history
- family and peers
- cognitive growth and emotional life

For students, the most important learning point is that development is not simply a list of age-based changes. It is a **dynamic process** involving:
- continuity and stages
- universal patterns and cultural variation
- risk and resilience
- biological growth and social influence

In short, psychology views lifespan development as the story of how humans become who they are, how they adapt, and how they change from conception through death.

If you want, I can also turn this into:
1. a **shorter study guide version**,  
2. a **bullet-point exam review**, or  
3. **flashcards by section**.",,,1.0,,azure
Persona_Pattern,psychology_8,"Here is a comprehensive psychology-focused summary of the text, written for students who want a detailed understanding of the major concepts and how they connect.

---

# Comprehensive Summary: Social Psychology, Influence, Prejudice, Aggression, and Relationships

This chapter introduces **social psychology**, the branch of psychology that studies how people influence one another’s thoughts, feelings, and behaviors. A central theme throughout the chapter is that **behavior is shaped by both the person and the situation**, and that people often misjudge behavior by overemphasizing personality while underestimating context. The chapter also shows how social forces can lead to both harmful outcomes, such as prejudice, obedience to harmful authority, bullying, and aggression, and positive outcomes, such as prosocial behavior, friendship, and love.

---

## 1. Social Psychology: The Power of the Situation

Social psychology examines how people affect each other in social contexts. It includes:

- **Intrapersonal processes**: individual-level phenomena such as attitudes, emotions, the self, and social cognition
- **Interpersonal processes**: behavior between people and groups, such as helping, aggression, prejudice, attraction, conformity, and group behavior

A major idea in the field is that people often adjust their behavior depending on the social environment. When unsure how to behave, individuals tend to use others as cues.

### Situational vs. dispositional explanations
The text contrasts two ways of explaining behavior:

- **Situationism**: behavior is shaped by the immediate environment and social context
- **Dispositionism**: behavior is caused by internal qualities such as personality, temperament, or traits

Modern social psychology emphasizes that both matter. Human behavior is best understood as an interaction between the **person and the situation**.

---

## 2. Attribution Biases: How We Explain Behavior

The chapter explains several common errors in social judgment.

### Fundamental attribution error
This is the tendency to explain other people’s behavior mainly in terms of their internal traits while underestimating the role of external circumstances.

Example:
- If someone yells at home, an observer may think, “That person is rude or angry.”
- But if the person was just laid off, the behavior may reflect situational stress rather than personality.

A classic demonstration is the **quizmaster study**, where people judged questioners as more intelligent than contestants even though the questioners wrote the questions themselves and had an obvious advantage. This shows how easily people ignore situational context.

### Cultural differences
The text emphasizes that the fundamental attribution error is **more common in individualistic cultures** such as the United States, Canada, and the United Kingdom, which value independence and personal responsibility. It is **less common in collectivistic cultures**, such as many East Asian, Latin American, and African cultures, which place more emphasis on relationships and context.

### Halo effect
This is the tendency for one positive impression of a person to influence broader judgments about that person. For example, physically attractive people may be assumed to have better moral character or personality.

### Actor-observer bias
This bias means:

- We explain **other people’s behavior** using internal causes
- We explain **our own behavior** using situational causes

For example, if we yell at someone, we are likely to blame stress, fatigue, or a bad day. But if someone else does it, we are more likely to call them rude or hostile.

### Self-serving bias
This is the tendency to explain:

- **Successes** as due to internal qualities
- **Failures** as due to external circumstances

This bias protects self-esteem. For example:
- “I did well because I’m smart.”
- “I failed because the test was unfair.”

This is also visible in sports fandom, where fans credit wins to team skill and losses to bad luck, referees, or bad weather.

### Just-world hypothesis
This is the belief that people get what they deserve. It helps people feel the world is fair and predictable, but it can lead to **victim blaming**. For example, people may wrongly blame poverty on laziness and ignore structural causes such as unemployment, discrimination, and poor educational access.

---

## 3. Self-Presentation and Social Roles

The chapter shows that people do not behave randomly in social settings. They often follow expected patterns.

### Social roles
A **social role** is a pattern of behavior expected of someone in a given setting or group. People occupy multiple roles simultaneously, such as student, employee, parent, or friend. Behavior changes depending on which role is active.

### Social norms
These are the group’s expectations about appropriate behavior. Norms shape what people wear, say, do, and value in different settings.

### Scripts
A **script** is knowledge about the expected sequence of behavior in a situation. Scripts guide behavior in familiar contexts such as restaurants, elevators, or classrooms. Scripts vary by culture, which is why behaviors that seem normal in one country may seem rude or confusing in another.

---

## 4. Stanford Prison Experiment: Roles, Norms, and Power

Philip Zimbardo’s **Stanford prison experiment** is used as a dramatic example of how powerful roles and situations can be. Students randomly assigned to be guards or prisoners quickly began acting in disturbing ways:

- Guards became abusive and sadistic
- Prisoners became passive, anxious, and helpless
- The study had to be stopped after only six days

The experiment is often cited as evidence that **situations can strongly shape behavior**, but it has also been widely criticized for:

- Ethical problems
- Possible demand characteristics
- Weak generalizability
- Lack of successful replications
- The possibility that participants were influenced by expectations about how guards should behave

The text also links the study to the abuse of prisoners at **Abu Ghraib**, illustrating how roles, authority, and dehumanizing environments can contribute to cruelty.

---

## 5. Attitudes and Persuasion

### Attitudes
An **attitude** is an evaluation of a person, object, idea, or policy. Attitudes have three components:

- **Affective**: feelings
- **Behavioral**: actions related to the attitude
- **Cognitive**: beliefs and thoughts

For example, a positive attitude toward recycling may include feeling good about it, believing it benefits the environment, and actually recycling.

### Cognitive dissonance
This is psychological discomfort caused by holding inconsistent beliefs, attitudes, or behaviors. People are motivated to reduce dissonance because it threatens self-image.

Ways to reduce dissonance include:
- Changing behavior
- Changing beliefs through rationalization or denial
- Adding new beliefs to justify the behavior

Examples:
- A smoker may convince themselves cigarettes are not that harmful
- A military recruit may reinterpret suffering as meaningful growth
- A person who made a difficult effort to join a group may value that group more afterward

### Justification of effort
People tend to value goals more when they required a lot of effort. This explains why difficult initiations into groups can increase liking for the group.

### Persuasion
Persuasion is the process of changing attitudes through communication. The text highlights the **Yale attitude change approach**, which shows that persuasion depends on:

- **Source features**: credibility, attractiveness
- **Message features**: subtlety, sidedness, timing
- **Audience features**: attention, intelligence, self-esteem, age

### Elaboration Likelihood Model
This model says persuasion happens through two routes:

#### Central route
- Uses logic, facts, and evidence
- Leads to more durable attitude change
- Works best when the audience is motivated and able to think carefully

#### Peripheral route
- Relies on surface cues such as attractiveness, celebrity endorsement, or emotional appeal
- Requires less effort
- Usually produces weaker and less lasting change

### Foot-in-the-door technique
This persuasion strategy starts with a small request, then follows with a larger one. Once someone agrees to the first request, they are more likely to agree to the second because they want to stay consistent.

---

## 6. Conformity, Compliance, Obedience, and Group Processes

### Conformity
Conformity is changing behavior to match the group, even without agreement.

#### Asch’s line study
Participants gave obviously wrong answers because they were influenced by unanimous group pressure. About 76% conformed at least once.

Factors affecting conformity:
- Size of the majority
- Presence of dissenters
- Public vs. private responses

People are more likely to conform when:
- The majority is larger
- No one else dissents
- Responses are public

### Types of social influence
- **Normative social influence**: conforming to be liked or accepted
- **Informational social influence**: conforming because the group seems informed, especially in ambiguous situations

### Obedience
Obedience is complying with the orders of an authority figure.

#### Milgram experiment
Participants believed they were delivering electric shocks to another person when instructed by an authority figure. A surprising number continued to the highest level of shock, even when the learner protested. This demonstrated how powerful authority can be.

Obedience decreased when:
- The setting became less authoritative
- The victim was more visible or humanized
- The authority figure was physically or socially distant

This research remains relevant to understanding harmful obedience in real-world settings.

### Groupthink
Groupthink occurs when group cohesion and consensus become more important than critical thinking. It can lead to poor decisions because dissent is suppressed.

Symptoms include:
- Illusion of invulnerability
- Belief in the group’s moral superiority
- Self-censorship
- Pressure on dissenters
- Illusion of unanimity
- Negative stereotyping of outsiders

The Iraq War is presented as an example of possible groupthink.

### Group polarization
After group discussion, groups tend to move toward more extreme versions of their original attitudes. This can intensify political division and intergroup hostility.

### Social loafing
People often exert less effort in group tasks when their individual contributions are not identifiable. This is more likely in larger groups and on easy tasks.

### Deindividuation
In group settings, people may feel anonymous and less accountable, which can contribute to impulsive or antisocial behavior, although findings are mixed.

---

## 7. Prejudice, Stereotypes, and Discrimination

This section explains how social identity and group membership can shape attitudes and behavior.

### Key definitions
- **Stereotype**: a belief or assumption about a group
- **Prejudice**: a negative attitude or feeling toward someone based solely on group membership
- **Discrimination**: negative behavior or treatment based on group membership

These are distinct but connected:
1. A stereotype is a thought
2. Prejudice is a feeling
3. Discrimination is an action

### Forms of prejudice
The text discusses several examples:

- **Racism**: prejudice and discrimination based on race
- **Sexism**: prejudice and discrimination based on sex
- **Ageism**: prejudice and discrimination based on age
- **Homophobia**: prejudice and discrimination against LGBTQ+ individuals
- **Transphobia**: prejudice and hostility toward people who challenge or blur gender norms

### Why prejudice persists
Prejudice is maintained by:
- Social learning from family, peers, media, and institutions
- Conformity to social norms
- In-group favoritism
- Cognitive biases
- Social categorization

### Dual attitudes model
People may have:
- **Explicit attitudes**: conscious and controllable
- **Implicit attitudes**: unconscious and automatic

This helps explain why people may consciously endorse equality while still showing hidden bias.

### Self-fulfilling prophecy
Stereotypes can create their own confirmation. If someone expects a person to fail, they may treat them in ways that help produce failure, which then seems to confirm the stereotype.

### Confirmation bias
People tend to notice information that supports their stereotypes and ignore evidence that contradicts them.

### In-groups and out-groups
- **In-group**: a group we identify with
- **Out-group**: a group we see as different from ourselves

People often show **in-group bias**, preferring their own group. This can contribute to prejudice and conflict.

### Scapegoating
When an in-group is frustrated or blocked from achieving a goal, it may blame an out-group for its problems.

---

## 8. Aggression and Bullying

### Aggression
Aggression is behavior intended to harm another person.

Two types:
- **Hostile aggression**: driven by anger and the desire to hurt
- **Instrumental aggression**: used as a means to achieve a goal

The text also discusses possible explanations for aggression:
- Evolutionary views
- Male competition and dominance
- Frustration-aggression theory

### Bullying
Bullying is repeated negative treatment of another person, often involving a power imbalance. It can be:
- Physical
- Verbal
- Psychological or social

Boys are more likely to use direct physical aggression, while girls are more likely to use indirect social aggression, such as exclusion or rumor spreading.

Bullying can harm:
- Victims’ mental health
- School performance
- Safety and well-being
- Bystanders, who may feel fear or distress

### Cyberbullying
Cyberbullying is repeated, intentional harm delivered through digital technologies. It is often anonymous, covert, and difficult to escape. It is linked to anxiety, depression, low self-esteem, and suicidal ideation.

---

## 9. The Bystander Effect

The **bystander effect** is the tendency for people not to help when others are present. The more bystanders there are, the less likely any one person is to intervene.

A key explanation is **diffusion of responsibility**:
- Each bystander assumes someone else will act
- Responsibility is spread across the group
- This reduces the likelihood that any one person will help

The Kitty Genovese case is historically important because it helped researchers study why people sometimes fail to intervene in emergencies, although the original account was later found to be oversimplified.

---

## 10. Prosocial Behavior, Altruism, and Relationships

The final section shifts from harm to helping and relationship formation.

### Prosocial behavior
This is voluntary behavior intended to help others.

### Altruism
Altruism is helping behavior that occurs even when the helper may incur costs or gain no obvious benefit.

The text notes ongoing debate about whether truly selfless helping exists:
- Some argue altruism is driven by empathy
- Others argue all helping has some self-serving component

### Empathy
Empathy is the ability to understand and feel what another person is experiencing. It is a major motivator of helping.

---

## 11. Relationship Formation and Attraction

### Proximity
One of the strongest predictors of friendship and romantic relationship formation is simple **proximity**: people are more likely to form relationships with those they encounter often.

### Similarity and homophily
People tend to like and connect with others who are similar in:
- Background
- Attitudes
- Lifestyle
- Values

This tendency is called **homophily**. It helps explain why people often form social networks with similar others, though it can limit exposure to diversity.

### Reciprocity
Relationships are built on a sense of mutual exchange. People like others who like them back.

### Self-disclosure
Sharing personal information helps deepen intimacy and strengthen relationships.

---

## 12. Attraction and Romantic Love

People are attracted to others partly because of physical attractiveness, but also because of shared values and social qualities.

### Physical attractiveness
The text notes commonly preferred features, including facial symmetry and traits that are culturally and biologically linked to attractiveness.

### Matching hypothesis
People tend to choose partners who are roughly equal in attractiveness and social desirability. People usually do not pursue someone they think is far “out of their league.”

### Sternberg’s triangular theory of love
Love has three components:
- **Intimacy**
- **Passion**
- **Commitment**

Different combinations create different kinds of love:
- **Liking**: intimacy only
- **Infatuation**: passion only
- **Empty love**: commitment only
- **Romantic love**: passion + intimacy
- **Companionate love**: intimacy + commitment
- **Fatuous love**: passion + commitment
- **Consummate love**: all three, considered the ideal balanced form

### Social exchange theory
This theory says people evaluate relationships by weighing costs and benefits, much like “naïve economists.” Relationships are more likely to continue when benefits outweigh costs.

Examples of relationship benefits include:
- companionship
- emotional support
- intimacy
- stability

Costs may include:
- money
- time
- conflict
- loss of freedom

---

# Big Picture Themes for Students

This chapter emphasizes several major psychological principles:

1. **Behavior is strongly shaped by the social situation**
2. **People often misattribute behavior to personality instead of context**
3. **Groups can influence people in powerful and sometimes dangerous ways**
4. **Prejudice, discrimination, and aggression often grow out of social categorization and bias**
5. **Helping behavior and relationships are also shaped by context, similarity, reciprocity, and empathy**
6. **Human social life is deeply influenced by both cognition and culture**

If you want, I can also turn this into:
- a **shorter study guide**
- **flashcards**
- a **chapter outline with key terms**
- or **exam-style questions and answers**",,,1.0,,azure
Persona_Pattern,psychology_9,"Below is a comprehensive expert-level summary of the text, with emphasis on the psychological principles, historical development, applied methods, and legal/ethical issues most relevant for students learning Industrial-Organizational (I-O) psychology.

---

## Overview: What Industrial-Organizational Psychology Studies

Industrial-organizational psychology is the branch of psychology that examines how human behavior and psychological processes influence work—and how work, in turn, affects people. It is a highly applied field focused on improving both employee well-being and organizational effectiveness.

Because work occupies such a large portion of adult life, I-O psychology matters at both the individual and systemic levels. It addresses questions such as:

- How do organizations select the best employees?
- How can work be structured to improve performance and satisfaction?
- What makes people motivated, committed, or stressed at work?
- How can workplaces be designed to maximize safety, health, and efficiency?
- How can organizations avoid discrimination and promote fairness?

The field is typically divided into four major areas:

1. **Industrial psychology** – employee selection, training, evaluation, and legal issues in hiring  
2. **Organizational psychology** – social dynamics, motivation, leadership, culture, teamwork, satisfaction  
3. **Human factors psychology** – fit between humans and tools, systems, and work environments  
4. **Related areas** such as occupational health psychology and humanitarian work psychology

---

## 1. Industrial Psychology: Selection, Training, and Evaluation

Industrial psychology is concerned with matching people to jobs and maintaining effective employee performance over time.

### Job Analysis
A central concept is **job analysis**, which involves accurately describing what a job requires. This is foundational because it informs:

- job descriptions
- hiring criteria
- training programs
- performance appraisal systems

There are two main forms:

- **Task-oriented analysis**: describes what tasks the job involves and rates them by frequency, importance, and difficulty
- **Worker-oriented analysis**: identifies the **knowledge, skills, and abilities (KSAs)** needed for successful performance

Sources of job-analysis information include:
- direct observation
- interviews with employees, peers, and supervisors
- surveys
- existing databases such as **O*NET**, which provides occupation-specific information on tasks, education, skills, work context, and projected growth

### Candidate Selection
Once a job is analyzed, organizations evaluate applicants using tools such as:

- tests of cognitive ability
- personality measures
- integrity tests
- physical and drug tests
- interviews
- work samples

#### Personality testing
Personality tests are used to predict fit, but the relationship between traits and job performance is not simple. For example, high agreeableness might help in customer service, but too much agreeableness could interfere with effective conflict resolution. Tests must therefore be validated against real job outcomes.

### Cutoff Scores
Organizations often use **cutoff scores** on tests to eliminate applicants below a threshold. These can increase efficiency but can also exclude potentially strong candidates if the cutoff is too rigid or poorly justified.

The text uses the **Robert Jordan/New London police case** to illustrate this issue: a cognitively strong applicant was rejected because his score was considered too high, under the logic that he might find the work boring. This highlights the tension between standardized selection procedures and fairness.

### Interviews
Interviews remain one of the most common hiring tools, and I-O psychologists have studied them extensively.

#### Unstructured interviews
- Questions vary across candidates
- Less standardized
- Harder to compare applicants fairly
- Generally weaker predictors of job performance

#### Structured interviews
- Same questions asked of all candidates
- Pre-set scoring system
- Much better for comparison and prediction
- More valid in predicting future performance

Research also shows that interviews are influenced by non-job-related factors such as:
- similarity to the interviewer
- eye contact
- smiling
- body language
- first impressions
- applicant self-presentation

Applicants who manage impressions well—without overdoing it—tend to be rated more favorably.

### Training
Training is a major part of employee success. It includes:

- **orientation**: introducing company policies, culture, and procedures
- **job-specific training**: teaching necessary tasks and tools
- **ongoing development**: adapting to new roles or technologies
- **mentoring**: informal or formal guidance from an experienced employee

Research shows mentoring is associated with:
- better performance
- higher job satisfaction
- more promotions
- greater compensation
- stronger organizational commitment

Mentoring can be especially important for women and underrepresented groups because it helps build access to informal networks and advancement opportunities.

### Performance Appraisal
Performance appraisal systems evaluate whether employees are doing their jobs well. These systems should be based on job analysis and aligned with organizational goals.

Appraisals can serve multiple purposes:
- feedback and development
- reinforcement of strong performance
- identification of training needs
- documentation of poor performance
- decisions about promotions, raises, probation, or termination

#### 360-degree feedback
This approach collects ratings from:
- supervisors
- peers
- subordinates
- self-ratings
- sometimes customers or external observers

Its value lies in giving a fuller picture of performance, especially for managerial roles. However, research suggests self- and peer-ratings may be less reliable than supervisor ratings. Still, differences in perspectives can be useful for learning and development.

---

## 2. Legal and Ethical Issues in Hiring

A major part of industrial psychology is ensuring that selection and evaluation are legally and ethically defensible.

### Discrimination and Protected Categories
Hiring decisions cannot be based on group membership unless that group membership is a true job requirement. In the United States, federal law prohibits discrimination based on:

- race
- color
- religion
- sex
- pregnancy
- sexual orientation
- gender identity
- national origin
- age (40+)
- disability
- genetic information

The **EEOC** enforces these laws.

### Major Legal Frameworks
- **Civil Rights Act of 1964, Title VII**: prohibits discrimination based on race, color, religion, sex, and national origin
- **Equal Pay Act**: requires equal pay for equal work
- **Pregnancy Discrimination Act**: protects pregnant workers
- **Americans with Disabilities Act (ADA)**: requires reasonable accommodation for disabilities
- **Age Discrimination in Employment Act**: protects older workers

### Bona Fide Occupational Qualifications (BFOQs)
In rare cases, certain traits may legally be required for a job if they are essential to its nature. Examples:
- religion for leadership in a worship setting
- age for airline pilots
- sex in certain privacy-sensitive settings, such as some prison roles

The courts apply strict tests to prevent abuse of BFOQ claims.

### Bias in Practice
Even when organizations intend to be fair, bias can enter hiring through:
- physical attractiveness
- obesity bias
- accents
- similarity to the interviewer
- unconscious associations

This is why industrial psychology emphasizes standardization and validity in selection procedures.

---

## 3. Historical Development of I-O Psychology

The field emerged in the early 20th century, largely in response to industrialization, military needs, and the demand for more efficient workplaces.

### Early Pioneers
Important early figures included:
- James Cattell
- Hugo Münsterberg
- Walter Dill Scott
- Robert Yerkes
- Walter Bingham
- Lillian Gilbreth

These scholars helped establish applied psychology in business and industry.

### World War I
Psychology’s practical value became especially visible during WWI:
- **Yerkes** helped create the Army Alpha and Beta tests for screening recruits
- **Scott and Bingham** worked on officer selection and job classification

This war accelerated the development of large-scale testing and personnel systems.

### Hawthorne Studies and Organizational Psychology
The **Hawthorne studies** at Western Electric revealed that productivity was affected not just by physical conditions like lighting, but by social and psychological factors such as attention, supervision, and group dynamics.

This led to the **Hawthorne effect**:
> People may improve performance when they know they are being observed.

These studies helped shift the field toward **organizational psychology**, which focuses on interpersonal relationships, motivation, leadership, and workplace climate.

### Scientific Management and Human Factors
**Frederick Taylor** advanced **scientific management**, using time-and-motion studies to improve efficiency. His approach increased productivity but was criticized for treating workers as if they were inherently lazy and for prioritizing output over worker well-being.

**Lillian Gilbreth** extended this work by focusing on reducing unnecessary motions and improving the fit between people and tasks. Her contributions helped establish **human factors psychology** and ergonomics.

### WWII and Beyond
World War II expanded I-O psychology further into:
- personnel selection
- training
- classification
- morale
- performance evaluation

After the war, the field expanded into:
- job satisfaction
- motivation
- fairness
- group processes
- legal compliance

Today it is a large, growing, and highly relevant discipline.

---

## 4. Organizational Psychology: The Social Side of Work

Organizational psychology studies how social and psychological factors affect employee attitudes and organizational functioning.

### Job Satisfaction
**Job satisfaction** refers to how much people like their jobs. It is shaped by both cognition and emotion, but is usually discussed as an affective response.

Common sources of satisfaction include:
- autonomy
- meaningful work
- feedback and communication
- pay and benefits
- growth opportunities
- promotion potential
- supportive coworkers
- fair supervision
- manageable workload

The strongest predictor of overall job satisfaction is often the **work itself**—especially variety, challenge, and role clarity. Surprisingly, pay has only a weak relationship with satisfaction, because people adapt to income increases over time.

### Why Job Satisfaction Matters
Job satisfaction is associated with:
- better performance
- organizational citizenship behaviors
- lower absenteeism
- lower withdrawal behavior
- improved life satisfaction
- stronger organizational performance

### Job Stress and Strain
**Stress** in the workplace results when people perceive demands as exceeding their capacity to cope. Common stressors include:
- overload
- role ambiguity
- lack of control
- poor career prospects
- job insecurity
- discrimination
- harassment
- bullying

Job stress harms:
- mental health
- physical health
- performance
- family life

### Downsizing and Mergers
Organizational change can create major stress. I-O psychologists help organizations manage:
- layoffs
- mergers
- acquisitions

These changes affect both:
- employees who leave
- employees who remain

Survivors may experience insecurity, lowered commitment, or turnover intention.

### Work–Family Balance
Work and family often compete for time and emotional energy. Conflict can occur in three ways:
1. time-based conflict
2. strain-based conflict
3. behavior-based conflict

Organizations can reduce this conflict through:
- flexible schedules
- supervisor support
- paid leave
- telecommuting
- onsite childcare
- wellness resources

However, the effects of these supports are mixed. In some cases, telecommuting can reduce conflict; in others, it can intensify it by making work and home demands overlap more visibly.

---

## 5. Management, Leadership, and Organizational Structure

### Theory X and Theory Y
Douglas McGregor described two contrasting management assumptions:

#### Theory X
- workers dislike work
- workers avoid responsibility
- workers need close supervision
- control comes through punishment and pressure

#### Theory Y
- workers find work meaningful
- workers can be self-directed
- workers want responsibility and input
- motivation comes through participation and rewards

Theory Y is generally more supportive of employee engagement and modern organizational effectiveness.

### Strengths-Based Management
Donald Clifton argued that organizations should identify and develop employees’ strengths rather than obsessively fixing weaknesses. Strengths-based management is popular, though not as heavily researched as some other approaches.

### Leadership Styles
#### Transactional leadership
- focuses on supervision, goals, rewards, and punishments
- maintains existing systems
- resembles management more than visionary leadership

#### Transformational leadership
- charismatic
- inspirational
- intellectually stimulating
- considerate
- tends to produce better outcomes

Research suggests transformational leadership is generally more effective, though real leaders often combine both styles.

### Gender and Leadership
Research shows that gender differences in leadership style exist but are relatively small. Women tend to show:
- more interpersonal and transformational tendencies

Men tend to show:
- more task-oriented or transactional tendencies

These differences are influenced by both social expectations and organizational culture.

### Followership
A newer area of study looks at the follower’s perspective. Leadership effectiveness depends partly on:
- follower autonomy
- need for structure
- need for growth
- preferred level of supervision

This suggests there is no single best leadership style for all employees.

---

## 6. Teams, Culture, Diversity, and Conflict

### Work Teams
Many organizations use teams because they can bring together diverse expertise. But teams are not automatically more effective.

Problems can include:
- social loafing
- poor communication
- conformity pressure
- conflict
- diffusion of responsibility

Types of teams include:
- **problem-resolution teams**
- **creative teams**
- **tactical teams**
- **virtual teams**

Team diversity can improve performance if managed well, though it can also create coordination challenges.

### Organizational Culture
Organizational culture includes:
- values
- norms
- hierarchy
- language
- rituals
- assumptions
- decision-making practices

Culture shapes how people behave and what is considered acceptable.

### Diversity Training
Diversity training aims to improve teamwork across differences. Research shows prejudice can decrease when groups interact under optimal conditions:
- equal status
- shared goals
- cooperation
- institutional support

### Generational Differences
The text discusses workplace differences among:
- baby boomers
- Generation X
- millennials

These groups may differ in attitudes toward:
- loyalty
- technology
- work-life balance
- feedback
- training expectations

However, generational categories are broad and should be used carefully.

### Harassment
Harassment is a serious culture problem. It can include:
- sexual harassment
- racial harassment
- harassment related to religion, age, national origin, or other protected categories

Sexual harassment includes:
- **quid pro quo** harassment
- **hostile environment** harassment

These behaviors damage well-being, morale, and legal compliance.

### Workplace Violence
Workplace violence includes threats, intimidation, assault, and homicide. Warning signs may include:
- escalating hostility
- sabotage
- threats
- major behavioral changes

A key psychological contributor is perceived unfairness. **Procedural justice**—fairness of the decision-making process—is essential in reducing aggression and maintaining trust.

---

## 7. Human Factors Psychology and Workplace Design

Human factors psychology, also called **ergonomics**, focuses on designing systems, tools, and environments that fit human abilities and limitations.

### Core Goal
The goal is to improve:
- safety
- productivity
- comfort
- reliability
- efficiency
- user satisfaction

### Key Areas of Study
- **Attention**: vigilance, signal detection, divided attention
- **Cognitive engineering**: designing software and systems that support human decision-making
- **Task analysis**: breaking work into components
- **Cognitive task analysis**: studying how decisions are made

### Applications
Human factors research influences:
- desk and workstation design
- software design
- transportation systems
- medical safety
- aviation
- nuclear safety
- law enforcement technology

### Safety Tools
A major intervention is the use of **checklists**, which reduce human error in high-risk environments such as aviation and surgery.

### Example: Decision Load and Error
A study in a banking security center found that as operators had to make more decisions, errors increased—especially false identification of non-threats as threats. This illustrates how cognitive workload can impair judgment.

The same principles apply to cybersecurity breaches and other real-world failures: if signals are missed or misinterpreted, severe consequences can follow.

---

## Final Takeaway

This chapter presents I-O psychology as a broad, practical field concerned with the entire work experience—from hiring and training, to motivation and leadership, to safety and system design. The central psychological idea is that work is not just an economic activity; it is a deeply social, cognitive, emotional, and behavioral environment.

For students, the most important themes are:

- **Fit matters**: matching people to jobs improves outcomes
- **Fairness matters**: hiring and evaluation must be valid and non-discriminatory
- **Leadership matters**: how people are managed affects motivation and performance
- **Culture matters**: norms, values, and social climate shape behavior
- **Design matters**: tools and systems should match human capabilities
- **Well-being matters**: productivity and employee health are interconnected

In short, I-O psychology seeks to make work more effective for organizations and more humane for the people who do it.",,,1.0,,azure
Persona_Pattern,sociology_1,"Below is a comprehensive sociology-focused summary of the text, written to help students grasp both the core ideas and the larger significance of the chapter.

---

## Overall Focus of the Chapter

This chapter introduces sociology as the scientific study of society, social interaction, culture, and the patterned ways human beings live together. It emphasizes that sociology is not just about “people” in isolation, but about the relationships between individuals and the larger social structures, norms, institutions, and cultural forces that shape behavior. The chapter also shows why sociology matters: it helps explain everyday life, social inequality, social change, and public policy.

A useful opening image is the commuter train station. Even though it looks like a place where strangers act independently, sociology reveals that crowds develop shared routines, expectations, and informal rules. This illustrates a key sociological insight: people are influenced by collective patterns, even when they think they are acting individually.

---

# 1.1 What Is Sociology?

## Sociology: Definition and Scope
Sociology is defined as the **scientific and systematic study of groups, group interactions, societies, and social interactions**. It ranges from very small-scale interactions, like conversation between two people, to broad national and global patterns.

### Society
A **society** is a group of people who:
- live in a defined geographic area,
- interact with one another,
- and share a common culture.

### Micro-level and Macro-level Analysis
Sociologists study society at different levels:

- **Micro-level**: focuses on small groups and individual interactions  
  Example: rules of conversation among teenagers or professionals.
- **Macro-level**: focuses on large-scale patterns and structures  
  Example: changes in language use over time or across social media.

### Culture
**Culture** refers to the shared practices, values, beliefs, and social rules of a group. It includes both ordinary daily habits and major life meanings.

## Sociological Imagination
The chapter emphasizes C. Wright Mills’ idea of the **sociological imagination**: the ability to understand how personal experiences and choices are shaped by broader social and historical forces. This means that individual behavior cannot be fully understood without considering social context.

Example: a person’s decision to marry is shaped not only by feelings, but also by social norms about marriage, acceptable timing, class expectations, and life circumstances.

## Reification
The text warns against **reification**, which is treating an abstract idea like “culture” as if it were a living thing with its own independent reality. Sociologists must remember that culture is created by people, not separate from them.

## Studying Patterns and Social Facts
Sociologists look for **patterns** in behavior, because individual decisions are shaped by social pressures. One important concept is **social facts**, a term associated with Durkheim. Social facts are things like:
- laws,
- customs,
- morals,
- values,
- rituals,
- religious beliefs,
- fashions.

These social facts constrain and guide behavior.

## Family Change as an Example
The chapter uses changing U.S. family forms to show how sociology studies social change:
- married heterosexual nuclear families are no longer the only “typical” family form,
- single-parent households, same-sex couples, cohabiting couples, and extended households are increasing,
- social, economic, and institutional changes help explain this transformation.

Sociologists study not just the new family forms themselves, but their consequences for:
- children,
- education,
- housing,
- and healthcare.

## Individual-Society Connection
The story of Ashley and her same-sex partner shows how larger social structures affect personal life. In one city, discrimination was subtle; in a small town, it became direct and severe. Their response—creating a Gay-Straight Alliance—shows a central sociological theme: negative social conditions can lead to collective action and social change.

---

# 1.2 The History of Sociology

## Intellectual Roots Before Sociology Became a Discipline
Sociological thinking existed long before sociology became a formal academic field. Philosophers across civilizations asked questions about:
- social order,
- power,
- inequality,
- conflict,
- and the ideal society.

Important early contributors included:
- Plato and Aristotle,
- Confucius,
- Ibn Khaldun,
- Voltaire,
- Mary Wollstonecraft.

## Historical Conditions That Made Sociology Possible
Sociology developed as a discipline partly because of major social transformations:
- the decline of absolute religious authority,
- the spread of literacy,
- the rise of scientific thinking,
- the Enlightenment,
- the Industrial Revolution,
- urbanization,
- capitalism,
- globalization.

These changes made old explanations of society seem insufficient and created demand for systematic study.

## Major Early Thinkers

### Auguste Comte
- Coined/reintroduced the term **sociology**
- Believed society should be studied scientifically
- Developed **positivism**, the idea that social life can be studied through observation and scientific methods
- Believed sociology could improve society

### Harriet Martineau
- Introduced Comte’s ideas to English-speaking audiences
- Studied economics, religion, class, government, suicide, and women’s rights
- Critiqued contradictions between ideals like equality and the realities of exploitation and gender inequality
- Important early feminist and methodological thinker

### Karl Marx
- Argued that society changes through **class conflict**
- Saw capitalism as based on exploitation between owners and workers
- Predicted capitalist collapse and transition to communism
- Though his predictions did not unfold exactly as expected, his conflict model remains foundational

### Herbert Spencer
- Wrote the first book with “sociology” in the title
- Compared society to a biological organism
- Influenced early functionalist thought
- Misused later by some to justify social Darwinism and racial hierarchy, which the chapter warns against

### Georg Simmel
- Focused on small-scale social interactions
- Studied money, urban life, conflict, and outsider status
- Important for micro-level sociology and the study of group dynamics

### Émile Durkheim
- Helped establish sociology as an academic discipline
- Founded the first European sociology department
- Argued that sociology should study **objective social facts**
- Famous for his study of suicide, which showed social and religious factors matter, not just individual psychology
- Developed the idea that societies can be healthy or pathological depending on social integration and regulation

### Max Weber
- Emphasized the importance of **culture**, meaning, and interpretation
- Argued that sociology must understand social action from the actor’s point of view
- Developed **verstehen**, deep interpretive understanding
- Helped shape anti-positivist sociology
- His work influenced interpretive and qualitative methods

## Quantitative vs. Qualitative Sociology
The chapter links these traditions to research methods:
- **Quantitative sociology**: uses surveys, statistics, and numerical analysis
- **Qualitative sociology**: uses interviews, observation, and textual analysis to understand meaning and lived experience

---

# American Sociology

When sociology came to the United States in the early 1900s, it became more applied and research-oriented.

## Key American Figures

### W.E.B. Du Bois
- Pioneer of rigorous empirical sociology
- Conducted a major study of Black life in Philadelphia using interviews and field research
- Critiqued weak and superficial research methods
- Exposed pseudoscientific racism with empirical evidence
- Combined scholarship with activism, helping found the NAACP and the Niagara Movement

### Jane Addams
- Founded Hull House in Chicago
- Used settlement work to support immigrants and the poor
- Connected research to practical reform
- Influential in child labor, immigration, and public health policy

### Charles Horton Cooley
- Developed the **looking-glass self**
- Argues that we form self-concept by imagining how others see us
- Emphasized primary groups and the social nature of identity

### George Herbert Mead
- Developed key ideas for symbolic interactionism
- Distinguished between **significant others** and the **generalized other**
- Showed how self and mind emerge through social interaction

### Robert E. Park
- Helped found social ecology
- Studied urban life and ethnic minorities
- Showed that social problems often reflect environments, not inherent traits of residents

### Thorstein Veblen
- Studied class behavior, leisure, consumption, and institutional economics
- Focused on how economy and social status interact

---

# 1.3 Theoretical Perspectives in Sociology

Sociological theory is used to explain social patterns and generate testable hypotheses. The chapter organizes the field around three major paradigms.

## 1. Structural Functionalism
This perspective sees society as a system of interrelated parts that work together to maintain stability and meet social needs.

### Key ideas:
- Society is like a body with interdependent organs.
- Social institutions such as family, education, religion, government, healthcare, and economy each serve functions.
- Social order depends on shared values and norms.

### Important concepts:
- **Function**: contribution a recurrent activity makes to social stability
- **Manifest functions**: intended and obvious consequences
- **Latent functions**: unintended and less obvious consequences
- **Dysfunctions**: negative consequences that disrupt social order
- **Dynamic equilibrium**: stability maintained through adjustment

### Example:
College education has manifest functions like learning and job preparation, but latent functions like networking, finding partners, or social status sorting.

### Criticism:
- May not explain social change well
- Can become circular in reasoning
- Often criticized for overemphasizing stability

## 2. Conflict Theory
Conflict theory sees society as shaped by competition over scarce resources and unequal power.

### Key ideas:
- Society is structured by inequality
- Institutions can preserve dominant group interests
- Power relations are central to social life
- Social change often comes through conflict

### Marx’s influence:
- Class struggle is the engine of history
- Capitalism creates inequality between owners and workers

### Related developments:
- **Critical theory**: broader critique of social structures, aimed at transforming inequality
- **Feminist theory**: examines gender inequality and how it is maintained
- **Critical race theory**: examines structural racism and white privilege

### Example:
Food production can be studied as a conflict between large corporations, government regulation, consumers, and local farmers.

### Criticism:
- Tends to emphasize conflict over stability
- May underplay social cooperation and gradual change

## 3. Symbolic Interactionism
This is a micro-level approach focusing on everyday interaction and the meanings people attach to symbols.

### Key ideas:
- Meaning is created through interaction
- People act based on meanings they assign to things
- These meanings are learned socially and interpreted in context

### Major contributors:
- Mead
- Blumer
- Cooley
- Goffman

### Important concepts:
- **Looking-glass self**: self develops through others’ reactions
- **Significant others**: people who matter most in shaping identity
- **Generalized other**: the internalized expectations of society
- **Dramaturgical analysis**: life as performance; people play roles in different settings

### Constructivism
An extension of symbolic interactionism, **constructivism** argues that reality is socially constructed. This is especially useful for studying deviance, because what counts as “deviant” varies by society.

### Example:
Turning in a found wallet may be moral in one culture and strange in another. This shows that norms are socially created, not universal.

### Criticism:
- Can be too narrow
- Sometimes difficult to remain objective
- Focuses heavily on interaction, sometimes at the expense of larger structures

---

# Sociological Theory Today

The chapter explains that these three perspectives still shape sociology:

- **Structural functionalism** was dominant in the postwar period but later criticized for not explaining rapid social change.
- **Conflict theory** gained influence during eras of civil rights, women’s liberation, and growing attention to inequality.
- **Symbolic interactionism** remained important for understanding meaning, identity, and everyday interaction, and later aligned with constructivist and postmodern approaches.

The chapter also notes that sociology increasingly engages in:
- **public sociology**, which brings sociological knowledge into public debates and policy discussions.

---

# 1.4 Why Study Sociology?

## Sociology as a Tool for Social Improvement
The chapter strongly argues that sociology is not only academically valuable but socially useful. The example of **Brown v. Board of Education** shows this clearly. The Supreme Court relied in part on the research of Kenneth and Mamie Clark, whose doll experiments showed the harmful psychological effects of segregation on Black children.

This illustrates a major theme: sociological research can influence law, public policy, and social justice.

## Sociology and Reform
Sociology has contributed to:
- desegregation,
- women’s rights in the workplace,
- mental health reform,
- disability access,
- Native rights,
- prison reform.

## Sociology and Perspective
Studying sociology helps people:
- understand how they fit into society,
- recognize how others perceive them,
- question simplistic explanations,
- think critically,
- appreciate diversity,
- see issues from others’ points of view.

## Transferable Skills and the Workplace
Sociology develops skills that employers value:
- understanding social systems and bureaucracy,
- research design,
- statistical literacy,
- awareness of diversity,
- report writing,
- critical thinking.

These skills are useful in many careers:
- social services,
- counseling,
- planning,
- healthcare,
- marketing,
- human resources,
- journalism,
- teaching,
- law,
- criminal justice.

## Sociology and Social Media
The social networking example shows how sociology can analyze real-world consequences of digital behavior. A person’s past online speech may affect:
- college admissions,
- employment,
- relationships,
- volunteer opportunities.

Sociologists might investigate:
- whether screening social media reduces harmful behavior,
- whether bias exists in monitoring systems,
- whether AI and algorithms disproportionately target some groups,
- whether training changes online speech.

This demonstrates sociology’s practical relevance to modern life and technology.

---

# Main Takeaways for Students

1. **Sociology studies the relationship between individuals and society.**
2. **Personal choices are shaped by social structures, culture, and institutions.**
3. **The sociological imagination helps connect private troubles to public issues.**
4. **Sociology developed through long intellectual history and major social upheavals.**
5. **Three major theoretical perspectives dominate the field:**
   - functionalism,
   - conflict theory,
   - symbolic interactionism.
6. **Each perspective reveals different truths about society.**
7. **Sociology is practical and applied, influencing policy, education, law, and public debate.**
8. **The field remains essential for understanding inequality, identity, change, and global interconnection.**

---

If you'd like, I can also turn this into:
- a **short study guide**,  
- **flashcards**, or  
- a **comparison table of the major theorists and theories**.",,,1.0,,azure
Persona_Pattern,sociology_2,"Here is a comprehensive sociology-focused summary of the text, organized to help students understand the major concepts, examples, and theoretical debates.

---

## Overall theme of the chapter

The chapter explains that **societies are not just collections of people**; they are structured systems shaped by **technology, economy, norms, institutions, and shared meanings**. It begins with the example of **Inayah**, a teenage girl whose daily life is shaped not only by personal relationships, but also by the broader expectations of her community. This introduction shows a central sociological idea: **individual behavior is always influenced by society**, even when it appears personal or unique.

The chapter then moves through three major areas:

1. **Types of societies**  
2. **Theoretical perspectives on society**  
3. **Social construction of reality**

Together, these sections show how sociologists study societies both as **historical forms of organization** and as **everyday systems of meaning and interaction**.

---

# 4.1 Types of Societies

## What society means in sociology

In sociology, a **society** is a group of people living in a definable community who share cultural elements, institutions, and often political authority. Society includes not just individuals, but the **patterns that organize life**—beliefs, values, norms, institutions, and power structures.

A key sociological point made here is that societies are often classified according to their **technological level**, following Gerhard Lenski Jr.’s approach. As technology changes, society changes too. This creates broad categories:

- **Preindustrial societies**
- **Industrial societies**
- **Postindustrial societies**  
  (also called **information societies** or **digital societies**)

The chapter emphasizes that technology does not simply make society more efficient; it changes **culture, social structure, class relations, and daily life**.

---

## Preindustrial societies

Preindustrial societies existed before the Industrial Revolution and were generally:

- small
- rural
- dependent on local resources
- limited in specialization
- low in technological complexity

The text identifies several forms of preindustrial society.

### 1. Hunter-gatherer societies
These were the earliest human societies, existing for most of human history. Their features include:

- dependence on hunting wild animals and gathering uncultivated plants
- strong dependence on the natural environment
- nomadic movement when resources became scarce
- kinship-based organization, often in tribes

These societies were highly vulnerable to environmental changes because survival depended directly on immediate resources. Today, only a small number remain, and they are rapidly disappearing.

### 2. Pastoral societies
Pastoral societies developed when humans began to **domesticate animals**. Their main features:

- reliance on livestock for food, clothing, and transportation
- movement with herds, so they remained nomadic
- greater production of surplus goods
- growth of trade and specialized occupations

This stage marks an important shift: humans were no longer only taking what nature provided—they were actively managing resources.

### 3. Horticultural societies
Horticultural societies emerged when people began cultivating crops using small tools. Their characteristics include:

- dependence on gardening or small-scale crop production
- stability in areas with reliable rainfall and favorable conditions
- more permanent settlement than hunter-gatherer or pastoral groups
- greater social stability and material surplus

These societies were still environmentally dependent, but they no longer had to move constantly to survive.

### 4. Agricultural societies
Agricultural societies are based on **large-scale farming** and were transformed by the Agricultural Revolution around 10,000 B.C.E. Key changes included:

- permanent tools and more advanced technologies
- crop rotation
- use of manure and fertilizers
- larger harvests and surpluses
- growth of towns and cities
- rise of trade and commerce

This stage is often described as the **“dawn of civilization”** because food surpluses allowed people to specialize in non-farming activities such as:

- music
- poetry
- philosophy
- craftsmanship

However, agriculture also intensified inequality. Surplus resources led to:

- social class distinctions
- stronger gender inequality
- competition over land and property

### 5. Feudal societies
Feudalism emerged in the ninth century and was based on **land ownership, protection, and hierarchy**. Its structure included:

- **lords**: nobility who controlled land
- **vassals**: people given land in exchange for military service
- **peasants**: lower-class laborers who worked the land and received protection

Feudalism was rigid and hereditary, meaning status passed through family lines. It eventually declined and gave way to capitalism and industrial society.

---

## Technology and environment in preindustrial societies

A major sociological point in this section is that **environment strongly shaped preindustrial societies**. When societies lacked advanced tools, they depended directly on climate, animals, soil, and water. This meant that adaptation to the environment determined the social form.

The text also highlights that technology can be both **helpful and destructive**. Examples include:

- environmental damage caused by oil spills
- displacement of indigenous populations
- unequal effects of Western industrial expansion on less developed regions

At the same time, technology can also be emancipatory. The example of **Barefoot College** shows how solar technology can improve life in rural communities by:

- providing electricity
- reducing kerosene use
- lowering carbon emissions
- training local women, especially grandmothers, as solar engineers

This example is sociologically important because it shows that technology is not neutral; it is shaped by **who controls it, who benefits, and whether local people are empowered or made dependent**.

---

## Industrial society

Industrial society emerged with the **Industrial Revolution** in the eighteenth century. This was one of the most transformative periods in human history.

### Main features of industrial society:
- machine production replaces human and animal labor
- factories become central to economic life
- steam power and later other technologies increase productivity
- cities grow rapidly
- goods become cheaper and more widely available
- education and health care improve in many ways
- social mobility increases

Industrialization changed work fundamentally. It moved production from handcrafted, localized labor to **large-scale mechanized production**. The text uses examples such as:

- textile mills
- steam engines
- mechanical seeders and threshing machines
- gas lights

### Social consequences of industrialization
Industrialization also produced serious social problems:

- overcrowding
- filth and poor sanitation
- poverty in cities
- exploitation of workers
- child labor
- long working hours
- hazardous labor conditions

These problems helped create sociology as a discipline, because thinkers wanted to understand the rapid changes in social life.

Industrial society also shifted power:

- from aristocrats and landowners
- to wealthy industrial capitalists and business owners

This led to the rise of major corporate families and eventually to labor unions, labor laws, and worker protections.

The chapter notes that many features we now take for granted—such as the modern notion of family, standardized time, and childhood as a protected life stage—are rooted in industrial society.

---

## Postindustrial / information society

Postindustrial societies are based less on manufacturing and more on **information, services, and knowledge**.

### Main features:
- digital technology becomes central
- economy depends on information, not goods
- jobs shift toward services rather than manufacturing
- class divisions are increasingly based on access to education and technical skill
- control over information becomes a source of power

The text compares digital innovators such as **Steve Jobs and Bill Gates** to industrial-era tycoons like Rockefeller and Vanderbilt. In postindustrial society, power is concentrated among those who can **store, manage, and distribute information**.

This means that inequalities are increasingly shaped by:
- education
- technical training
- digital access
- ability to work in knowledge-based occupations

---

# 4.2 Theoretical Perspectives on Society

This section explains the three major sociological approaches used to understand society:

- **Functionalism** — Émile Durkheim
- **Conflict theory** — Karl Marx
- **Symbolic interactionism** — Max Weber’s influence and later development

Each theory asks a different question about how society works.

---

## Émile Durkheim and functionalism

Durkheim viewed society as a system of interdependent parts. His core idea was that society is **more than the sum of its individuals**.

### Key concepts:
- **collective conscience**: shared beliefs, morals, and attitudes
- **social integration**: strength of social ties
- **social facts**: social forces that exist outside individuals and shape behavior

Durkheim saw society as similar to a living organism, where every part has a function. Even deviance has a purpose, because punishment reinforces shared norms and values.

### Mechanical solidarity
This is typical of preindustrial societies. It is based on:
- shared beliefs
- strong kinship ties
- low specialization
- similarity among members

People in such societies tend to think and behave similarly because they do similar kinds of work and share the same worldview.

### Organic solidarity
This is typical of industrial societies. It is based on:
- division of labor
- specialization
- interdependence
- acceptance of social differences

In more complex societies, people are different but need one another. Law becomes more formal and focuses on restoring social balance rather than simply punishing.

### Anomie
Durkheim was concerned that rapid social change could create **anomie**, a condition of normlessness or weakened social regulation. This can happen during:
- war
- economic collapse
- rapid modernization

Anomie leaves people uncertain about values and behavior. Durkheim believed modern societies eventually develop new shared norms to stabilize themselves.

---

## Karl Marx and conflict theory

Marx believed society is structured by **inequality and conflict**, especially economic conflict.

### Base and superstructure
Marx argued that:
- the **economic base** determines society
- the **superstructure** includes culture, institutions, and ideology

In other words, the economy shapes law, religion, politics, and social life.

### Bourgeoisie and proletariat
Marx divided capitalist society into two major classes:
- **bourgeoisie**: owners of the means of production
- **proletariat**: wage laborers

He believed history is driven by class conflict, and that each economic system contains contradictions that eventually produce change.

### Capitalism
Capitalism was seen by Marx as a system where:
- private individuals own productive property
- workers are exploited for profit
- inequality is built into the system

### Alienation
Marx argued that industrial capitalism produces alienation, meaning people become separated from:
1. the product of their labor
2. the labor process
3. other workers
4. themselves

This is a very important concept because it shows how work can become dehumanizing when people do not control what they produce, how they produce it, or the meaning of their labor.

### False consciousness
Marx also said workers may accept ideas that do not serve their interests. This is called **false consciousness**. Dominant ideas such as:
- competition is natural
- hard work always pays off
- inequality is justified

can prevent workers from seeing exploitation clearly.

### Class consciousness
To resist domination, workers must develop **class consciousness**, or awareness of their shared interests and social position. Marx believed that when the working class recognizes its collective situation, it can become a force for social change.

---

## Max Weber and symbolic interactionism

Weber is presented as another major thinker, especially influential in understanding modern rational society and the individual’s experience within it.

### Class, status, and power
Weber distinguished between:
- **class**: economic position
- **status**: social prestige or honor
- **power**: ability to influence others

Unlike Marx, Weber did not reduce all inequality to economics. He argued that education, religion, and kinship also matter.

### Rationalization
Weber’s major concern was **rationalization**, the increasing dominance of logic, calculation, and efficiency in modern society. This can improve productivity, but it also makes life more mechanical and less human.

Examples include:
- standardized products
- bureaucratic systems
- repetitive work routines
- chain businesses replacing local ones

### Iron cage
Weber warned that rationalized modern life traps individuals in an **iron cage** of bureaucracy, rules, and efficiency. This creates alienation and what he called **disenchantment**, meaning the world becomes less magical, meaningful, or personal.

### Protestant work ethic
Weber also argued that certain religious ideas helped shape capitalism. The **Protestant work ethic**, especially tied to Calvinism, encouraged:
- hard work
- discipline
- frugality
- personal success as a sign of divine favor

This ethic helped legitimize capitalism by making labor and profit morally valued.

### Symbolic interactionism
Although Weber is not the only influence, the text links him to symbolic interactionism because he emphasized the **individual’s interpretation of social life**. This theory focuses on how people create meaning through interaction.

---

# 4.3 Social Constructions of Reality

This section explains a major sociological insight: **reality is socially constructed**. That does not mean reality is fake; it means that people create shared meanings that make social life possible.

---

## Berger and Luckmann: the social construction of reality

Peter Berger and Thomas Luckmann argued that society is created through human interaction.

### Habitualization
When an action is repeated often, it becomes habitual and patterned. This makes social life efficient and predictable.

### Institutionalization
Over time, repeated behaviors become norms or institutions. For example, a school is not just a building—it is socially recognized as a school because people agree on its meaning and function.

This means institutions are:
- human-made
- socially maintained
- deeply real in their consequences

---

## Thomas theorem

W.I. Thomas’s famous statement is:

> “If men define situations as real, they are real in their consequences.”

This means that people act based on what they believe is true, even if the belief is mistaken.

### Example:
If a teen is labeled:
- overachiever
- player
- bum

that label can shape behavior, even if it was false at first.

This idea helps explain how social expectations influence real outcomes.

---

## Self-fulfilling prophecy

Robert K. Merton developed this idea further. A **self-fulfilling prophecy** occurs when a false belief causes behavior that makes the belief come true.

### Example:
If people think a bank will fail and rush to withdraw their money, the bank may actually collapse. The false belief becomes reality through action.

This concept is central to sociology because it shows how **social definitions can produce material effects**.

---

## Symbolic interactionism

Symbolic interactionists study how people create reality through symbols, especially:

- language
- gestures
- body language
- objects

The meaning of symbols is not universal. It changes by culture. For example, a thumbs-up gesture may mean:
- “good” in the U.S.
- “one” in Germany
- “five” in Japan

This perspective shows that everyday interaction is not trivial—it is the process through which society is continuously made and remade.

---

## Roles and status

People live through multiple social positions.

### Status
A **status** is a social position that comes with responsibilities and privileges.

There are two major types:
- **ascribed status**: assigned at birth or by circumstance, such as sex, age, or family position
- **achieved status**: earned through action or choice, such as nurse, dropout, or millionaire

### Role
A **role** is the expected behavior attached to a status.

A person can hold many roles at once:
- student
- child
- employee
- friend
- sibling

A single status like “student” can also contain a **role-set**, meaning many different expectations connected to it.

### Role strain
This happens when one role becomes too demanding. For example, parenting may involve too many responsibilities at once.

### Role conflict
This happens when roles clash with one another. For example:
- being a parent vs. being a full-time employee
- being a student vs. being an athlete
- being a worker vs. being a friend

These concepts show that social life often involves balancing competing expectations.

---

## Presentation of self: Goffman’s dramaturgy

Erving Goffman argued that social life is like a performance. This is called **dramaturgy**.

### Role performance
People perform roles depending on:
- who is present
- the situation
- the social setting

A person acts differently around:
- grandparents
- coworkers
- dates
- friends

This does not necessarily mean people are fake; it means social behavior is **contextual**.

### Impression management
People try to control how others perceive them. They use:
- clothing
- grooming
- speech
- props
- behavior

For example, a judge’s robe and gavel help create an impression of authority and fairness. This shows that social meaning is built through symbols and performance.

---

## Looking-glass self

Charles Cooley’s idea of the **looking-glass self** explains how self-identity develops through others’ reactions.

The process is:
1. we imagine how others see us
2. we imagine how they judge us
3. we develop a self-image based on those imagined judgments

This means that identity is deeply social. People do not form a sense of self in isolation; they build it through interaction and feedback from others.

---

# Major takeaways for students

1. **Societies differ based on technology, economy, and social organization.**
2. **Preindustrial societies are environmentally dependent; industrial and postindustrial societies are increasingly controlled by technology.**
3. **Durkheim saw society as a system of shared norms and interdependence.**
4. **Marx saw society as shaped by class conflict and economic domination.**
5. **Weber emphasized rationalization, bureaucracy, status, and the experience of modern life.**
6. **Reality is socially constructed through repeated interaction, shared definitions, and symbolic communication.**
7. **Roles and statuses structure daily life, but they can also create strain and conflict.**
8. **The self is not purely individual; it is shaped by social interaction and the judgments of others.**

---

If you want, I can also turn this into:
- a **shorter study guide**
- **flashcards**
- a **chapter outline with key terms**
- or a **comparison table of Durkheim, Marx, and Weber**.",,,1.0,,azure
Persona_Pattern,sociology_3,"Here is a comprehensive sociology-focused summary of the text, emphasizing the major concepts, theories, and examples students should understand.

---

## Overall Theme: Socialization Shapes Who We Become

The text argues that human beings are not simply born with a finished identity. Instead, people develop through **socialization**—the lifelong process by which individuals learn the norms, values, beliefs, behaviors, and skills needed to function as members of society. Socialization is central to both the **individual** and **society**:

- For the **individual**, it helps us develop a sense of self, learn language, understand social roles, and function in groups.
- For **society**, it reproduces culture across generations and helps maintain social order.

The opening story of **Noel**, an EMT-turned-hospital administrator, illustrates how socialization also happens in adulthood and across different institutions. Noel’s fast, decisive EMT-style habits clash with the slower, bureaucratic culture of hospital administration. This demonstrates that people are socialized into the expectations of particular environments, and when they move into a new setting, they may need to **resocialize**—that is, unlearn old behaviors and adapt to new ones.

---

## 5.1 Theories of Self-Development

This section explains how scholars understand the formation of the self before socialization fully takes place.

### Psychological theories of self-development
The text reviews several major psychological theorists:

#### Sigmund Freud
- Saw self-development as tied to **early childhood stages**.
- Believed unresolved conflicts in these stages could have long-term emotional and psychological consequences in adulthood.

#### Erik Erikson
- Expanded Freud’s ideas.
- Proposed **eight stages of development** spanning the entire life course.
- Emphasized that personality continues to develop throughout life and is shaped by social as well as internal factors.
- More sociological than Freud because he stressed social demands and the negotiation between personal desires and social expectations.

#### Jean Piaget
- Focused on how children develop cognition through interaction with the world.
- Argued that self-development involves negotiating between one’s internal understanding and social reality.

#### Harry Harlow
- Studied rhesus monkeys and showed the importance of **attachment** and social contact.
- Found that isolation caused serious behavioral problems.
- His work is important because it demonstrates that social relationships are critical to healthy development.

### Sociology vs. psychology
The text clearly distinguishes the two disciplines:

- **Psychology** focuses on the mind, emotions, and internal mental processes.
- **Sociology** focuses on how society, culture, institutions, and social interaction shape behavior.

A classic example is **Durkheim’s study of suicide**, which emphasized social causes rather than purely psychological ones. Sociologists look outward to social structure, while psychologists look inward to mental processes.

---

## Sociological theories of self-development

### Charles Cooley: the “looking glass self”
Cooley argued that people form their self-concept by imagining how others see them. In other words, the self is partly a social mirror:
1. We imagine how we appear to others.
2. We imagine how others judge us.
3. We develop feelings about ourselves based on those imagined judgments.

### George Herbert Mead: the social self
Mead argued that the self emerges through interaction and role-taking. People must learn to see themselves from the perspective of others.

He identified stages of development:

#### 1. Preparatory stage
- Children mainly imitate others.
- They cannot yet take the role of the other.

#### 2. Play stage
- Children begin pretending to take on one role at a time.
- Example: pretending to be “mom” or “dad.”

#### 3. Game stage
- Children learn to understand several roles at once.
- They understand how different people in a social setting work together.

#### 4. Generalized other
- The child learns the broader expectations of society.
- At this point, the individual can imagine how they are viewed by society more generally.
- This is crucial for developing a full sociological “self.”

### Kohlberg’s theory of moral development
Kohlberg studied how people learn to distinguish right from wrong.

He proposed three levels:

#### 1. Preconventional
- Typical of young children.
- Morality is based on sensory experience and immediate consequences.

#### 2. Conventional
- Usually develops in adolescence.
- People begin to care more about others’ feelings and social approval.

#### 3. Postconventional
- Morality is understood in abstract terms.
- People recognize that laws and morality may conflict.
- Example: political protest against an unjust but legal government.

### Gilligan’s critique of Kohlberg
Carol Gilligan argued that Kohlberg’s theory was biased because it was based only on male subjects.

She proposed that:
- Boys tend to emphasize a **justice perspective**: rules, rights, laws.
- Girls tend to emphasize a **care and responsibility perspective**: relationships, context, and concern for others.

However, the text notes that Gilligan’s findings were later discredited because:
- Her sample was too small.
- The results were not replicated.
- The differences she observed are better explained through **gender socialization** than through innate moral differences.

### Gender socialization
The text emphasizes that girls and boys are socialized differently from early childhood:
- Girls are often praised for appearance.
- Boys are more often encouraged to focus on competence, action, or achievement.

This can lead to harmful effects, such as young girls worrying about body image very early in life.

A counterexample is **Egalia preschool in Sweden**, which tries to eliminate gender norms by using neutral language and genderless play environments.

---

## 5.2 Why Socialization Matters

This section explains why socialization is essential both for society and for the individual.

### Socialization as the reproduction of culture
Society survives only if each generation learns its culture. This includes:
- Values
- Norms
- Language
- Customs
- Everyday practices

Without socialization, culture would disappear.

### Socialization and the self
Human beings become able to understand themselves through social interaction. Without socialization:
- People cannot fully develop a self.
- People cannot communicate effectively.
- People cannot learn how to behave in social settings.

### Nature versus nurture
The text discusses the classic debate:

- **Nature** = biology, genetics, inherited traits
- **Nurture** = social environment, relationships, care, and learning

While genetics matter, sociology emphasizes nurture and the social context of human behavior.

Twin studies, especially those involving identical twins raised apart, show that genetics influences behavior, but not completely. Social class, race, gender, religion, and family environment all shape life outcomes.

### Chris Langan example
Chris Langan, who reportedly had an exceptionally high IQ, did not achieve elite professional success because he lacked certain **social skills** and forms of **practical intelligence** learned through socialization. This illustrates a key sociological point: intelligence alone is not enough; social background and learned interaction skills matter enormously.

### Sociological perspectives on socialization
- **Structural functionalism:** Socialization is necessary for society to function and for culture to continue.
- **Conflict theory:** Socialization reproduces inequality by teaching different expectations to different groups.
- **Symbolic interactionism:** Socialization happens through everyday interactions and symbols, such as clothing, toys, or language.

---

## 5.3 Agents of Socialization

This section identifies the main institutions and groups that teach people how to behave.

### 1. Family
The family is the primary agent of socialization.

Families teach children:
- How to use material objects
- How to interact with different kinds of people
- How to distinguish real vs. imagined
- How to understand basic norms and values

But family socialization varies by:
- Social class
- Race
- Religion
- Historical period
- Gender expectations

For example:
- Working-class parents are more likely to emphasize obedience and conformity.
- Middle- and upper-class parents are more likely to emphasize independence, creativity, and negotiation.

This can reproduce class inequality, because children are trained for the kinds of jobs their parents already occupy.

The text also highlights cross-national variation, such as Sweden’s generous parental leave policies, which encourage fathers to participate heavily in caregiving. This contrasts with more traditional U.S. gender norms.

### 2. Peer groups
Peer groups consist of people of similar age and status.

Peer groups become especially important in childhood and adolescence because they:
- Teach cooperation and competition
- Help children learn norms outside the family
- Support identity development
- Provide a space for independence from parents

Peers are especially influential during adolescence, but parental influence remains important.

### 3. School
School is a major institution of socialization.

In addition to teaching academic content, schools socialize children through the **hidden curriculum**:
- Following rules
- Waiting one’s turn
- Working in groups
- Dealing with bureaucracy
- Accepting competition
- Learning punctuality and discipline

Schools also socialize children into:
- Citizenship
- National identity
- State-approved history
- Social expectations about behavior

The text shows that textbooks themselves are tools of socialization, and that they can be politically contested. The example of South Korean protests against Japanese textbooks shows that states often use education to shape historical memory and national identity.

### 4. Workplace
Adults are also socialized into work environments.

Workplace socialization includes:
- Material culture: tools, equipment, procedures
- Nonmaterial culture: communication styles, hierarchy, norms of professionalism

Noel’s story shows how difficult it can be to move from one workplace culture to another. The text stresses that adaptation is not only the worker’s responsibility; organizations must also provide effective onboarding and socialization.

### 5. Religion
Religious institutions socialize people into:
- Rituals
- Beliefs
- Moral codes
- Gender norms
- Family roles

Religion also teaches material culture, such as objects used in worship. It often reinforces shared values and rites of passage.

### 6. Government
Government socializes people through legal and age-based categories such as:
- Childhood
- Adulthood
- Old age
- Military eligibility
- Citizenship obligations

People must learn new responsibilities when they enter these categories, such as voting, registering for Selective Service, or applying for senior benefits.

### 7. Mass media
Mass media—including television, film, newspapers, radio, and the internet—socialize people by constantly transmitting messages about:
- Beauty
- Gender
- Relationships
- Success
- Consumption
- Norms and expectations

The text uses Disney “princess culture” as a major example. Some scholars and parents worry that princess films:
- Overemphasize beauty
- Encourage passivity
- Reinforce dependence on men
- Affect girls’ aspirations, including interest in STEM fields

At the same time, some argue that children can interpret media in flexible ways and that newer Disney films have become more empowered and diverse. Examples like **Tiana, Merida, Moana, Elsa, and Rey** reflect more modern portrayals of girls and women.

---

## 5.4 Socialization Across the Life Course

This section makes one of the chapter’s key points: **socialization never ends**.

### Socialization is lifelong
People are continually socialized into:
- New roles
- New institutions
- New expectations
- New age categories

Socialization changes as people move through life.

### Age norms and transition points
Societies create rules about when people should:
- Go to school
- Work
- Become adults
- Marry
- Have children
- Retire

These vary across countries and cultures.

For example:
- In the U.S., most students are expected to move from high school directly into college or work.
- In Denmark and other European countries, gap years are more accepted.
- In some countries, military service is expected of young adults.

### The changing meaning of adulthood
The chapter notes that for many Millennials, adulthood has been delayed by:
- The 2008 recession
- Student debt
- Unstable employment
- Delayed marriage and parenthood

This has led to the idea of the **Boomerang Generation**, young adults who return to live with parents after college due to economic insecurity.

### Anticipatory socialization
People also socialize themselves into future roles before actually entering them.

Examples:
- Couples living together before marriage
- Future parents reading infant-care books
- Workers preparing for retirement

This is called **anticipatory socialization**.

### Resocialization
Sometimes socialization is more dramatic. **Resocialization** occurs when people must abandon old identities and learn new rules and roles.

Examples include:
- Prison
- Military boot camp
- Boarding school
- Senior care facilities
- Some religious or cult-like institutions

### Total institutions
These are settings cut off from the outside world where residents are controlled by a single authority. They are especially powerful in resocialization.

Examples:
- Prisons
- Military bases
- Convents
- Ships at sea

### Degradation ceremony
A key part of resocialization is stripping away the old identity.

This may involve:
- Uniforms
- Haircuts
- Surrendering belongings
- Loss of privacy
- New names or statuses

This process is often severe in prisons and the military, though it can be gentler in nursing homes or some religious institutions.

### Building a new identity
After old identities are stripped away, people learn the norms and values of the new environment:
- Soldiers learn discipline, hierarchy, and collective responsibility.
- Prisoners learn institutional routines.
- New residents in care facilities adapt to dependence and routine.

Transitioning back to civilian life can be difficult, especially after long periods in a total institution.

---

## Core Sociological Takeaways

Students should leave this chapter understanding several major ideas:

1. **The self is socially produced**, not merely biologically given.
2. **Socialization is lifelong**, not limited to childhood.
3. **Culture must be transmitted** from one generation to the next for society to continue.
4. **Families, peers, schools, workplaces, religion, government, and media** all socialize people.
5. Socialization is shaped by **social class, gender, race, culture, and historical period**.
6. Socialization can **reproduce inequality** by giving different groups different expectations and opportunities.
7. People often experience tension when moving between institutions with different cultures, as shown in Noel’s workplace story.
8. **Resocialization** is especially intense when people enter total institutions or major new life stages.
9. Sociologists study how social life shapes behavior from the outside, while psychologists focus more on the mind and internal processes.

---

If you want, I can also turn this into:
- a **chapter study guide**
- **flashcards**
- a **shorter exam-review summary**
- or a **table of theorists and key terms**.",,,1.0,,azure
Persona_Pattern,statistics_1,"This passage introduces the role of statistics as a practical tool for understanding and evaluating information in everyday life. From an expert perspective, the main message is that statistics is not just an academic subject—it is a framework for making informed judgments from incomplete information.

### Core ideas in the text

#### 1. Statistics is everywhere
The text emphasizes that statistical information appears constantly in daily life, especially through:
- newspapers,
- television news,
- the internet,
- and other media sources.

Examples include data about:
- crime,
- sports,
- education,
- politics,
- real estate.

The important point is that most of this information is not about entire populations, but about **samples**—smaller groups used to infer something about a larger population.

#### 2. Statistics helps evaluate claims
A major purpose of statistics is to help people assess whether a claim, statement, or “fact” is reasonable. Since many reported findings are based on sample data rather than complete information, statistics provides the tools to determine whether a conclusion is likely to be valid.

In other words, statistics helps answer:
- How reliable is this evidence?
- What can be inferred from this sample?
- Is this conclusion justified?

This is described as making the “best educated guess,” which is essentially the logic of statistical inference.

#### 3. Statistical literacy is necessary for everyday decision-making
The text stresses that people need statistical knowledge because they will encounter data throughout life, whether they realize it or not. This includes decisions such as:
- buying a house,
- managing a budget,
- interpreting public information,
- evaluating professional reports.

The implication is that statistical reasoning supports better personal and professional decision-making.

#### 4. Statistics is important across many disciplines
The passage highlights that statistics is required in numerous fields, including:
- economics,
- business,
- psychology,
- education,
- biology,
- law,
- computer science,
- police science,
- early childhood development.

This shows that statistics is a foundational quantitative skill, not limited to mathematics or research alone.

#### 5. Statistics and probability are closely connected
The chapter preview indicates that students will learn basic concepts from both **statistics** and **probability**, and that these subjects work together. This is an important conceptual point:

- **Probability** deals with the logic of chance and predicting outcomes.
- **Statistics** deals with collecting, summarizing, analyzing, and interpreting data.

Together, they allow us to reason from observed data to broader conclusions.

#### 6. Data quality matters
A final key point is the distinction between “good” and “bad” data. The chapter will teach how data are gathered and how to judge their quality.

This is crucial because the usefulness of statistical conclusions depends heavily on:
- how the data were collected,
- whether the sample is representative,
- whether the method introduces bias,
- and whether the data accurately reflect the population of interest.

### Chapter learning goals
The text states that by the end of the chapter, students should be able to:
1. **Recognize and differentiate key terms**
   - This means understanding the vocabulary of statistics, such as sample, population, variable, data, and frequency.
2. **Apply various sampling methods**
   - Students will learn how data are collected using different sampling strategies.
3. **Create and interpret frequency tables**
   - Students will learn how to organize data into tables that summarize how often values occur.

### Overall significance
This introduction frames statistics as a tool for critical thinking and evidence-based judgment. Rather than treating numbers as inherently trustworthy, the chapter encourages students to ask:
- Where did the data come from?
- What do the data actually represent?
- How can the data be summarized and interpreted?
- What conclusions are justified?

In short, the passage establishes statistics as essential for understanding the world, evaluating information, and making sound decisions based on data rather than opinion alone.",,,1.0,,azure
Persona_Pattern,statistics_2,"This passage introduces the foundational ideas of **discrete random variables** and their **probability distribution functions (PDFs)**, which are essential tools in statistics for modeling countable outcomes.

## Core idea: discrete random variables
A **random variable** is a numerical description of the outcome of a random experiment. It is typically written with a **capital letter** such as \(X\), while a specific value it can take is written with a **lowercase letter** such as \(x\).

- \(X\) = the random variable, described in words
- \(x\) = a particular numerical value of that variable

For example:
- \(X =\) number of heads in three coin tosses
- Then \(x\) can be \(0,1,2,3\)

Because the possible outcomes are **countable**, \(X\) is a **discrete random variable**.

## Discrete data and countable outcomes
The passage emphasizes that **discrete data** are data you can count. This is important because discrete probability models apply when the variable takes specific separate values rather than continuous intervals.

Examples given include:
- number of heads in coin tosses
- number of times a newborn cries and wakes a mother
- number of times a patient rings a nurse
- number of days a student attends class

## Probability distribution function for a discrete variable
A **discrete probability distribution function** assigns probabilities to each possible value of a discrete random variable. It must satisfy two conditions:

1. Every probability must be between 0 and 1, inclusive:
   \[
   0 \le P(x) \le 1
   \]
2. The probabilities must sum to 1:
   \[
   \sum P(x) = 1
   \]

This is the formal statement that all possible outcomes are accounted for.

## Interpreting sample tables
The text provides several examples where observed frequencies from samples are turned into probability tables.

### Example: newborn crying waking the mother
Here, \(X\) = the number of times per week a baby wakes its mother after midnight, with possible values:
\[
x = 0,1,2,3,4,5
\]
The table lists probabilities such as:
- \(P(0)=2/50\)
- \(P(1)=11/50\)
- \(P(2)=23/50\), etc.

This is a valid discrete PDF because:
- each probability is between 0 and 1
- the total adds to 1

### Example: post-op patients ringing the nurse
Similarly, \(X\) = number of times a patient rings the nurse during a 12-hour shift, with possible values:
\[
x = 0,1,2,3,4,5
\]
Again, the table forms a discrete PDF because it obeys the two defining rules.

## Relative frequency and probability
The coin-toss experiment illustrates how empirical data can be used to build a probability distribution.

If students toss a coin 10 times and record the number of heads:
- the **frequency** column counts how often each value of \(x\) occurs
- the **relative frequency** column gives the proportion for each value

The relative frequencies across all possible values should sum to **1**. This reflects the total probability across the distribution.

If the experiment were repeated many times, like 1,000 tosses, the observed relative frequencies would tend to approximate the true probabilities more closely. This is the practical link between experimental data and theoretical probability distributions.

## How to define a random variable in context
The passage repeatedly shows that when solving word problems, students must first define the random variable clearly.

For example:

### Nancy’s class attendance
Nancy attends classes:
- 3 days/week 80% of the time
- 2 days/week 15%
- 1 day/week 4%
- 0 days/week 1%

Here:
- \(X =\) number of days Nancy attends class per week
- possible values are \(0,1,2,3\)

The PDF table is:

| \(x\) | \(P(x)\) |
|---|---|
| 0 | 0.01 |
| 1 | 0.04 |
| 2 | 0.15 |
| 3 | 0.80 |

The probabilities sum to 1, so this is a valid discrete PDF.

### Jeremiah’s basketball attendance
Jeremiah has practice two days a week:
- attends both 90% of the time
- attends one practice 8% of the time
- attends none 2% of the time

The task is to define the random variable \(X\), which would naturally be:
- \(X =\) number of practices Jeremiah attends in a week

Then \(X\) takes values:
\[
0,1,2
\]

This is a typical discrete modeling step: translate the real-world situation into a count variable with a finite set of outcomes.

## Chapter goals highlighted in the passage
The chapter aims to help students:

- recognize discrete probability distribution functions
- calculate and interpret expected values
- identify and apply the **binomial**
- identify and apply the **Poisson**
- identify and apply the **geometric**
- identify and apply the **hypergeometric**
- classify word problems by distribution type

This tells students that the chapter is not just about defining discrete variables, but also about choosing the correct probability model for different situations.

## Statistical significance of the introduction
From a statistics perspective, this section builds the framework needed for many applied problems:
- counting events
- assigning probabilities to counts
- interpreting distributions in real-world contexts

The examples are intentionally practical, involving classrooms, hospitals, families, sports, and tests. This shows that discrete probability distributions are used whenever the outcome is a **count of occurrences**.

## Key takeaway
The main message is:

> A discrete random variable takes countable values, and its probability distribution lists every possible value with its probability, where each probability is between 0 and 1 and all probabilities sum to 1.

Students should learn to:
1. define the random variable clearly in words,
2. list its possible numerical values,
3. construct or interpret a probability table,
4. verify that it is a valid discrete probability distribution,
5. use the distribution to solve real-world probability questions.

If you want, I can also turn this into:
- a **study guide**
- **flashcards**
- or a **one-page lecture-style outline**.",,,1.0,,azure
Persona_Pattern,us_history_1,"Here is a comprehensive expert-level summary of the text, organized to help students grasp the major themes, civilizations, and historical processes at work:

---

## Overview: The Atlantic World Begins to Form

This text explains how the **Atlantic World** emerged through the interaction of **Europe, Africa, and the Americas** after European exploration intensified in the fifteenth century. Although the world had long been interconnected through trade routes like the **Silk Road**, European demands for Asian luxury goods—especially spices, silk, porcelain, and sugar—helped drive a search for sea routes that would avoid expensive and dangerous overland travel. In the process, Europeans unexpectedly encountered the Americas, populated by millions of Native peoples with diverse and sophisticated cultures. At the same time, West Africa became tied to this new Atlantic system through the expanding slave trade. The chapter emphasizes a crucial historical reality: **European domination of the New World depended heavily on Native American labor, African labor, and African/Native knowledge**, not just European power.

---

## 1. The Americas Before Columbus

### Early migration and settlement
The text presents the widely accepted scholarly view that the first inhabitants of the Americas likely migrated from Asia across **Beringia**, a land bridge connecting northeast Asia and North America during the last Ice Age. As glaciers melted, the bridge disappeared beneath the sea, forming the **Bering Strait**. Humans then spread southward across North and South America, with some evidence suggesting movement also occurred by boat along the Pacific coast.

### Agricultural revolution
Around **10,000 years ago**, people in the Americas, like many other parts of the world, began domestication of plants and animals. Agriculture created more stable food supplies, which allowed populations to grow and settlements to become more permanent. This was especially important in **Mesoamerica**, where large and complex civilizations developed.

---

## 2. Major Mesoamerican Civilizations

### The Olmec: the “mother culture”
The **Olmec** civilization, flourishing roughly from **1200 to 400 BCE** on Mexico’s Gulf Coast, is described as the foundational civilization of later Mesoamerican cultures. The Olmec are known for:

- giant stone **head sculptures**
- temple-pyramids such as the one at **La Venta**
- aqueducts for irrigation and water transport
- agriculture based on **maize, squash, beans, tomatoes**
- trade networks across Mesoamerica

The text stresses that the Olmec influenced later civilizations, especially the Maya and Aztec, through religious symbols such as the **rain god**, **maize god**, and the **feathered serpent**. Their trade also helped form an elite class.

### Teotihuacan
After the Olmec decline, **Teotihuacan** rose in central Mexico and became one of the largest cities in the pre-Columbian Americas, with over **100,000 people** at its height around 500 CE. It featured:

- apartment compounds
- major pyramids, including the **Pyramid of the Sun** and **Pyramid of the Moon**
- religious sacrifice
- long-distance trade

The city may have been **multiethnic**, and its scale shows the urban sophistication of the region.

### The Maya
The **Maya** civilization, lasting roughly from **2000 BCE to 900 CE**, developed in present-day Mexico, Belize, Honduras, and Guatemala. Their accomplishments included:

- a refined **calendar**
- a written system of **glyphs**
- mathematical records for agriculture, trade, and population
- major urban centers such as **Copan, Tikal, and Chichen Itza**
- astronomical observatories

The Maya built large ceremonial and political centers along trade routes. Their decline around **900 CE** is linked to poor soil and a long drought. When the Spanish arrived, the Maya were weakened, making conquest easier. However, Mayan historical records were largely destroyed in 1562 when Bishop **Diego de Landa** burned many **codices**, leaving only a few surviving examples today.

### The Aztec
The **Aztec**, also called the **Mexica**, founded **Tenochtitlán** in **1325** on an island in Lake Texcoco. By the time Hernán Cortés arrived in **1519**, it had grown into the largest city in the Western Hemisphere, with perhaps **200,000 people**. The city impressed the Spanish because it was:

- large and well planned
- clean and organized
- equipped with aqueducts
- divided into occupational neighborhoods
- connected to the mainland by causeways

The Aztec economy depended on tribute from subject peoples and agriculture on **chinampas**, or floating gardens. Their society was ruled by warrior nobles and priests, and their religion featured **daily human sacrifice** to sustain the sun and maintain cosmic order. Sacrifice was not random brutality in Aztec belief—it was central to their understanding of the universe and divine balance.

### Aztec omens and conquest
The text includes stories of omens that seemed to predict the arrival of the Spanish, including strange fires, a fiery object in the sky, and women wailing. These accounts, recorded after the conquest, reveal the importance of signs and prophecy in Indigenous worldviews.

### The Inca
The **Inca Empire** was the most powerful civilization in South America. At its height in the fifteenth and sixteenth centuries, it stretched about **2,500 miles** along the Andes, from modern Colombia to Chile. Its achievements included:

- a vast and well-maintained **road system**
- mountain roads and rope bridges
- efficient communication through relay runners called **chasquis**
- record-keeping through **quipu**, knots and colored strings
- advanced state administration without a written alphabet

The Inca economy relied on terrace farming and state-controlled labor. Peasants gave a third of their crops to the state and another third to the ruler, while the final third supported themselves. Labor service called the **mita** required peasants to work on public projects. In return, the state provided protection, laws, and famine relief.

The Inca worshipped **Inti**, the sun god, and used gold symbolically as the “sweat of the sun.” They practiced human sacrifice less frequently than the Aztec, but in crisis they would sacrifice prisoners or, in extreme cases, children.

**Machu Picchu**, uncovered by historian Hiram Bingham in 1911, is presented as a remarkable ceremonial Inca city built around 1450, notable for its precision stonework and architectural sophistication.

---

## 3. Native Peoples of North America

Compared with the large empires of Mesoamerica and the Andes, many Native societies in North America were more dispersed and less centralized, though some still developed major cultural centers.

### Pueblo peoples
In the Southwest lived the **Pueblo**, including:

- **Mogollon**
- **Hohokam**
- **Anasazi** (also called “ancient ones” or “ancient enemies”)

These peoples built permanent towns and villages made of stone and mud. Their achievements included:

- distinctive pottery and artistic styles
- irrigation canals, especially among the Hohokam
- cliff dwellings and defensive architecture among the Anasazi
- roads linking settlements to **Chaco Canyon**, a major cultural and administrative center

Environmental stress, especially drought, contributed to decline and abandonment of some settlements.

### Hopewell culture
The **Hopewell** peoples of the Ohio River Valley created smaller settlements but built impressive **burial mounds** and earthworks. They maintained far-reaching trade networks stretching from Canada to Louisiana, exchanging:

- shells
- copper
- obsidian

Their material culture suggests social stratification.

### Cahokia
Near present-day St. Louis, **Cahokia** became the largest urban center in North America around **1100 CE**. It included:

- over **10,000 residents**
- a surrounding agricultural population
- about **120 earthen mounds**
- a centralized political and trade network

Cahokia declined after 1300, possibly because the environment could no longer sustain such a large population.

### Eastern Woodland societies
East of the Mississippi, Native peoples lived in smaller, decentralized communities. Key features included:

- clan-based social organization
- women often had significant power, especially in **matriarchal** societies like the Iroquois, Lenape, Muscogee, and Cherokee
- women cultivated crops while men hunted and fished
- decisions were often made by elders or leaders selected and advised by women

The text highlights a major cultural conflict with Europeans: **land ownership**. Native peoples generally did not view land as privately owned property in the European sense. Europeans, by contrast, saw land as wealth to be used and controlled.

---

## 4. Europe on the Brink of Change

### The Middle Ages
After the fall of Rome in **476 CE**, Europe entered a period of political fragmentation and insecurity. People lived in walled settlements for protection from invaders such as Vikings, Mongols, Arabs, and Magyars. Most people traveled little and lived under local lords.

### Feudalism
Feudal society was structured around reciprocal obligation:

- **lords** owned land
- **knights** provided military service
- **serfs** worked the land in exchange for protection

The Catholic Church also owned land and collected **tithes**. Life was harsh, short, and unsanitary. Child mortality was high, medical knowledge was limited, and most people lived in crowded, dirty, one- or two-room homes.

### Agrarian life
Life followed the agricultural calendar. Families worked constantly to plant, harvest, preserve, spin, weave, and store food. Weather and crop failure could mean famine.

### The Church
The **Christian Church** was the central institution in medieval Europe. After the **Great Schism of 1054**, Christianity formally split into:

- the **Roman Catholic Church** in the West
- the **Eastern Orthodox Church** in the East

The Church shaped nearly every aspect of life through the **sacraments**, and priests served as the main literate authority in a largely illiterate society. The pope had immense power, even over kings, because the Church could **excommunicate** people.

### Christianity and Islam
The rise of **Islam** in the seventh century created a long-term challenge to Christian Europe. After Muhammad’s revelations, Islam spread rapidly across the Middle East, North Africa, and into Spain. The **Battle of Tours** in 732 halted further Muslim advance into France, though Muslims remained in Spain for centuries.

### The Crusades and Reconquista
Jerusalem was sacred to Jews, Christians, and Muslims alike. The **Crusades** began in 1095 as European Christians sought to recover the Holy Land from Muslim rulers. They were driven by:

- religious zeal
- hope of land and wealth
- promises of forgiveness of sins

The Crusaders captured Jerusalem in 1099 with extreme violence, but Muslim leaders like **Saladin** later retook it. The Crusades ended in 1291 with the loss of Acre. Their consequences included:

- increased hostility toward Jews
- deepened Christian-Muslim enmity
- expanded trade between Europe and the East

### Trade, Venice, and the search for routes
European exposure to Eastern goods such as silk and spices stimulated demand. The old Silk Road was slow, expensive, and dangerous. This encouraged Europeans to search for **sea routes** to Asia that bypassed Muslim-controlled overland trade.

---

## 5. Iberia and the Age of Exploration

### Portugal
Portugal became a leading force in exploration due to its Atlantic position and the support of **Prince Henry the Navigator**. Portuguese sailors developed:

- lighter ships called **caravels**
- improved navigation
- maps and knowledge gathered from across Europe

They explored down the West African coast, seeking access to trade and ultimately Asian wealth.

### Spain
Spain was unified by the marriage of **Ferdinand of Aragon** and **Isabella of Castile**. Isabella strongly supported religious unity and helped initiate the **Inquisition** in 1480, targeting Jews, Muslims, and suspected heretics. In **1492**, the Spanish completed the Reconquista by conquering Granada and expelled unconverted Jews.

### Motives for exploration: God, glory, gold
The text emphasizes the classic motives for European exploration:

1. **God** – spread Christianity and defeat Islam  
2. **Glory** – fame, adventure, and prestige  
3. **Gold** – wealth from trade and conquest  

Marco Polo’s accounts of Asia, especially the wealth and grandeur of the Mongol court, fueled European imaginations and helped inspire Columbus.

### Columbus
Christopher Columbus, an Italian sailor, successfully persuaded Ferdinand and Isabella to support his westward voyage. He underestimated the earth’s circumference and hoped to reach Asia by sailing west. In **August 1492**, with three caravels, he crossed the Atlantic and reached the Bahamas, landing on **Guanahani**, which he renamed **San Salvador**.

---

## 6. West Africa and the Role of Slavery

### West African societies
West Africa was environmentally diverse, including forests, savannas, and drier northern regions. Economies varied by region:

- forest zones: yams, palm products, plantains
- savannas: rice, millet, sorghum
- pastoral regions: cattle, goats, sheep, camels

Most people lived in villages and were organized through **clans and extended families**. **Polygyny** was common, and wealth was often measured in family size and dependents, including enslaved people. West Africa was linguistically diverse, with hundreds of dialects.

### Islamic influence and empire
Islam spread into West Africa through trade and conquest, bringing political and legal systems as well as religion. Major empires included:

- **Ghana**: wealthy from taxing trade, especially gold and salt
- **Mali**: under **Sundiata Keita**, became a powerful Islamic empire; **Mansa Musa** became famous for his wealth during pilgrimage to Mecca
- **Songhay**: eventually eclipsed Mali, with centers like **Gao** and **Timbuktu**

**Timbuktu** became a major center of learning, commerce, and slavery.

---

## 7. Slavery in Africa and the New World

### Slavery in Africa
The text carefully explains that slavery was **not unique to Europe or the Americas**. Many societies practiced some form of bondage, often based on:

- war captivity
- famine
- debt
- protection arrangements

In Africa, enslaved people were often incorporated into families and communities, and slavery was not usually hereditary in the same permanent way that it later became in the Americas.

### Arab and Muslim slave trade
Long before the Atlantic slave trade, Arabs and Muslims traded enslaved people across North Africa and the Sahara. This trade involved Africans, Europeans, and others. Enslaved men were used as laborers or soldiers; women could be placed in domestic or sexual servitude.

### European slave trade begins
Portuguese expansion down the West African coast in the fifteenth century brought Africans into European markets. By **1444**, Africans were being transported to work on sugar plantations in **Madeira**. As European colonies expanded in the Americas, demand for labor surged, especially for plantations growing:

- sugar
- tobacco
- rice
- cotton

### The rise of race-based slavery
A major historical turning point in this text is the development of **racial slavery** in the New World. Unlike older forms of servitude, New World slavery became:

- permanent
- hereditary
- tied to African ancestry and skin color

Several factors contributed:

- high labor demand on plantations
- decline of Native labor due to disease and abuse
- availability of enslaved Africans through existing trade networks
- Catholic objections to enslaving Christians, which encouraged the use of non-Christian Africans instead

Figures like **Bartolomé de Las Casas** initially suggested African labor as a substitute for Native labor, though he later regretted this position.

### English colonies and labor systems
In English North America, **indentured servants** initially provided labor, especially in the North. But in the South, plantation crops created demand for a more permanent workforce. Over time, slavery in the English colonies also became race-based and hereditary.

---

## Major Historical Significance

This text shows that the early modern world was shaped by **global connections** among Europe, Africa, and the Americas. Key transformations included:

- European exploration driven by trade, religion, and conquest
- the collapse or weakening of many Native societies due to disease, war, and conquest
- the incorporation of the Americas into a global Atlantic economy
- the expansion of slavery into a race-based system in the New World
- the rise of imperial competition among Spain, Portugal, England, France, and the Netherlands

It also emphasizes that the Americas were **not empty or undeveloped lands** before European arrival. They were home to major civilizations with advanced agriculture, urban planning, astronomy, mathematics, religious systems, trade networks, and political organization.

---

## Bottom-line takeaway for students

The core argument of this chapter is that **the Atlantic World was created through contact, conquest, trade, and slavery**. Europeans did not simply “discover” a blank continent; they encountered highly developed Indigenous societies and depended on Native and African peoples to build colonial empires. At the same time, Europe itself was changing—religiously, economically, and politically—making overseas expansion possible. The result was the beginning of a new era of global history, one marked by exchange and innovation but also by violence, displacement, and racialized oppression.

If you'd like, I can also turn this into:
1. a **study guide with key terms**,  
2. a **shorter chapter summary**, or  
3. **APUSH-style review notes**.",,,1.0,,azure
Persona_Pattern,us_history_2,"Here is a comprehensive expert summary of the text, with emphasis on the historical significance and the key details students should understand.

---

## Big Picture: The Birth of the Atlantic World

This chapter explains how the **Atlantic World** emerged after 1492, when Columbus’s voyage initiated sustained contact among **Europeans, Native Americans, and Africans**. This was the beginning of one of the earliest forms of **globalization**, because peoples who had previously been largely isolated from one another were suddenly linked through exploration, conquest, trade, religion, warfare, migration, and slavery.

The creation of the Atlantic World was not peaceful. It brought:
- **European imperial competition**
- **Christian religious conflict**
- **Conquest and colonization in the Americas**
- **The transatlantic slave trade**
- **The Columbian Exchange**, which transformed ecosystems and economies on both sides of the Atlantic

The chapter stresses that European expansion produced enormous wealth and power for some empires, especially Spain at first, but it also caused catastrophic death and displacement for Native peoples, largely because of disease, violence, and forced labor.

---

## 1. Portuguese Exploration and Spanish Conquest

### Portuguese exploration
Portugal was the first major European power to build an Atlantic empire. Under **Prince Henry the Navigator**, Portuguese sailors explored the western coast of Africa in the 1400s and established island colonies such as:
- the **Canary Islands**
- **Madeira**
- the **Azores**
- the **Cape Verde Islands**

These islands and coastal outposts became key bases for trade and navigation. Portugal did not build a huge territorial empire at first; instead, it created a **network of ports and trading posts** stretching across Africa, India, Brazil, China, and Japan. This gave Portugal major control over sea trade routes.

### Portugal and the slave trade
Portuguese contact with West Africa connected them to an already-existing **African slave trade**. They quickly recognized enslaved labor as valuable, especially for producing **sugar** on Atlantic islands. This is crucial: **sugar and slavery developed together**. Portuguese plantations became an early model for the large plantation systems that later spread across the Atlantic World.

### Elmina Castle
A major site in this history was **Elmina Castle** in present-day Ghana, built by the Portuguese in 1482. It was first a gold-trading fortress, but by the 1500s it became a **holding pen for enslaved Africans** before their transport across the Atlantic. Its design shows that the Portuguese feared attack from other Europeans more than from Africans. The fort’s dungeon symbolized the violence of the slave trade, as captives waited there in misery before being shipped away.

---

## Spanish conquest and the rise of empire

Spain became the dominant European Atlantic power in the 1500s. Its rise depended on the union of **Ferdinand of Aragon and Isabella of Castile**, who helped unify Spain and complete the **Reconquista** in 1492 by defeating the Muslim kingdom of Granada. That victory strengthened Spain as a Catholic kingdom and prepared it for overseas expansion.

### Columbus and Spanish motives
**Christopher Columbus**, though Genoese, sailed for Spain in 1492 after years of trying to secure support from European rulers. He believed he could reach Asia by sailing west, but his calculations underestimated the Earth’s size and he did not know the Americas existed. When he landed in the Caribbean, he thought he had reached the East Indies and called the Native peoples **“Indios”**, which is where the term “Indian” for Native peoples originally came from.

Spain’s goals in funding Columbus were:
- to gain **wealth and trade advantages**
- to spread **Catholic Christianity**
- to compete with Portugal

Columbus’s voyages were not just exploratory; they were part of Spain’s imperial strategy.

### Probanzas de méritos and Columbus’s letter
Columbus’s 1493 letter, a **probanza de mérito** or “proof of merit,” was written to win royal favor by describing the New World as rich, fertile, and full of gold. Such documents are important primary sources, but historians must read them critically because they are highly biased and self-serving. Columbus exaggerated the wealth of the islands and portrayed the Native peoples as timid and easily controlled.

His letter helped create European excitement about the New World and encouraged further exploration.

### Spain and Portugal divide the world
Columbus’s discoveries intensified rivalry between Spain and Portugal. To settle disputes, the **Treaty of Tordesillas (1494)** divided newly discovered lands between the two powers:
- Spain got lands **west** of the line
- Portugal got lands **east** of the line, including Brazil

This treaty shows how European powers claimed the right to divide lands they had never inhabited, ignoring Native sovereignty entirely.

---

## Spanish conquest of the Americas

### Hernán Cortés and the Aztec Empire
Spanish conquest did not occur simply because Europeans were militarily superior. It was far more complex.

**Hernán Cortés** arrived in Mexico in 1519 and entered **Tenochtitlán**, capital of the Aztec (Mexica) Empire. He was awed by the city’s scale, architecture, and sophistication, but horrified by **human sacrifice**. He especially wanted the region’s **gold**.

Cortés:
- took **Moctezuma** hostage
- provoked violence during a religious festival
- was forced to flee after a violent uprising
- later rebuilt his position through alliances with Native enemies of the Aztecs

A key point for students: the Spanish won not by force alone, but by exploiting **existing Native rivalries**. The **Tlaxcalans** and other groups who resented Aztec rule allied with the Spanish, providing enormous military support. The siege of Tenochtitlán involved tens of thousands of Native allies.

### Disease
**Smallpox** was another decisive factor. It devastated the Aztec population and played a much larger role in the city’s fall than Spanish weapons alone. This is a major historical lesson: **epidemic disease was one of the most powerful forces in the conquest of the Americas**.

### Malintzin / La Malinche
**Malintzin** (La Malinche / Doña Marina) was a Nahua woman given to Cortés. She became his translator and intermediary, making communication with Native leaders possible. She is controversial:
- some view her as a traitor
- others as a victim of conquest

Either way, she shows that Native people were not just passive victims; they actively shaped conquest in important ways. Her role also helps explain the emergence of **mestizo** identity, or mixed Indigenous-European ancestry.

### Pizarro and the Inca Empire
**Francisco Pizarro** conquered the Inca Empire in South America. Like Cortés, he sought wealth and titles. He captured **Atahualpa** in 1532 and later had him executed. Pizarro founded **Lima** in 1533. His story also shows the internal competition among Spaniards themselves, since rival conquistadors often fought one another.

### Further exploration
Other Spanish expeditions extended the imperial frontier:
- **Hernando de Soto** explored the southeastern present-day United States in search of gold, bringing disease and destruction
- **Francisco Vásquez de Coronado** explored the Southwest in pursuit of the mythical riches of Quivira, but found no golden city

These expeditions reveal a repeated pattern: rumors of wealth drove expansion, but the result was usually violence, disease, and disappointment.

---

## Spanish Golden Age

The wealth from the Americas fueled Spain’s **Siglo de Oro** or “Golden Age,” during which Spanish art, literature, and culture flourished. Silver and gold from the colonies helped support:
- painters
- sculptors
- architects
- writers

Important cultural figures included:
- **Miguel de Cervantes**, author of *Don Quixote*
- **El Greco**, a Greek-born painter active in Spain
- **Diego Velázquez**, whose *Las Meninas* is one of the most famous paintings in Western art

This reminds students that the Atlantic World shaped not only conquest and trade but also European culture itself.

---

## 2. Religious Upheavals in the Atlantic World

### Protestant Reformation
The **Protestant Reformation**, beginning with **Martin Luther** in 1517, shattered Catholic unity in Europe. Luther objected to:
- indulgences
- church taxation
- the use of Latin in worship

He wanted the Bible in everyday language and called for reform, but instead his challenge produced a religious split. His ideas spread as **Lutheranism**.

### John Calvin
**John Calvin** further developed Protestant thought. His theology emphasized:
- the authority of scripture
- human sinfulness
- **predestination**: the belief that God had already chosen the saved and the damned

Calvin’s movement spread through Geneva, the Netherlands, and Scotland.

### England and the Church of England
England’s break with Rome occurred under **Henry VIII**, who wanted an annulment when Catherine of Aragon failed to produce a male heir. When the Pope refused, Henry created the **Church of England** with himself as head.

English religion then remained unstable:
- **Mary I** restored Catholicism and persecuted Protestants
- **Elizabeth I** reestablished Protestantism, though in a moderate form

Later, **Puritans** sought further reform. Some eventually left for North America to create religious communities in New England.

### Religious war
The Reformation led to major religious conflict across Europe and the Atlantic. Spain, as Europe’s leading Catholic power, fought to suppress Protestantism. Its clash with Protestant England culminated in the defeat of the **Spanish Armada in 1588**. This defeat weakened Spain’s naval dominance and helped open the Atlantic to other European powers.

The chapter also notes events like the **St. Bartholomew’s Day Massacre** in France, showing how violent religious conflict became in the sixteenth century.

---

## 3. Challenges to Spain’s Supremacy

Although Spain remained powerful, England, France, and the Dutch increasingly challenged its dominance.

### England
England entered colonization later than Spain because of religious instability and limited resources, but it still made important moves:
- **John Cabot** explored North America for England in 1497
- English fishermen crossed the Atlantic regularly
- English **privateers** such as **Francis Drake** attacked Spanish shipping
- the colony at **Roanoke** failed mysteriously
- the **Virginia Company** founded **Jamestown** in 1607, the first permanent English colony

### Jamestown
Jamestown nearly collapsed. George Percy’s account shows the settlers suffered from:
- disease
- famine
- poor water
- weak leadership
- conflict with Native peoples

The colony survived only partly because “the savages’ hearts” were frightened, as Percy puts it, and because of some Native restraint or reluctance to destroy the colony immediately. Over time, Jamestown became a commercial colony based on tobacco and later slavery.

### English Caribbean and New England
England also expanded into the Caribbean:
- **Bermuda**
- **St. Christopher**
- **Barbados**
- **Nevis**
- **Montserrat**
- **Antigua**

These colonies were economically driven, especially by **tobacco and sugar**, and increasingly depended on enslaved labor.

At the same time, **Puritans** established colonies in New England:
- the **Pilgrims** founded Plymouth in 1620
- the **Massachusetts Bay Colony** was founded in 1630

These were religious settlements meant to create a purified Protestant society.

### France
France, another Catholic power, also entered the competition:
- **Jacques Cartier** explored the St. Lawrence region and claimed New France
- **Samuel de Champlain** founded **Quebec** in 1608

The French developed especially cooperative relations with Native peoples, forming alliances with the **Huron** and **Algonquins** against the **Iroquois**. French colonization was more commercially oriented than settlement-oriented, especially in the fur trade. Later, the French also colonized Caribbean islands like **Guadeloupe** and **Martinique**, using enslaved African labor for sugar production.

### The Dutch
The Dutch Republic emerged from rebellion against Spain and became a major commercial empire. Its power rested on trade and corporations:
- **Dutch East India Company**
- **Dutch West India Company**

The Dutch sent **Henry Hudson** to explore what became New York Harbor and the Hudson River. They established **New Netherland**, with:
- **New Amsterdam** on Manhattan
- **Fort Orange** near present-day Albany

They traded fur extensively with Native peoples. The Dutch also colonized Caribbean islands and became a major Atlantic commercial power.

---

## 4. Labor, Commerce, and the Columbian Exchange

A central theme of the chapter is that European colonization depended on solving a labor problem. There simply were not enough Europeans in the Americas to do the work needed to make colonies profitable. This led to systems of **forced labor and slavery**.

### Encomienda system
Spain used the **encomienda**, which granted conquistadors the legal right to Native labor. In theory, Spaniards would protect and Christianize Native peoples in return. In practice, it became a system of brutal exploitation. Native peoples were treated as laborers and beasts of burden.

### Bartolomé de Las Casas
The Dominican friar **Bartolomé de Las Casas** became a major critic of Spanish cruelty. He initially benefited from the system himself but later condemned it and supported reforms. His writings describe Spaniards as murderous oppressors and helped inspire the **Black Legend**—the idea that Spain was uniquely cruel and bloodthirsty.

Important historical insight: the Black Legend was used by Spain’s rivals, especially the English, to justify their own colonization. While Spanish abuses were real, other European powers also exploited Native peoples.

### African slavery
By the mid-1500s, Africans became an increasingly important labor force in the Americas. Europeans justified slavery by claiming Africans were non-Christians. Africans were forced to work in:
- sugar plantations
- tobacco fields
- mills and processing centers

The sugar industry was especially brutal and labor-intensive. This system became one of the foundations of the Atlantic economy.

---

## Mercantilism and commodification

### Mercantilism
European nations embraced **mercantilism**, the belief that wealth was finite and measured mainly in gold and silver. According to this theory:
- colonies existed to enrich the mother country
- trade should be controlled by the state
- colonies should provide raw materials and buy finished goods from the home country

Spain used mercantilism to extract silver and gold from the Americas, especially from places like **Potosí**, one of the richest silver regions in the world.

### Commodification
European colonization also turned many Native resources and practices into **commodities**—goods with market value. Examples include:
- silver
- tobacco
- sugar
- chicha
- fur
- cacao

This process transformed Indigenous economies and tied the Americas to European commercial capitalism.

---

## The Columbian Exchange

The **Columbian Exchange** refers to the transfer of plants, animals, microbes, and people between the Old World and the New World. It transformed both environments and societies.

### Major crops and products
- **Sugar** became the most important Atlantic commodity
- **Tobacco** became a global cash crop
- **Chocolate** spread from Mesoamerica to Europe
- European markets began to value Indigenous goods in new ways

### Animals
Europeans brought:
- pigs
- horses
- cows
- chickens

These animals reshaped American environments and economies.

### Disease
The deadliest part of the exchange was disease. Europeans brought:
- smallpox
- measles
- chickenpox
- mumps

Native populations had no immunity, so these diseases caused catastrophic death. In some regions, entire communities were wiped out.

### Native responses to disease
The chapter also notes Native strategies for coping with depopulation. Among some peoples, especially the **Iroquois**, mourning wars and adoption rituals were used to replace the dead. This shows Native adaptation, not just victimization.

---

## Overall Historical Significance

This chapter shows that the Atlantic World was created through:
- European exploration
- imperial rivalry
- religious conflict
- conquest
- forced migration
- plantation slavery
- ecological transformation

Spain led the first phase through conquest and extraction, but England, France, and the Dutch soon challenged Spanish supremacy. Native peoples were not passive; they fought, allied, translated, traded, and adapted. Africans were forcibly drawn into the system through slavery. The result was a new, interconnected world shaped by both opportunity and immense human suffering.

If you want, I can also turn this into:
1. a **study guide with key terms**,  
2. a **timeline**, or  
3. **APUSH-style review questions with answers**.",,,1.0,,azure
Persona_Pattern,us_history_3,"This text explains how, during the eighteenth century, the British Empire and Britain’s North American colonies became more tightly connected economically, politically, culturally, and militarily—while also becoming increasingly shaped by slavery, native resistance, religious revival, and imperial war. For students, the central takeaway is that the colonies did not develop in isolation: they were deeply embedded in the Atlantic world and in Britain’s imperial system.

## Big-picture context: an expanding British Empire
After the union of England and Scotland in 1707, Great Britain emerged as a major commercial and military power. Its influence stretched across:
- **India**, through the British East India Company,
- **West Africa**, where British slave traders dominated,
- **the West Indies**, especially sugar-producing islands like Barbados and Jamaica,
- and **North America**, where British settlement expanded dramatically.

In North America, the population exploded from about **250,000 in the early 1700s to over one million by 1750**. This growth came from both **British migrants and enslaved Africans**, creating a near-continuous Atlantic settlement from Maine to Georgia. Colonists increasingly saw themselves as part of a larger British world—politically, religiously, racially, and intellectually.

---

## 1. Charles II and the Restoration colonies
After the turmoil of the English Civil War and the execution of Charles I, the monarchy was restored in **1660**, when **Charles II** returned to the throne. The return of the king is called the **Restoration**.

### Causes of the Restoration
- Charles I had alienated Parliament by trying to rule without it.
- Religious conflict was intense, especially between Catholics, Anglicans, and Puritans.
- Oliver Cromwell’s Commonwealth increasingly seemed authoritarian.
- After Cromwell’s death, many English people wanted the stability of monarchy back.

### Charles II’s imperial goals
Charles II strengthened England’s empire by creating or supporting the **Restoration colonies**:
- **New York**
- **New Jersey**
- **Pennsylvania**
- **the Carolinas**

These were all initially **proprietary colonies**, meaning the king granted land to trusted individuals or groups.

### The Carolinas
The Carolinas were meant to secure English control between Virginia and Spanish Florida. Important features:
- Settled in part by **Barbadians**, bringing plantation society and slave labor models with them.
- **Charleston** (originally Charles Town) became a major port and slave-trading center.
- The colony specialized regionally:
  - **South Carolina**: rice and indigo, built on enslaved labor
  - **North Carolina**: tar, pitch, turpentine, tobacco, and deerskins

#### Slavery in the Carolinas
Slavery expanded quickly:
- South Carolina developed a **Black majority** by 1715.
- Laws modeled on **Barbados slave codes** turned Africans into property.
- This was one of the clearest examples of plantation slavery shaping colonial society from the start.

#### Native resistance: the Yamasee War
English expansion, debt trade, land seizure, and the capture of Native women triggered the **Yamasee War (1715–1718)**. This was a major Native coalition effort to drive out settlers. It nearly destroyed the Carolina colonies, showing:
- Native peoples were active historical actors,
- colonial expansion was not uncontested,
- Native alliances and divisions shaped outcomes.

### New York and New Jersey
England seized **New Netherland** from the Dutch during Anglo-Dutch rivalry.
Key points:
- New Amsterdam became **New York**.
- Initially, colonists lacked representative government.
- By 1683, New York gained a local assembly and a **Charter of Liberties and Privileges**, affirming English rights such as trial by jury and representative government.
- Large estates and powerful families dominated the Hudson Valley.

#### Diversity in New York
New York City was highly diverse:
- Dutch and English settlers
- Huguenots
- Jews
- Puritans
- Quakers
- Anglicans
- enslaved Africans

#### Native diplomacy: the Iroquois
The **Five Nations of the Iroquois** pursued a policy of neutrality with both the English and French, allowing them to retain autonomy while benefiting from trade. This was a key example of Native strategic adaptation.

### Pennsylvania
Pennsylvania was granted to **William Penn** in 1681 to settle a debt owed to his family.

#### Quaker beliefs
Penn was a **Quaker**, or Society of Friends. Quaker ideas included:
- the **inner light** in every person,
- rejection of social hierarchy,
- equality in speech and conduct,
- opposition to persecution.

#### Pennsylvania’s significance
Pennsylvania became notable for:
- **religious tolerance**,
- no official established church,
- attraction for immigrants, especially **Quakers, Germans, Scots-Irish**, and others,
- heavy reliance on **indentured servitude**,
- and eventually a major urban center in **Philadelphia**.

#### Relations with Native peoples
Penn tried to build peace with Native groups:
- Bought land from the **Lenni Lenape (Delaware)**
- Signed a treaty with the **Susquehannocks**
This was unusual compared to the more violent patterns elsewhere.

#### Slavery and urban life
Even in Pennsylvania, slavery existed and tied the colony to Atlantic commerce. Philadelphia was active in the slave trade and also became a center for print culture and commerce.

---

## 2. The Navigation Acts and mercantilism
England tried to control colonial trade using the **Navigation Acts**, which were mercantilist laws designed to keep wealth flowing to Britain.

### Main features of the Navigation Acts
- Goods between England and colonies had to be carried on **English ships**
- Certain “enumerated articles” like **sugar, tobacco, indigo, rice, molasses, and naval stores** could only go to England or English colonies
- Colonists were barred from importing many goods not made in England
- Customs enforcement increased through the **Board of Trade**, **vice-admiralty courts**, and **writs of assistance**

### Salutary neglect
For much of the eighteenth century, enforcement was lax, especially under **Robert Walpole**. This period is known as **salutary neglect**. Colonists often smuggled goods and built their own thriving maritime trade, especially in New England.

---

## 3. The Glorious Revolution and English liberty
Under **James II**, fear grew that England was moving toward Catholic absolutism.

### Why James II alarmed Protestants
- He was Catholic
- He modeled his rule on **Louis XIV of France**
- He supported a stronger monarchy and standing army
- He threatened traditional English liberties

### The Dominion of New England
James II created the **Dominion of New England**, a huge centralized colony under **Sir Edmund Andros**.
Effects:
- Local self-government was weakened
- Land titles were questioned
- Navigation Acts were more strictly enforced
- New Englanders were deeply angered

### The Glorious Revolution
In **1688–1689**, Protestant opponents overthrew James II. William of Orange and Mary took the throne. In the colonies:
- Bostonians arrested Andros
- Jacob Leisler led a revolt in New York but was later executed for overstepping authority

### Consequences
The Revolution strengthened the idea of **English liberty**:
- The **1689 Bill of Rights** limited monarchic power
- Parliament’s authority was protected
- Subjects gained protections like **trial by jury** and **habeas corpus**
- **John Locke’s** ideas supported government by consent and the protection of “life, liberty, and property”

### Religious consequences
The **Toleration Act of 1689** allowed greater freedom for many Protestant dissenters, though not Catholics. In the colonies, places like Pennsylvania, Rhode Island, Delaware, and New Jersey resisted established churches, increasing religious diversity.

---

## 4. An empire of slavery and the consumer revolution
Slavery was central to the British Empire in the eighteenth century, both economically and culturally.

### Slavery as an imperial system
Enslaved people were present in all colonies:
- rice plantations in South Carolina
- docks and households in Boston
- farms and cities throughout the colonies

Slavery helped white colonists define themselves:
- It reinforced ideas of **white liberty**
- It created a racial hierarchy
- It linked whiteness with freedom and blackness with unfreedom

### The Royal African Company and the slave trade
Charles II created the **Royal African Company** in 1660, which monopolized the English slave trade for a time. After 1689, monopoly restrictions weakened and more merchants entered the trade, vastly expanding the number of Africans transported.

The **Middle Passage** was brutal:
- Massive suffering, disease, and death
- Captives often sold first in the West Indies before reaching mainland colonies

### Resistance by enslaved people
Enslaved Africans resisted in many ways:
- preserving family and community
- maintaining African customs
- running away
- forming **maroon communities**
- organizing rebellions

### The Stono Rebellion, 1739
In South Carolina, a literate African named **Jemmy** led an armed uprising. The rebellion was crushed, but it terrified slaveholders and led to the **Negro Act of 1740**, which tightened controls:
- no assembling
- no learning to write
- limits on movement
- restrictions on independent food production

### The New York Conspiracy Trials, 1741
After suspicious fires in New York City, white residents imagined a huge slave conspiracy. Authorities:
- interrogated nearly 200 enslaved people
- arrested around 200 people total
- executed 17, including 13 Black men burned at the stake
- sold 70 people into West Indian slavery

The evidence for an actual conspiracy was weak, showing how **racial fear** and panic could produce brutal repression.

---

## 5. The colonial gentry and the consumer revolution
The growth of slavery and indentured servitude helped create a wealthy colonial elite known as the **gentry**.

### Who were the gentry?
They were wealthy planters and merchants who modeled themselves on English aristocrats. They emphasized:
- refinement
- manners
- education
- material display

**William Byrd II** of Virginia exemplifies this class: he was wealthy, educated, and owned plantations and enslaved people.

### What Byrd’s diary reveals
His diary shows:
- a life structured by reading, prayer, and leisure
- concern with status and cultivated behavior
- casual cruelty toward enslaved laborers
- the deep contrast between the self-image of the “gentleman” and the reality of slavery

### Consumer revolution
In the eighteenth century, more British manufactured goods reached America, producing a **consumer revolution**:
- colonists bought tea, fashionable goods, furniture, and clothing
- ordinary settlers participated too, not just the elite
- British goods linked colonists materially to the empire

Printed materials also spread rapidly:
- newspapers
- pamphlets
- magazines
- novels

This created a shared imperial culture.

### Key print works
- **Cato’s Letters**: praised liberty but warned it was always under threat
- **The Spectator**: promoted refined manners and taste
- Novels like **Robinson Crusoe** and **Pamela** became popular, widening reading culture

---

## 6. The Great Awakening and the Enlightenment
These were two major intellectual and religious movements that swept the Atlantic world.

### The First Great Awakening
This was a Protestant revival emphasizing:
- emotion over formal religion
- personal conversion
- salvation through faith, not just inherited church authority

#### Effects
- Split communities into **New Lights** and **Old Lights**
- Empowered women, youth, and poorer people
- Challenged established clergy

#### Major figures
- **Theodorus Frelinghuysen**
- **Gilbert Tennent**
- **Jonathan Edwards**, whose sermon “Sinners in the Hands of an Angry God” used terrifying imagery to provoke repentance
- **George Whitefield**, an itinerant preacher whose dramatic sermons drew huge crowds

#### Results
- Growth of new denominations such as **Baptists, Methodists, and Presbyterians**
- Decline of older establishment churches’ influence
- Creation of a shared revival culture across the British Empire

### The Enlightenment
The Enlightenment was an intellectual movement emphasizing:
- **reason**
- **science**
- skepticism toward superstition
- **tolerance**
- progress

Key ideas included:
- **rationalism**: reason as a source of knowledge
- **empiricism**: knowledge through observation
- **progressivism**: belief in human improvement over time
- **cosmopolitanism**: being a citizen of the world

### Benjamin Franklin as an Enlightenment figure
Franklin embodied Enlightenment values:
- self-education
- printing and journalism
- practical advice in **Poor Richard’s Almanack**
- civic improvement through libraries, hospitals, and learned societies
- scientific experimentation, especially with electricity
- advocacy of lightning rods

His life became an early version of the **American Dream**: the idea that talent and effort could produce upward mobility.

### Deism
Franklin’s religious outlook was **deist**:
- God created the world but did not interfere constantly
- morality mattered more than rigid doctrine

### Georgia and Enlightenment ideals
**James Oglethorpe** founded Georgia in 1732 as a reform colony:
- a place for the “worthy poor”
- a buffer against Spanish Florida
- intended to prohibit slavery and alcohol
- organized around small farms and egalitarian ideals

But the colony’s original vision eroded, and by the 1750s Georgia was also producing rice with enslaved labor.

---

## 7. Wars for empire
The final major theme is the long series of imperial wars between Britain, France, and Spain. These conflicts linked North America to European and global struggles.

### General pattern
- Wars were often seasonal and brutal
- British soldiers came largely from the lower classes
- Native peoples formed alliances with European powers depending on their interests

### Major wars
1. **King William’s War** (1688–1697)
   - Fought alongside the War of the League of Augsburg
   - No decisive winner

2. **Queen Anne’s War** (1702–1713)
   - Also called the War of Spanish Succession
   - Included the famous **Deerfield raid** in 1704
   - One prisoner, **Eunice Williams**, was assimilated into Mohawk life and stayed with them as an adult

3. **War of Jenkins’ Ear** (1739–1742)
   - Conflict with Spain
   - Related to trade and territorial claims around Georgia and Florida
   - Hurt Atlantic commerce

4. **King George’s War** (1744–1748)
   - Also part of the War of Austrian Succession
   - Included the British capture of **Louisbourg**
   - Ultimately inconclusive

### The French and Indian War
This was the decisive imperial conflict in North America.

#### Causes
- Rival British and French claims to the **Ohio Valley**
- Virginians and the **Ohio Company** wanted western land for expansion
- The French built **Fort Duquesne**

#### Early events
- A young **George Washington** helped trigger hostilities in 1754
- British suffered major setbacks:
  - defeat at **Fort Necessity**
  - disaster under **General Braddock**
  - losses at Fort Oswego and Fort William Henry

#### Turning point
Under **William Pitt**, Britain committed more resources and won Native allies through negotiation.
- The **Treaty of Easton** brought some Native groups to the British side
- Britain captured **Quebec** in 1759 and **Montreal** in 1760

#### Treaty of Paris, 1763
This ended the war and:
- destroyed New France
- gave Britain mastery over North America
- expanded Britain’s global empire further into the West Indies, India, and Africa

### Significance
The war:
- strengthened colonial identity as British subjects
- increased pride in imperial victory
- but also left Britain in massive debt

That debt would soon drive new imperial reforms and taxation policies, setting the stage for conflict between Britain and its American colonies.

---

## Overall significance
This chapter shows that eighteenth-century British America was shaped by several interconnected forces:
- **imperial expansion**
- **slave labor**
- **consumer culture**
- **religious revival**
- **Enlightenment thought**
- **war and native diplomacy**

For students, the most important insight is that the colonies were not isolated settlements. They were part of a dynamic Atlantic empire whose growth depended on trade, slavery, war, and ideas—and whose tensions in the 1760s would help lead toward revolution.",,,0.75,,azure
Persona_Pattern,us_history_4,"Here is a comprehensive, student-friendly summary of the text, with emphasis on the major historical developments and why they mattered.

---

## Overview: The Market and Industrial Revolutions in the Early United States

By the **1830s and 1840s**, the United States had undergone a major transformation, especially in the **Northeast**. The country was no longer mostly a loose agrarian society tied to local exchange and Atlantic trade. Instead, it was becoming an **industrial and market economy**. Farmers increasingly produced for wider regional and national markets, artisans were replaced or absorbed by factories, and more Americans worked for wages rather than as independent producers.

This economic change had profound social consequences. It created **new wealth**, but also **greater inequality**, new **class divisions**, and new kinds of urban poverty. The image of **Five Points** in New York City symbolizes these contradictions: while some Americans benefited from industrial growth, others—recent immigrants, formerly enslaved people, and low-wage laborers—lived in overcrowded, unhealthy, and dangerous conditions.

---

## 1. Early Industrialization in the Northeast

### From artisan production to factory labor
In colonial America, most goods were made by **artisans**—skilled workers who produced items by hand, often through a long apprenticeship system. A shoemaker, for example, would usually make custom shoes for individual customers.

That older world began to change as merchants sought **higher profits** and lower labor costs. They increasingly relied on the **putting-out system**, in which merchants gave raw materials or standardized tasks to farm families who worked at home for wages. This system allowed merchants to avoid paying skilled artisans and reduced production costs.

### Why the putting-out system mattered
The putting-out system was important because it represented a transition:
- from **independent craft production** to **merchant-directed production**
- from **skilled labor** to **unskilled or semi-skilled labor**
- from **household-based work** to more centralized forms of manufacturing

Farm families often welcomed this work because it provided extra income, especially as competition from the Midwest hurt New England farming.

### Birth of the textile industry
The real breakthrough came with the spread of **water-powered textile mills**. A key figure was **Samuel Slater**, a British mechanic who brought knowledge of British mill technology to Rhode Island. He helped establish the first successful American water-powered cotton mill in **Pawtucket, Rhode Island**.

Later, **Francis Cabot Lowell** and the **Boston Associates** built on this model. They created larger, more efficient mills in **Waltham** and then in the famous company town of **Lowell, Massachusetts**. In contrast to smaller Rhode Island mills, these factories:
- centralized all stages of production under one roof
- used machines to replace human skill
- relied on specialized repetitive labor
- employed large numbers of workers, especially **young women from New England farm families**

### The Rhode Island system vs. the Lowell system
There were two major labor arrangements in early mills:

#### Rhode Island system
- Entire families were hired
- The father usually controlled the family’s labor
- Workers were paid indirectly through credit, housing, or store goods

#### Lowell system
- Workers were hired as **individuals**, not as families
- Most were young women
- They lived in **boarding houses** owned by the company
- Their behavior was closely regulated to preserve “respectability”

The Lowell mill owners wanted to reassure parents that factory work would not damage their daughters’ morality. As a result, workers lived under strict rules: early rising, twelve-hour days, bans on talking during work, no alcohol, no swearing, required church attendance, and close supervision by overseers.

### Deskilling and industrial discipline
A major effect of factory production was **deskilling**—the breaking down of work into simple, repetitive tasks that required little training. Machines increasingly determined the pace of production, and workers lost control over when and how they worked.

This created a new kind of labor discipline:
- fixed work hours
- fines for lateness
- repetitive tasks
- long shifts, often 10–12 hours a day, 6 days a week
- unsafe and unhealthy conditions

### Conditions in the mills
Factory work was physically demanding and often dangerous:
- mills could be unbearably hot in summer or cold in winter
- oil lamps caused smoke and eye strain
- cotton dust harmed workers’ health
- fires were common
- hands and limbs could be mutilated by machinery
- some workers, including children, suffered corporal punishment

As time went on, conditions often worsened. Employers increased machine speed, assigned more machines to each worker, cut wages, and shifted more labor into **piecework**, where pay depended on output rather than time worked.

### Consumerism and the rise in production
Industrialization did not only affect work; it also changed consumption. Manufactured goods became cheaper and more available. Ordinary households could now afford:
- oil lamps
- stoves
- carpets
- wallpaper
- upholstered furniture
- clocks

This helped create a broader **consumer culture**, in which material goods became more accessible to more people.

### Labor resistance and the beginnings of labor organization
Workers did not passively accept these changes. Some of the earliest labor protests included:
- strikes by women in Waltham in 1821
- strikes in Pawtucket in 1824
- worker walkouts in Lowell and other mill towns
- the formation of the **Lowell Factory Girls Association**
- later, the **Lowell Female Labor Reform Association**, which protested the twelve-hour day

These efforts rarely won major concessions, but they marked the beginning of the **labor movement** in the United States.

### The Working Men’s Party
Some workers went beyond workplace protest and entered politics. The **Working Men’s Party**, associated with **Thomas Skidmore**, demanded radical equality. Skidmore argued for:
- abolition of inherited property
- redistribution of wealth
- end of debt imprisonment
- political rights for all adults, including women and African Americans

This shows that industrialization pushed some Americans to rethink democracy and equality in very radical ways.

---

## 2. A Vibrant Capitalist Republic

By the 1840s, the United States had become a **market economy**, meaning prices and production were increasingly determined by supply, demand, credit, speculation, and private enterprise rather than by government control.

### What made the market economy dynamic—and unstable
The market economy expanded opportunity, but it also created **boom-and-bust cycles**. Because it relied heavily on credit and speculation, it was vulnerable to collapse when confidence failed.

### Land sales and western expansion
A huge part of the economy involved the sale of **western land**. Americans poured into the Northwest Territory and beyond, hoping to:
- settle new lands
- farm them
- profit by speculation
- build towns and businesses

The federal government played an important role in organizing this process through **land offices** and public sales. Land was surveyed into rectangular parcels, creating the famous checkerboard grid of the American West.

### The ideology of westward expansion
A powerful national myth emerged around western settlement:
- the lone pioneer
- the axe-wielding settler
- the log cabin
- the transformation of wilderness into productive farmland

This vision celebrated individual progress and national expansion, though it often ignored the displacement of Native peoples.

### Cincinnati and western growth
The letter from Gershom Flagg describing Cincinnati highlights how quickly western towns developed into commercial centers with:
- stores
- banks
- factories
- mills
- printing offices
- steamboat and river commerce

This reveals that the West was not just farmland; it was becoming part of the same growing market and industrial world as the East.

---

## The Panic of 1819

The **Panic of 1819** was the first major economic depression in U.S. history. It was caused by a combination of:
- land speculation
- overextended banking
- too much paper money
- falling agricultural prices
- reduced demand after the Napoleonic Wars
- British dumping of cheap manufactured goods in American markets

### What happened
When prices collapsed:
- farmers could not repay loans
- banks seized property
- speculators lost money
- factories cut wages or laid off workers
- unemployment rose sharply

The crisis was especially severe because the banking system had issued too much paper money without enough **specie** (gold and silver) to back it.

The **Second Bank of the United States**, intended to stabilize the economy, actually worsened the situation by calling in loans and demanding hard money payments from state banks.

### Consequences
The Panic of 1819 affected:
- farmers
- laborers
- banks
- businesses
- even elite individuals, such as Thomas Jefferson, who nearly lost Monticello

To recover, Congress lowered land prices and allowed smaller parcel sales. States also passed relief measures for debtors. The economy eventually recovered, but the panic revealed how volatile the new capitalist system could be.

---

## Entrepreneurs and Inventors

The early republic became a center of invention and technological creativity.

### Eli Whitney
Whitney is famous for the **cotton gin**, which removed seeds from cotton far more efficiently than hand labor. Although Whitney thought it might make slavery obsolete, it actually made cotton production more profitable and helped expand slavery in the South.

Whitney also helped advance **machine tools**, which enabled standardized, interchangeable parts—especially important for guns and clocks.

### Robert Fulton
Fulton’s **steamboat**, the *Clermont*, revolutionized transportation by making river travel faster, cheaper, and more reliable. Steamboats expanded commerce on the Hudson, Mississippi, and other rivers and helped integrate the western interior into the national economy.

### Cyrus McCormick and John Deere
These inventors transformed agriculture:
- McCormick’s **mechanical reaper** sped up wheat harvesting
- Deere’s plow could cut through tough prairie soil

Together, these inventions opened the Midwest to large-scale agriculture and made the region crucial for feeding eastern cities.

### Samuel Morse
Morse’s **telegraph** transformed communication. By allowing messages to travel quickly over long distances, it changed business, politics, and news dissemination. It was a key step in making the nation more connected.

---

## 3. The Transportation Revolution

The transportation revolution refers to the dramatic expansion of:
- **roads**
- **canals**
- **railroads**
- **steamboats**

These systems helped bind the country together economically and geographically.

### Roads
Projects like the **Cumberland Road** made travel westward easier. States also built turnpikes, which were toll roads. Roads were essential for migration, trade, and settlement.

### Canals
Canals were especially important before railroads became dominant. They drastically reduced shipping costs and travel time.

#### The Erie Canal
The most famous was the **Erie Canal**, which linked:
- the Hudson River
- New York City
- the Great Lakes
- the interior of the continent

It was a huge commercial success and made New York City the leading commercial hub in the nation.

#### Why canals mattered
Canals:
- lowered transportation costs
- increased trade
- encouraged western settlement
- symbolized progress and civilization
- tied distant regions into a single market economy

### Railroads
By the 1830s and 1840s, railroads began to surpass canals. Steam locomotives were faster and increasingly widespread. Railroads:
- shortened travel times dramatically
- made long-distance commerce more efficient
- stimulated coal, iron, and steel industries
- helped connect rural areas to cities

### Effects on daily life
Transportation improvements changed ordinary life:
- goods could move more cheaply
- people could travel farther and faster
- rural areas became less isolated
- itinerant entertainers, peddlers, and workers could travel more easily
- migration to cities and factory towns became more feasible

By the eve of the Civil War, the United States had a substantial transportation infrastructure that made the market economy possible.

---

## 4. A New Social Order: Class Divisions

Industrialization and market growth created distinct **social classes**, especially in the North.

## The economic elite
This group included merchants, bankers, industrialists, and financiers. Many had inherited wealth from colonial trade or built fortunes in banking, shipping, insurance, or manufacturing.

They:
- formed exclusive social networks
- married within elite circles
- lived in segregated neighborhoods
- created chambers of commerce and clubs
- used business connections to protect their interests

Many tied their fortunes to the **cotton economy**, which meant they often supported slavery.

### The rise of self-made manufacturers
Not all elites inherited wealth. Some, like **Peter Cooper**, came from humble backgrounds and built wealth through entrepreneurship and innovation.

Cooper represented a new ideal:
- hard work
- self-discipline
- merit over pedigree
- education as a path to advancement

His founding of **Cooper Union** reflected the belief that talent and effort should matter more than family background. This was a distinctly American celebration of merit.

## The middle class
The middle class included small merchants, skilled artisans, and some factory owners. Their position was insecure enough that they feared falling into the working class, so they emphasized:
- respectability
- discipline
- cleanliness
- morality
- education
- temperance
- careful childrearing

### Middle-class family ideals
Middle-class children were expected to:
- stay out of factories
- attend school
- engage in self-improvement

Women in the middle class were expected to:
- manage the home
- cultivate manners and morality
- support the family’s public respectability
- consume goods that signaled status

This reflected a new ideal of **separate spheres**, in which men worked in the market and women maintained the home.

### Middle-class views on slavery
The middle class often saw slavery as morally and socially degrading because it seemed to promote laziness and leisure rather than disciplined labor. Many middle-class Americans supported abolition for this reason.

## The working class
The working class consisted largely of wage laborers in factories, workshops, construction, and urban service jobs. Their lives were marked by insecurity:
- low wages
- long hours
- unemployment
- poverty during downturns

Working-class families often needed the labor of women and children to survive.

### Working-class culture
The working class developed its own social world:
- taverns
- public amusements
- circuses
- P. T. Barnum’s entertainment empire
- drinking and recreation as escapes from hardship

### Working-class attitudes toward slavery and immigration
Many working-class northerners opposed abolition because they feared competition from free Black workers. They also often resented immigrants, especially as Irish and German migration increased in the 1840s and 1850s.

This created tensions within the laboring population itself and shows that class identity often overlapped with race, ethnicity, and religion.

---

## Big Historical Takeaways

For students, the most important ideas in this text are:

1. **Industrialization transformed work**
   - from skilled artisan labor to factory wage labor
   - from home-based production to centralized production
   - from flexible labor to disciplined, timed labor

2. **The market revolution expanded opportunity but deepened inequality**
   - more goods, more markets, more mobility
   - but also more poverty, wage dependence, and class conflict

3. **Transportation and communication tied the nation together**
   - roads, canals, steamboats, railroads, and telegraphs created a more integrated economy

4. **The United States became a society of classes**
   - elite, middle class, and working class developed different values, lifestyles, and political views

5. **Economic growth and slavery were deeply connected**
   - Northern manufacturing depended on Southern cotton
   - many elites profited indirectly from enslaved labor
   - class views on slavery differed sharply

6. **Workers resisted**
   - strikes, labor associations, and political parties showed that many Americans recognized the harshness of industrial capitalism and tried to challenge it

---

If you'd like, I can also turn this into:
- a **short study guide**
- a **timeline**
- **key terms and definitions**
- or **exam-style questions with answers**.",,,1.0,,azure
Persona_Pattern,us_history_5,"This chapter explains how the United States in the late nineteenth century was shaped by weak national leadership, widespread corruption, and mounting economic distress—conditions that helped produce the Populist movement and set the stage for later Progressive reform.

## Core idea of the chapter
The period after the Civil War, especially from the 1870s through the 1890s, was marked by a striking contrast: the nation was growing rapidly industrially and territorially, but the federal government was often ineffective, corrupt, and unwilling to solve major social and economic problems. Farmers, workers, and reformers increasingly concluded that Washington would not help them unless they organized and demanded change themselves.

The chapter uses L. Frank Baum’s *The Wizard of Oz* as a possible cultural metaphor for this era: Dorothy’s search for help from a “wizard” who turns out to be a fraud resembles the way many Americans looked to the federal government for solutions and found it weak or deceptive. Whether Baum intended this as political allegory or not, the image fits the chapter’s larger argument: the national government often seemed magical in promise but powerless in reality.

---

# 1. Political corruption and weak government in the Gilded Age

## The meaning of the “Gilded Age”
Mark Twain coined the phrase “Gilded Age” to describe an era that looked shiny on the surface but concealed corruption, inequality, and political manipulation underneath. The nation appeared prosperous because of industrial growth and expansion, but that prosperity was uneven, and political life was deeply tainted by bribery, patronage, and machine politics.

### Key features of Gilded Age politics:
- **Corruption at both state and federal levels**
- **Political patronage**: jobs and favors distributed to supporters
- **Machine politics**, especially in cities like New York’s Tammany Hall
- **Weak presidents**, often elected without a clear popular mandate
- **Congress dominated by partisan bargaining rather than reform**

The text emphasizes that presidents from 1876 to 1896 were generally weak because:
- Elections were extremely close
- Several presidents won the Electoral College without winning a popular majority
- Presidents had to repay political debts to party bosses and donors
- Congress was reluctant to follow weak presidents

As a result, the federal government did very little to solve problems such as:
- declining farm prices
- urban poverty and slum conditions
- railroad abuses
- labor unrest
- racial injustice after Reconstruction

---

# 2. The election of 1876 and the end of Reconstruction

The election of 1876 set the tone for the era because it was one of the most disputed elections in U.S. history.

## The candidates
- **Republican Rutherford B. Hayes**
  - supported “hard money” tied to gold
  - favored civil service reform
  - had less scandal in his background than Grant
- **Democrat Samuel J. Tilden**
  - reform-minded
  - known for fighting corruption, especially in New York

Both parties claimed to oppose corruption and both promised an end to Reconstruction.

## The political context
The campaign reflected familiar Gilded Age patterns:
- Republicans used the **“bloody shirt”** strategy, reminding voters of Civil War suffering and associating Democrats with the Confederacy.
- Democrats attacked Republican scandals, including Crédit Mobilier.
- Violence and intimidation in the South suppressed Black Republican voting.

## White supremacist intimidation in the South
The text highlights groups such as:
- **Redshirts**
- **White League**

These groups terrorized Black voters and Republicans to restore Democratic control. Their actions were part of a broader pattern of violent resistance to Black political participation during Reconstruction.

## The disputed outcome
Tilden won the popular vote, but the electoral count was contested in:
- Florida
- Louisiana
- South Carolina
- plus one disputed Oregon elector issue

A special electoral commission awarded all disputed electoral votes to Hayes, producing the final result: **Hayes won 185 to 184**.

## The Compromise of 1877
To secure Hayes’s presidency, Republican leaders agreed to withdraw federal troops from the South. This ended Reconstruction and allowed white Southern Democrats—known as **Redeemers**—to reassert control.

### Why this mattered:
- Federal protection for Black rights in the South collapsed
- Reconstruction governments were dismantled
- The South regained “home rule”
- Many African Americans saw this as **“The Great Betrayal”**

The compromise demonstrated how little the public expected from government and how willing both parties were to make backroom deals.

---

# 3. Patronage, tariffs, and gold: the major political issues

This section explains the three central policy issues of the era:
1. **patronage / civil service reform**
2. **tariffs**
3. **monetary policy: gold vs. silver**

## A. Patronage and civil service reform

### Spoils system
Under the spoils system, victors in elections rewarded supporters with government jobs. This had been common since Andrew Jackson’s era, but in the Gilded Age it became associated with outright corruption and inefficiency.

### Why patronage mattered
Because presidents were so weak and owed so many favors, they relied on patronage to hold coalitions together. This meant:
- unqualified supporters received office
- corruption flourished
- government efficiency suffered

### Civil service reform movement
Reformers argued that government jobs should go to qualified people through merit-based exams. Early reformers included:
- the **Liberal Republican Party** in 1872
- journalists and political critics who attacked the spoils system

### Garfield’s assassination and reform
The assassination of President **James A. Garfield** in 1881 became a turning point. Assassin **Charles Guiteau** believed he deserved a government job for supporting Garfield. His delusion and violence were seen as symbols of the dangers of patronage.

### The Pendleton Civil Service Act (1883)
Under Chester A. Arthur, Congress passed the first major civil service reform law:
- created the **Civil Service Commission**
- required competitive exams for some federal jobs
- limited the ability of presidents to reverse reform

This was a major step away from the spoils system, though only about 10 percent of patronage positions were initially covered.

---

## B. Tariffs

Tariffs were taxes on imports and one of the most divisive issues in the late nineteenth century.

### Who wanted high tariffs?
- industrialists
- manufacturers
- Republicans

They argued tariffs protected American industry from foreign competition.

### Who wanted lower tariffs?
- consumers
- working-class families
- farmers

They argued tariffs made everyday goods more expensive.

### Why tariffs mattered politically
Tariffs became a way to divide the electorate between:
- protection of industry
- relief for ordinary consumers and agricultural producers

### Important legislation
- Arthur created a **Tariff Commission** in 1882
- Cleveland pushed for lower tariffs
- Harrison supported higher tariffs
- the **McKinley Tariff** raised rates dramatically, in some cases by as much as 50 percent

The tariff debate shows how business interests often shaped policy at the expense of ordinary Americans.

---

## C. Gold vs. silver and the money supply

This was one of the most important economic issues of the era, especially for farmers and debtors.

### Gold standard
A gold standard limited the money supply and tended to produce:
- lower prices
- more stable currency
- benefits for creditors and major business interests

### Silver coinage / bimetallism
Supporters of silver wanted more money in circulation, which would:
- increase inflation slightly
- raise crop prices
- make debts easier to repay

### Why farmers supported silver
Farmers were heavily in debt and needed inflationary policies so their crops would bring in more money. They wanted a larger money supply, not a tight gold-based one.

### Sherman Silver Purchase Act
This law required the federal government to buy large amounts of silver, but it did not solve farmers’ problems. In 1893, Cleveland repealed it amid concern for the gold reserve.

This issue eventually helped fuel the Populist and Silver movements.

---

# 4. Farmers revolt: from protest to politics

Farmers faced a structural economic crisis in the late nineteenth century.

## Why farmers were in distress
Several forces pushed them into debt:
- **overproduction** lowered crop prices
- **new machinery** increased output but also encouraged more production
- **global competition**
- **railroad freight rates**
- **high tariffs** on goods farmers bought
- **tight money supply** and debt burdens

This created a vicious cycle:
1. farmers produced more to make up losses
2. prices fell further
3. debt increased
4. they produced even more

## The Grange
The first major farm organization was the **Patrons of Husbandry**, or **Grange**, founded by Oliver Hudson Kelly in 1867.

### Goals of the Grange:
- cooperative buying and selling
- lower shipping rates
- bargaining power with railroads
- rural self-help

Some states passed **Granger Laws** regulating railroads and grain elevators, but these were later weakened or struck down by courts.

## The Greenback Party
Farmers also supported the **Greenback Party**, which wanted paper money not tied to gold. It had brief success but faded when it failed to sustain national momentum.

## The Farmers’ Alliance
The more important movement was the **Farmers’ Alliance**, which eventually included:
- Southern Alliance
- Northwest Alliance
- Colored Alliance

This was a broad coalition of more than 2.5 million members, including about 1 million Black members. The chapter stresses that Black farmers saw political organization as a way to improve their condition, though racism still divided the movement.

### Women in the movement
The Farmers’ Alliance was also important for women:
- nearly 250,000 women joined
- women could vote and hold office within the organization
- this gave some women experience in political leadership
- figures like **Mary Elizabeth Lease** became famous for militant rhetoric

### Main Alliance goals
- regulate railroad rates
- expand the money supply
- support a **subtreasury plan**

### The subtreasury plan
This was the most imaginative Populist proposal:
- the federal government would store crops in warehouses
- farmers would receive loans based on crop value
- crops could be sold later when prices rose

This would help farmers avoid forced sales at low prices and give them cash to pay debts. The plan was never adopted, but it foreshadowed later New Deal agricultural policy.

---

# 5. The Populist Party and the Omaha Platform

Frustrated by government inaction, Alliance leaders created the **Populist Party** in 1891.

## Populist goals
They wanted:
- railroad regulation
- federal support for farmers
- an end to the gold monopoly
- a more active federal government

## The Omaha Platform
Written in 1892, it attacked:
- railroad monopolies
- bankers
- big business
- political corruption

It called for:
- the subtreasury plan
- government control of railroads
- abolition of the national bank system
- a federal income tax
- direct election of U.S. senators

These ideas were radical for the time, but many would later become law in the Progressive Era.

## 1892 election
The Populists nominated **James B. Weaver**. Though he lost, the party did well enough to suggest it could become a real national force.

---

# 6. Depression of 1893 and social unrest

The economic collapse that began in 1893 transformed the Populists from a farm protest movement into a broader reform coalition.

## Causes of the Depression of 1893
- railroad speculation
- fragile investment bubbles
- business failures tied to railroad collapse
- bank and industrial failure

## Consequences
- massive unemployment
- soup kitchens and homelessness in cities
- sharp economic hardship for workers and farmers alike

The federal government offered almost no real relief.

---

# 7. Coxey’s Army and the Pullman Strike

These events showed the depth of labor and economic crisis.

## Coxey’s Army
Jacob Coxey led unemployed workers to Washington in 1894 to demand public works jobs. The march was symbolic of the desperation of the unemployed, but the government ignored the demands and arrested the protesters.

## The Pullman Strike
The Pullman Strike was one of the most significant labor conflicts of the era.

### What happened
- George Pullman cut wages and fired workers
- workers lived in a company town, so job loss also meant eviction
- Eugene V. Debs and the American Railway Union organized a strike

### Why it mattered
The union refused to handle trains carrying Pullman cars, which disrupted much of the national railroad network.

### Federal response
Cleveland used federal troops to break the strike, citing the need to protect mail delivery. Debs was arrested, and the strike was crushed.

This showed that the federal government was willing to intervene—not on behalf of labor, but against labor.

---

# 8. Election of 1896 and the rise and decline of Populism

The election of 1896 was the climax of the Populist era.

## The candidates
- **William McKinley** for Republicans
  - defended gold standard
  - supported high tariffs
  - ran a traditional “front porch” campaign
- **William Jennings Bryan** for Democrats
  - supported silver coinage
  - appealed to farmers and workers
  - gave the famous **“Cross of Gold”** speech

## Bryan’s “Cross of Gold” speech
This speech was one of the most famous in U.S. political history. Bryan argued that:
- workers and farmers were just as important as bankers and industrialists
- the gold standard oppressed ordinary Americans
- the nation should not “crucify mankind upon a cross of gold”

His speech electrified the Democratic Convention and won Populist support.

## Populists and Democrats
The Populists endorsed Bryan, even though this risked losing their separate identity as a third party. This decision was both a sign of strength and a fatal strategic mistake.

## Outcome
McKinley won:
- the electoral vote
- the popular vote
- and, importantly, a majority of the popular vote, the first in 24 years

Bryan’s defeat hurt the Populists badly because:
- they had tied themselves to the Democrats
- they lost the chance to remain a distinct national party
- critics later mocked them as “Democrats in sheep’s clothing”

## Why Populism declined
Two additional factors weakened Populism:
1. **The Klondike Gold Rush** increased the gold supply and eased monetary pressures.
2. **The Spanish-American War** boosted the economy and national confidence.

Even though the Populist Party faded, many of its ideas survived and later influenced Progressivism.

---

# Big historical significance
This chapter is fundamentally about how Americans responded to the failures of the Gilded Age federal government.

## Major themes students should remember:
- **The federal government was weak, corrupt, and often unresponsive**
- **Reconstruction ended through a political bargain, not a principled resolution**
- **Patronage and machine politics dominated national life**
- **Farmers and workers were hurt by deflation, debt, tariffs, and railroad power**
- **The Populists tried to create a broader democratic and economic reform movement**
- **Many Populist ideas later reappeared in Progressive Era reforms**

## Long-term importance of Populism
Although the Populist Party did not survive as a major national force, it helped popularize ideas such as:
- railroad regulation
- income tax
- direct election of senators
- monetary reform
- stronger federal responsibility for the public welfare

In that sense, the Populists failed as a party but succeeded in reshaping American political debate.

If you want, I can also turn this into:
1. a shorter study guide,
2. a chronological timeline,
3. or a “key terms and people” list for exam review.",,,1.0,,azure
Refining_prompt,business_ethics_1,"This chapter argues that ethics is essential in both personal life and business life because it shapes honesty, trustworthiness, reputation, and the way we treat others. In business, ethics affects not only managers and owners but also a wide range of stakeholders: customers, clients, employees, suppliers, investors, competitors, communities, governments, the media, and even the environment. A professional of integrity is someone whose actions match their values, who keeps promises, treats others with dignity and respect, and does what is right for sound reasons—not just what is legal or profitable.

The chapter distinguishes sharply between legal compliance and ethical responsibility. The law sets a mandatory minimum for behavior and is enforced through penalties, but ethical conduct goes beyond the law and reflects voluntary commitments to fairness and responsibility. Something can be legal yet still unethical. Business ethics should therefore not be reduced to following rules alone. Many professions have formal codes of ethics, and business is increasingly developing similar standards through mission statements and codes of conduct that emphasize honesty and integrity.

To evaluate ethical decisions, the chapter presents three normative approaches. Consequentialist thinking focuses on the ends or outcomes of an action and is associated with utilitarianism, which aims for the greatest good for the greatest number. Deontological ethics focuses on the means or duties involved in an action, holding that some actions are right or wrong regardless of their consequences; Immanuel Kant is the key figure here. Virtue theory focuses on the character of the decision-maker, arguing that ethical behavior comes from habits and the cultivation of virtues such as courage, self-control, justice, and wisdom. The chapter also highlights Aristotle’s concept of phronesis, or practical wisdom: the ability to make prudent, morally sound judgments in real situations. Wise leaders use experience, judgment, and moral purpose to serve the common good.

The chapter then connects ethics to profitability. It argues that business success should be judged from a long-term perspective rather than a short-term, quarterly profit mindset. Focusing only on immediate returns can encourage harmful decisions, while long-term thinking recognizes that ethical treatment of stakeholders builds trust, reputation, and durable success. The chapter contrasts stockholders, who own shares, with stakeholders, who include all those affected by the business. Managers who serve only shareholders—especially in the short term—often ignore broader harms and make poor decisions. Businesses operate within a social contract: society allows them to exist and profit, and in return businesses owe society responsible conduct and benefits for the broader community.

A key concept in this section is goodwill. Goodwill refers to the positive feelings stakeholders have toward a company and includes reputation, brand value, employee quality, and customer loyalty. Ethical behavior strengthens goodwill, which in turn supports long-term profitability. The chapter also emphasizes corporate culture, meaning the shared values and behaviors inside an organization. Ethical leadership helps build a healthy corporate culture, which improves employee relations and public trust. Companies that act responsibly often outperform others over time because consumers and employees prefer organizations that are honest, fair, and community-minded.

Corporate social responsibility (CSR) is presented as the idea that a business has obligations beyond making money. CSR means viewing the firm as part of society with responsibilities to people and the environment. A socially responsible company seeks to do well financially while also doing good socially, recognizing that profit and public benefit need not conflict. Examples such as Patagonia and TOMS illustrate how companies can integrate social and environmental commitments into their business models.

Finally, the chapter warns against ethical relativism and the use of multiple ethical standards in different contexts. Ethical relativism claims that right and wrong depend entirely on the situation, but the chapter argues this leads to inconsistency, confusion, and damaged trust. Instead, individuals and businesses should adopt a single, consistent ethical standard across all roles and relationships. Whether with family, coworkers, customers, or strangers, a person of integrity should follow the same core principles: honesty, fairness, loyalty, respect for law, and respect for others. A universal ethical standard not only supports moral consistency but also strengthens reputation, trust, and long-term business success.",,,1.0,,azure
Refining_prompt,business_ethics_2,"This chapter traces the development of major ethical frameworks and applies them to business.

It begins by distinguishing ethics from law: ethics are the standards people hold themselves to, while laws are only minimal social rules. An action can be legal yet still unethical, so business leaders must go beyond compliance to build ethical cultures.

The chapter first explores **virtue ethics in ancient Athens**. Athenian thinkers such as Socrates, Plato, and especially Aristotle treated ethics as a matter of **character**, not just behavior. Aristotle’s ethics are teleological: everything has a purpose, and the human purpose or **telos** is **eudaimonia**—true happiness or flourishing. This is achieved through reason and a virtuous life. Aristotle distinguishes **intellectual virtues** (such as knowledge, wisdom, and practical wisdom or **prudence/phronēsis**) from **moral virtues** (such as courage, self-control, honor, and generosity). Prudence helps people find the **golden mean** between excess and deficiency. Virtue is developed through habit and repeated action, not born instantly. In business, Aristotle saw money and commerce as useful but dangerous when driven by **greed** rather than honor and justice. He also stressed that virtue is public: ethical conduct affects the individual, the organization, and the city-state. The chapter also describes Athenian society’s limited democracy, including exclusion of women, metics, and slaves, and notes that slavery was widely accepted despite Athens’ moral ideals. Finally, it explains three forms of justice: **legal justice** (fair laws), **commutative justice** (fairness in transactions and restitution for harm), and **distributive justice** (fair allocation of benefits and burdens).

The chapter then turns to **Confucian ethics in ancient China**. Confucius responded to social chaos by advocating a return to **li**, the proper order of society expressed through ritual, correct roles, and harmonious relationships. His ethical system is relationship-centered rather than individual-centered. The goal is to become a **junzi**—a humane, refined, self-controlled person who contributes to harmony. Confucian ethics emphasize three linked ideas: **wholehearted sincerity and truthfulness**, the **constant mean** (balance and moderation), and **expediency or quan** (practical judgment that weighs circumstances to achieve righteousness and fairness). Confucius viewed the **family** as the foundation of social order and identified the five key relationships: parent/child, husband/wife, elder/junior sibling, master/apprentice, and ruler/subject. In business, Confucianism values integrity, loyalty to truth, balanced decision-making, and responsible action within networks of relationships. The chapter also notes that women were largely confined to domestic roles, though it includes the example of Yijing, a woman who successfully runs her father’s business in disguise, illustrating tensions between tradition and merit. Confucian virtue ethics continues to influence modern China, including ideas about corruption, governance, and ethical business culture.

Next, the chapter **compares Aristotle and Confucius**. Both systems are virtue-based and aim at human flourishing, but Aristotle seeks **happiness** through individual excellence and reason, while Confucius seeks **harmony** through relational order and self-regulation. Both emphasize control, moderation, education, and the integration of personal and professional life. In both traditions, business becomes a test of character. The chapter argues that ethical behavior in business must be consistent with one’s private life, because compartmentalizing morality leads to hypocrisy, weak accountability, and scandals. The text also raises the question of whether there can be a **universal ethics**, suggesting that while cultures differ, shared methods such as fair procedures, professional standards, and education in virtue may support broadly applicable moral conduct.

The chapter then presents **utilitarianism** through **Jeremy Bentham** and **John Stuart Mill**. Bentham argued that humans are driven by pleasure and pain, and that ethical action should maximize **utility**—the greatest happiness for the greatest number. His approach is **consequentialist**, objective, and meant to be measurable through a “hedonic calculus.” Bentham applied this reasoning to law, public policy, and social reform, including support for rights, abolition of slavery, and other progressive causes. Mill revised Bentham by adding a stronger defense of **individual rights** and the **harm principle**, according to which coercion is justified only to prevent harm to others. Mill valued free speech and open debate as essential to discovering truth and maximizing social good. The chapter notes both strengths and limitations of utilitarianism: it is useful in cost-benefit analysis, risk assessment, and business decisions, but it can ignore character, reduce people to numbers, and struggle with defining harm, especially when emotional, social, or indirect harms are involved.

The chapter then shifts to **Kantian deontology**, which centers on **duty**, **good will**, and the **categorical imperative**. Immanuel Kant argued that morality does not depend on consequences but on whether an action can be universalized and whether it treats people as **ends in themselves**, not merely as means. His ethics are unconditional and grounded in rational moral law. Kant rejected moral systems based purely on outcomes or calculation. Instead, he believed ethical action comes from acting for the right reason, with respect for autonomy and universal moral law. In business, Kantian ethics supports honest leadership, respect for stakeholders, and responsibility even when doing the right thing is costly. The chapter acknowledges that strict Kantian ethics can be difficult in practice, especially in global business settings, but it remains valuable for shaping character and organizational culture. The chapter illustrates this framework through the case of **Jean Valjean** in *Les Misérables*, where stealing bread is illegal but may be morally defensible because it is motivated by good will and concern for others. It also uses corporate scandals such as Uber, Volkswagen, Theranos, and others to show the consequences of violating duty and honesty.

Finally, the chapter introduces **John Rawls’s theory of justice** as an alternative to utilitarianism. Rawls sought **justice as fairness**, focusing not on maximizing utility but on designing fair rules for distributing goods and opportunities. His theory uses the **original position**, **veil of ignorance**, and **unanimity of acceptance**: people choose principles of justice without knowing their own future status, so they are more likely to choose fairly. Rawls’s approach is procedural and egalitarian, aiming to protect the least advantaged. The chapter explains the redistribution debate it raises: critics argue it can be coercive and may discourage initiative, while supporters see it as a necessary safeguard for rights, opportunity, and social stability. Rawls’s framework is presented as especially useful for modern business because fairness is broadly understood across cultures and can help shape corporate culture, human resources, leadership, social responsibility, and trust. The chapter closes by applying Rawls’s logic to aging and healthcare, asking readers to consider what rules they would choose if they did not know their future position in society.

Overall, the chapter shows how major ethical traditions—virtue ethics, utilitarianism, deontology, and justice theory—offer different answers to the same questions about character, consequences, duty, fairness, and the role of business in society.",,,1.0,,azure
Refining_prompt,business_ethics_3,"This chapter explains why businesses must adopt a **stakeholder orientation**: companies affect and depend on many groups beyond shareholders, including employees, customers, suppliers, governments, communities, the media, and even the environment. Stakeholders may be internal or external, and their interests often overlap and conflict. The chapter argues that legal compliance is only a minimum standard; ethical responsibility frequently extends beyond the law because business relationships are ongoing social contracts built on trust. Examples such as Samsung’s washer recall show the difference between an **ethical minimum** (doing only what the law requires) and an **ethical maximum** (taking the strongest reasonable action to protect stakeholders and preserve trust).

Stakeholder claims must be **weighed and prioritized** because companies have limited time and resources. Donaldson and Preston’s three approaches to stakeholder theory are highlighted: the **descriptive** approach maps stakeholder interests, the **instrumental** approach links stakeholder management to financial performance, and the **normative** approach treats stakeholders as ends in themselves and is the core ethical basis of stakeholder theory. Stakeholders can also be categorized by their relationship to the firm: **enabling stakeholders** (such as boards, regulators, and shareholders) allow the firm to function; **functional stakeholders** (such as employees, suppliers, customers, distributors, and unions) directly affect inputs and outputs; **normative stakeholders** shape industry norms; and **diffused stakeholders** (such as NGOs, voters, and media) have less direct but still important influence. Another useful framework groups publics as **nonpublic, latent, aware, and active**, depending on whether they recognize a problem and organize to respond. Cases such as Johnson & Johnson’s Tylenol crisis and Volkswagen’s emissions scandal show how ethical, transparent responses can preserve trust, while denial or deception can destroy reputation and impose enormous costs.

The chapter then focuses on **ethical decision-making and stakeholder prioritization**. Managers must identify which stakeholders are most significant, what their claims are, and how urgent those claims are. Prioritization depends on **power, interest, and exigency**. A stakeholder with high power and high interest is especially important, but even low-power stakeholders can matter when their concerns are widespread, morally compelling, or likely to grow over time. The chapter emphasizes that companies should gather accurate information through surveys, focus groups, usage data, and social media monitoring, and then communicate back to stakeholders that their concerns were considered. This process helps maintain trust and avoid missing important signals from customers, employees, communities, or investors. Stakeholder management is not only about reacting to crises; it is also about anticipating expectations and shaping them in ways that support long-term success. The chapter illustrates this with examples from Malaysia Airlines, which must balance government demands for profitability with customer needs for affordable service, and IKEA, which adapts products and store practices to local cultural expectations in different countries.

Finally, the chapter introduces **corporate social responsibility (CSR)**, the idea that businesses should not only produce goods, earn profits, and pay fair wages, but also act responsibly toward society and the environment. CSR is linked to the **triple bottom line (TBL)**: **people, planet, and profit**. This framework recognizes that companies create social and environmental externalities that must be considered alongside financial performance. Genuine CSR can support sustainability, improve community well-being, and strengthen long-term business viability. However, CSR can also be misused as **greenwashing**—a public relations strategy that creates the appearance of responsibility without real systemic change. Examples such as Ben & Jerry’s supply-chain tensions and Coca-Cola’s water use show why stakeholders must look beyond corporate rhetoric and evaluate actual practices. The chapter concludes that ethical stakeholder relationships are both morally right and economically wise: businesses depend on stakeholder trust, and sustainable prosperity requires balancing profit with the well-being of people and the planet.",,,1.0,,azure
Refining_prompt,business_ethics_4,"This chapter argues that sustainability and corporate social responsibility (CSR) are best built deliberately and with stakeholder input, much like the Japanese idea of *nemawashi*—“laying the groundwork” by creating strong roots through broad consultation, transparency, and commitment. CSR is presented not as a slogan but as a long-term organizational philosophy that requires real investment of money, time, and enforcement across the company.

The chapter first examines corporate law and the debate over corporate purpose. Modern corporations benefit from incorporation through **limited liability**, which protects owners, directors, and managers from losing more than their investment in most cases. This legal privilege helps businesses raise capital and spread risk across society, but it also creates an ethical expectation that corporations should give something back—a form of *quid pro quo* in the form of CSR. The central legal and ethical tension is between **shareholder primacy**—the view that corporations should maximize profits for shareholders—and the view that corporations may legitimately balance profits with broader responsibilities to employees, customers, communities, and the environment. Key cases illustrate the shift and ongoing conflict: *Dodge v. Ford* (1919) endorsed shareholder primacy; *Shlensky v. Wrigley* (1968) upheld managerial discretion under the **business judgment rule**; and *Burwell v. Hobby Lobby* (2014) showed that closely held corporations may act on moral or religious beliefs, raising questions about corporate personhood, minority shareholder rights, and how far management discretion should extend.

The chapter also explains that corporate directors owe **fiduciary duties**—especially duties of care and loyalty—to the corporation and its shareholders, but there is disagreement over whether that duty requires strict profit maximization. Some scholars and economists, such as Milton Friedman, argue that CSR improperly uses corporate resources for social goals that shareholders should decide for themselves, while others argue that modern corporate law does not require profit at all costs. The chapter suggests that the legal landscape is unsettled, but that many firms find CSR valuable because it creates a positive “halo effect,” strengthens reputation, and can improve profitability. Examples such as Unilever’s **Project Shakti** in India show how CSR can also create micro-entrepreneurship and empowerment, especially for women, while expanding business reach. The chapter emphasizes that responsible investing, including socially responsible mutual funds, can produce returns competitive with traditional funds.

The second major topic is **sustainability and the environment**. Environmental concern is a relatively recent development, but the chapter frames sustainability as essential to business survival and long-term profitability. It introduces **earth jurisprudence**, the idea that nature should have legal rights similar to corporations or persons, so that ecosystems can be protected in court. This is linked to the **tragedy of the commons**, where individuals and businesses overuse shared resources for private gain until the resource is degraded for everyone. The chapter notes that Ecuador has recognized rights of nature in its constitution, though U.S. law has not formally adopted the concept. It also discusses “invisible pollution,” where harmful dumping or emissions are hidden from public view, making legal protection especially difficult.

The chapter argues that sustainability is not merely ethical but also economically smart. Large companies such as Cisco, Siemens, and Dell show that environmental responsibility can improve supply-chain resilience, lower costs, reduce emissions, and enhance efficiency. Surveys by McKinsey and Grant Thornton indicate that companies adopt sustainability primarily for financial reasons such as cost savings, operational improvement, and long-term value. The chapter highlights sustainability standards such as **ISO 14000** for environmental management and **LEED certification** for buildings, both of which promote cleaner, safer, and more efficient practices. It also emphasizes the dangers of inaction: climate change, water scarcity, ecosystem loss, pollution, and threats to infrastructure, public health, and national security. The chapter notes that private firms and governments often must cooperate, since climate and pollution problems cross borders and require joint action.

Policy tools discussed include **cap-and-trade**, **carbon taxes**, severance taxes, cleanup deposits, and other forms of pricing pollution so that businesses internalize environmental costs. The chapter also explores the ethical problems of exploiting weak regulation in poorer countries for toxic waste dumping, arguing that multinational firms should not take advantage of lax enforcement abroad. It presents sustainability as a shared responsibility of corporations, consumers, and governments. Individuals also matter, because consumer choices—such as buying electric vehicles or solar products—help shape markets, though these options often require greater upfront costs. Tesla and SpaceX are examples of firms developing technologies with long-term environmental sustainability in mind, often with public-sector support.

The third section focuses on **government and the private sector**. It argues that effective solutions to major social problems usually require cooperation among local, state, federal, and private actors. Environmental regulation often works best through layered governance, such as the federal **Clean Air Act** combined with state and local implementation. The chapter uses the **Keystone XL pipeline** controversy to show the emotional and political intensity of environmental disputes and to raise questions about protest, property rights, and the limits of civil disobedience. It also broadens sustainability to include **public health**, asking whether businesses should be allowed to profit from products that impose large social costs, such as alcohol, tobacco, guns, and opioids. Some companies have responded voluntarily—for example, CVS stopped selling tobacco, Walmart and others tightened gun policies, and firms in food and retail have moved toward cage-free eggs and fur-free or cruelty-free policies—showing that consumer pressure and reputational risk can shape corporate behavior.

The chapter then examines the **revolving door** between government and industry, where executives move into regulatory roles and later return to the private sector. While expertise from business can improve public administration, too much interchange can create conflicts of interest and undermine trust. Rules and ethics pledges attempt to limit abuses, but the chapter stresses the need for transparency and balance.

Finally, the chapter addresses constitutional and political debates over regulation. Some favor states’ rights and limited federal power under the Tenth Amendment and a narrow reading of the Commerce Clause; others favor strong federal action to solve national problems; still others want minimal regulation at any level. These disputes shape policy on emissions, safety, and corporate conduct. The chapter uses the **Deepwater Horizon** disaster as a warning about weak regulation and industry lobbying: a lack of required safety technology contributed to a catastrophic oil spill that killed workers and caused enormous environmental damage. In contrast, countries like Norway and Brazil mandate stronger safety devices, showing that stricter regulation can prevent disasters. The chapter ends with **Citizens United v. FEC** and **Sarbanes-Oxley**: Citizens United expanded corporate political spending rights, intensifying concerns about influence in politics, while Sarbanes-Oxley responded to corporate fraud by strengthening transparency, accountability, whistleblower protection, and executive responsibility. Together, these examples show that the legal system continues to struggle with how best to balance profit, responsibility, democracy, and sustainability.",,,0.75,,azure
Refining_prompt,business_ethics_5,"This chapter argues that business ethics is shaped by culture, historical period, geography, and religion, yet it also asks whether some ethical values are universal.

It begins by noting that ethics is not created in a vacuum: ideas about right and wrong develop within language, culture, history, and geography. Business ethics, therefore, often reflects the values of the society in which it operates. The chapter asks whether values such as respect, honesty, and fairness can be shared across cultures and times, and whether business ethics can ever be truly universal.

In the section on culture, the chapter explains two key processes. **Enculturation** is how people learn the rules, customs, and values of their own society. **Acculturation** is the blending of cultures through exchange, migration, conquest, media, and globalization. Business is not culturally neutral; modern commerce has largely Western and English-speaking roots, so global business often carries Western assumptions about property, labor, ownership, and competition. When business crosses cultures, misunderstandings can arise, as shown by the 1626 Manhattan transaction between Dutch settlers and the Lenape, where each side likely had a very different understanding of what was being exchanged. The chapter also emphasizes that globalization now pushes businesses to consider not only profit, but also social responsibility, sustainability, and justice. Companies operating internationally must balance their own mission and code of ethics with local customs, especially in places where corruption is common. Examples such as Petrobras, Siemens, IBM, Merck, and Nike illustrate the tensions among profitability, legal compliance, local expectations, and ethical responsibility. The chapter also stresses the role of consumerism and global supply chains: consumers may benefit from low prices, but those goods may depend on labor exploitation, unsafe conditions, or environmental harm. Ethical consumers and firms must therefore pay attention to how products are made and what kinds of practices they support.

The section on business ethics over time shows that ethical standards change as societies change. What was once normal may later be seen as unethical, as with smoking, fur, or animal testing. The chapter warns against judging the past too simply by present standards, while also recognizing that some values—such as opposing slavery or fraud—are close to universal. It traces major historical stages that shaped business ethics: **mercantilism**, where wealth was seen as static and colonial extraction was accepted; the **Industrial Revolution** and **postindustrial era**, when profit and shareholder interests dominated and labor abuses were common; and the **Information Age** and **globalization**, when transparency, professional codes, and ethical compliance became more important, but so did new opportunities for fraud, misinformation, and data misuse. Government regulation, such as the Dodd-Frank Act, and court decisions like *Dodge v. Ford*, *Shlensky v. Wrigley*, and *Burwell v. Hobby Lobby* illustrate the evolving legal understanding of corporate purpose and responsibility. Voluntary frameworks such as the UN Global Compact also show how companies try to align business practices with human rights, labor rights, environmental protection, and anti-corruption principles. The chapter suggests that ethical progress depends both on historical conditions and on the development of human conscience.

The section on geography and religion emphasizes that location matters because business relationships are always embedded in local worldviews. Companies entering new regions must adapt through **localization**—translating language, adjusting products, and respecting local laws, customs, and expectations. Cultural differences affect not just products but also concepts such as time, personal space, touch, dress, and communication style. For example, some cultures treat time as precise and transactional, while others treat it as relational and flexible. Likewise, what counts as respectful physical distance, a proper handshake, or appropriate clothing varies widely. Ethical managers must therefore practice cultural literacy and humility.

Religion also has a deep influence on business ethics. Historically, religion and morality were closely linked, and religious traditions still shape ideas about honesty, stewardship, hard work, and the proper use of wealth. The chapter discusses the Protestant ethic and figures like John D. Rockefeller, whose faith influenced both his business practices and his philanthropy, though not without ethical controversy. It also notes shared moral themes across Judaism, Christianity, and Islam, especially the idea that money should serve a higher purpose and that people should not be treated merely as means to profit. At the same time, the chapter recognizes that modern business increasingly operates in pluralistic and secular environments, making universal human rights a possible common foundation across religious and cultural differences. The example of a Western auditor working during Ramadan illustrates how workplace ethics must navigate local religious practices with sensitivity and respect.

Finally, the chapter asks whether the values central to business ethics are universal. It distinguishes between **relative values**, which vary by culture and time, and **absolute values**, which are more stable, such as not lying, cheating, or defrauding others. Corruption is presented as a near-universal problem that damages trust, governance, and economic development. Business ethics operates on three levels: the **individual**, the **organizational**, and the **societal**. Laws, regulation, training, reporting systems, and oversight are important, but corruption cannot be eliminated unless individual conscience and moral agency are cultivated. The chapter critiques a narrow compliance-only approach to ethics and argues for a broader **normative business ethics** that includes organizational culture, character formation, and practical tools for ethical action. It introduces the **humanistic business model**, which treats employees as whole persons and supports their health, education, family life, and even spiritual concerns. However, the chapter also argues that business must go beyond merely making employees and the firm “happy” and should take human flourishing seriously in the fuller philosophical sense.

To deepen that vision, the chapter calls for bringing the **humanities** into business education. Literature, philosophy, and the arts can help future managers understand character, motive, empathy, and moral judgment more effectively than technical training alone. The chapter closes by emphasizing **moral agency**—the freedom and responsibility to choose rightly—and by drawing on Martin Buber’s idea that love is not just an emotion but a responsibility for others. In this view, business is fundamentally relational, and trust, care, justice, and concern for others are not optional extras but essential to ethical commerce. The chapter ultimately suggests that while business ethics is shaped by culture, time, geography, and religion, its strongest foundation may be a universal commitment to human dignity, responsibility, and care.",,,1.0,,azure
Refining_prompt,business_ethics_6,"This chapter argues that ethical behavior in the workplace is best established when it is modeled by senior leadership and reinforced through fair policies, legal compliance, and respect for employees.

A responsible employer owes workers a safe, transparent, respectful, and dignified workplace. Managers should lead by example, avoid hypocrisy, communicate expectations clearly, and keep employees informed about matters affecting their jobs. Transparency is especially important in major organizational changes such as layoffs, plant closings, automation, and outsourcing. The WARN Act requires 60 days’ advance notice for mass layoffs and plant closings, reflecting the idea that ethical leadership should often go beyond the minimum legal standard.

Workplace safety is governed primarily by the Occupational Safety and Health Act (OSHA). Employers must provide a workplace free from serious hazards, identify and eliminate dangers, train employees, supply protective equipment at no cost, and maintain injury records. Employees have rights to complain confidentially, receive hazard information, review records, and be protected from retaliation. OSHA can impose substantial fines, but the true cost of unsafe workplaces also includes lawsuits, compensation claims, reputational damage, and lost trust.

Employers also have ethical and legal duties to prevent harassment and discrimination. Under Title VII and EEOC enforcement, sexual harassment includes quid pro quo harassment and hostile work environment harassment, and may involve supervisors, coworkers, customers, or clients. Harassment can be based on sex, race, religion, national origin, disability, and other protected statuses. Employers must prevent it through policies, training, and enforcement. High-profile cases such as American Apparel, Uber, and Ford illustrate how toxic cultures can persist when leadership fails to act decisively.

Beyond avoiding harm, good employers should foster a satisfying workplace. Modern workers expect more than job security and basic benefits; they often value flexibility, work-life balance, childcare, health coverage, meaningful recognition, and perks such as telecommuting, on-site services, and wellness programs. Happy employees tend to be more productive, creative, loyal, and engaged. Managers should create belonging, recognize contributions, encourage teamwork, support health and rest, respect boundaries after hours, and use effective people skills such as empathy, authenticity, accountability, and cultural awareness.

The chapter then turns to wages and pay fairness. Wage inequality and financial stress hurt both employees and employers by reducing morale, increasing absenteeism, and lowering productivity. Real wages for many middle- and lower-income workers have stagnated for decades, while high-income wages have risen much faster. Minimum wage policy remains controversial because the real purchasing power of the minimum wage has declined substantially over time, even as many states and cities have set higher minimums than the federal rate.

A major focus is the gender pay gap. Women continue to earn less than men even when education, experience, and job title are similar. The Equal Pay Act prohibits unequal pay for the same job, but not for substantially equivalent work, and employers may exploit job-title differences or other technical distinctions to justify pay gaps. Career-long disparities begin with lower starting salaries and compound over time. Proposed remedies include stronger laws such as the Paycheck Fairness Act and Fair Pay Act, the concept of comparable worth, banning salary-history questions, pay transparency, and broader support policies like childcare and family leave. Some countries offer models, such as Iceland’s aggregate pay-equity law and the United Kingdom’s transparency requirements.

The chapter also explores experimental compensation approaches. Dan Price of Gravity Payments raised pay by setting a $70,000 minimum salary and cutting his own pay, arguing that fair compensation is a moral imperative as well as a business strategy. Other companies have followed with higher starting pay or shorter workweeks. The broader lesson is that compensation systems should balance short-term cost concerns with long-term sustainability, employee motivation, and fairness.

Organized labor is presented as another means of protecting workers. Labor unions act as employee representatives in collective bargaining, negotiating wages, benefits, and working conditions. The chapter notes both advantages and disadvantages: unions can improve pay, benefits, safety, and dispute resolution, but may also increase costs, slow promotions, or create adversarial relationships. U.S. union membership has declined due to the shift from manufacturing to services, right-to-work laws, and legal changes that weakened union strength. Right-to-work laws allow workers to opt out of union membership even in unionized workplaces. In contrast, many European countries have stronger unions and, in some cases, codetermination, where workers participate in corporate governance and board representation. Germany’s model is cited as one that can improve engagement, productivity, safety, and cooperation.

The chapter also highlights the growing gap between productivity and wages in the United States. Productivity has risen substantially since the 1970s, but worker pay has not kept pace, while CEO compensation has soared. The U.S. pay ratio between CEOs and average workers is far higher than in many other countries, raising concerns about fairness, incentives, and corporate governance. Strikes such as the Verizon strike show how unresolved pay disputes can damage morale and trust long after a settlement.

Finally, the chapter examines privacy in the workplace. Employers have legitimate interests in preventing theft, violence, data breaches, harassment, drug use, and productivity loss, but monitoring must be balanced against employee privacy. Electronic surveillance may include cameras, microphones, email review, internet tracking, keystroke logging, and device monitoring. The Electronic Communications Privacy Act, state privacy laws, constitutional protections for public employees, and labor law all shape what is allowed. In general, employers have broad rights to monitor company-owned equipment, especially with notice or consent, but stricter limits apply to private devices and certain personal communications. The NLRB also treats some surveillance as a mandatory subject of bargaining in unionized workplaces. Good monitoring policies should be clear, limited to legitimate business purposes, and communicated in advance.

Drug testing is another privacy-sensitive area. It is most common for applicants and for regulated industries such as transportation, and is governed largely by state law outside federal safety-sensitive settings. Because many employees are at-will, employers often may require testing, but procedures must be fair and accurate. Excessive or intrusive testing—such as directly observed urine collection—can raise serious privacy and dignity concerns and sometimes lead to legal liability.

Overall, the chapter emphasizes that ethical workplace management requires more than legal compliance: it calls for safe conditions, fair wages, anti-harassment enforcement, meaningful benefits, worker voice, thoughtful privacy protections, and leadership that models the values it expects from others.",,,1.0,,azure
Refining_prompt,business_ethics_7,"This chapter examines the ethical responsibilities employees owe to their companies, customers, coworkers, and the public. It emphasizes that being a good employee involves more than doing assigned tasks: workers must balance loyalty, honesty, professionalism, and self-interest in a workplace that is often shaped by at-will employment, changing career expectations, and new forms of work such as gig and contract labor.

**Loyalty to the company** begins with doing a good day’s work and acting in the employer’s interest. Under the common law duty of loyalty, employees must act in good faith, avoid conflicts of interest, and not compete with their employer while employed. This includes limits on moonlighting when a second job conflicts with the first, and on making decisions for personal gain rather than the company’s best interest. The duty becomes stronger as an employee’s authority and access to confidential information increase, and may become a fiduciary duty for high-trust roles. At the same time, the chapter explains that the modern idea of loyalty is weaker than in the past because many jobs are at will, employers often avoid long-term commitments, workers are more mobile, pay and benefits now drive job changes, defined-contribution retirement plans reward portability rather than longevity, and gig workers are not employees in the traditional sense. To retain workers, companies may use competitive pay, acknowledgment, and retention bonuses rather than superficial morale-building efforts.  

A major part of employee loyalty is **confidentiality**. Employees must protect proprietary information, employee records, salary data, customer data, trade secrets, intellectual property, and other sensitive business information. Employment agreements often reinforce these duties through nondisclosure clauses, patent and copyright assignments, and other contractual protections. The chapter also explains **non-compete agreements**, which restrict employees from working for competitors during or after employment for a limited time and area. These clauses are often used to protect trade secrets, but they have become controversial when imposed on low-wage workers or people with no access to sensitive information. Some states, especially California, restrict or void most post-employment non-competes. Related contractual tools include **nonsolicitation clauses**, which bar former employees from luring away customers or coworkers, and **nondisparagement clauses**, which prevent former employees from damaging an employer’s reputation.

The chapter then turns to **loyalty to the brand and to customers**. Employees help build a company’s brand by supporting its image, reputation, and products. Internal marketing seeks to get employees to believe in what the company sells so they can strengthen the brand from within. This matters because employees can powerfully affect goodwill, especially through social media. The chapter gives examples of workers who damaged brand trust by posting or performing unsanitary or embarrassing acts online. Employees are also expected to provide respectful customer service, since one bad interaction can hurt the business and one good interaction can build trust. The chapter highlights that employees may go beyond formal customer service roles, as in the example of a school custodian whose care for students, teachers, and families made her an exceptional servant of the institution’s broader community. It also makes clear that customer service does not require accepting abuse: employers must protect workers from harassment or assault by customers, and employees should not be forced to endure sexual harassment or violence in the name of service.

The section on **contributing to a positive work atmosphere** stresses that coworkers owe one another courtesy, respect, and civility. Employees should keep an open mind, be kind, avoid taking credit for others’ work, remain tolerant of differences in politics or religion, and steer clear of sexual jokes or inappropriate innuendo. They should not gossip on social media, since online attacks on coworkers can violate policy and destroy trust. The chapter discusses **emotional intelligence** and the need to understand different **workplace personalities** and **work styles** so that coworkers and managers can collaborate effectively even when people think or work differently. Managers are responsible for creating a harmonious atmosphere even when certain personalities clash.

The chapter also addresses **workplace violence**, which can come from criminal outsiders, coworkers, personal relationships, or customers. Employees have a legal and ethical duty not to be violent at work, and managers must prevent or stop violence. Companies reduce risk by screening applicants, enforcing policies, and maintaining safe conditions. A central tool for setting standards is the **code of conduct**, which typically covers legal compliance, bribery and gifts, conflicts of interest, company property, cybersecurity, social media, sexual harassment, and workplace respect. The chapter highlights special concerns about **cybersecurity** and the need to protect data from breaches caused by careless behavior. It also emphasizes the seriousness of harassment, including sexual harassment, which can be committed by supervisors, coworkers, or outsiders and must always be reported.

In the section on **financial integrity**, the chapter explains that employees can face strong temptations involving **insider trading** and **bribery**. Insider trading is buying or selling securities based on material nonpublic information, and it is illegal, unethical, and unfair because it harms other investors and undermines market confidence. The concept of “insider” can include temporary insiders such as lawyers, bankers, or reporters who gain confidential access through a special relationship. The chapter reviews famous enforcement actions and shows how insider trading can expose both individuals and firms to severe penalties, civil liability, prison, and reputational damage.  

The chapter also defines **bribery** as giving something of value to induce conduct contrary to law or policy. It discusses how gift giving becomes suspicious when it influences decision-making, and how companies use gift policies and ethics hotlines to help employees comply. A major legal framework here is the **Foreign Corrupt Practices Act (FCPA)**, which prohibits bribing foreign officials to win or keep business and applies broadly to U.S. firms, their agents, and many foreign entities linked to U.S. markets. The law allows only narrow facilitating payments and has led to major fines and settlements. The chapter notes the ongoing debate over whether strict anti-bribery enforcement harms competitiveness or is essential to ethical free enterprise. It argues that companies must train employees and establish strong compliance systems rather than leaving workers to rely on instinct in gray areas.

Finally, the chapter examines **criticism of the company and whistleblowing**. Employees do have some legal rights to discuss pay and working conditions with one another, and many pay secrecy policies are unenforceable under labor law. However, general criticism of a boss or company—especially on social media—is usually not protected by the First Amendment in the private sector, and employees can often be disciplined or fired for damaging posts. There are limits and exceptions under labor law when employees discuss wages or working conditions collectively. By contrast, **whistleblowing** means reporting legal violations to government authorities and is treated as a public service, though it can bring serious personal and professional retaliation. Responsible whistleblowers should act for proper motives, use internal reporting channels first when appropriate, and have solid evidence of serious wrongdoing. Many federal laws protect whistleblowers from retaliation, especially in areas such as workplace safety and environmental protection. The chapter also explains the **False Claims Act**, including its qui tam provision, which allows private individuals to sue on the government’s behalf and receive a share of recoveries.  

The chapter concludes with examples of high-profile whistleblowers such as Sherron Watkins of Enron and Sallie Krawcheck of Merrill Lynch to show the costs, risks, and moral courage involved in speaking up. It ends by underscoring that employees may face hard choices when they discover overbilling, fraud, or other misconduct, but ethical responsibility to the employer, coworkers, customers, and the public may require reporting wrongdoing even when doing so is personally costly.",,,1.0,,azure
Refining_prompt,business_ethics_8,"This chapter examines how ethical management in the modern workplace requires respecting the rights and needs of diverse stakeholders, including employees, customers, communities, and even animals. It argues that diversity, inclusion, pay equity, religious accommodation, LGBTQ equality, and humane treatment of animals are not only moral issues but also affect business performance, reputation, and long-term competitiveness.

A central theme is that workforce diversity is more than legal compliance or a symbolic goal: it is a business strength. Diverse teams can improve creativity, decision-making, employee morale, collaboration, and customer service, and research suggests companies with greater gender and ethnic diversity often outperform less diverse firms. Diversity should also include different thinking styles, personalities, ages, abilities, sexual orientations, and national backgrounds. However, diversity alone is not enough; managers must also foster inclusion, meaning all employees feel they belong and can participate fully. The chapter notes that some industries, especially technology, still lag significantly in workforce and leadership diversity, and that organizations may face backlash or resistance from employees who oppose inclusion efforts. Effective managers should explain the benefits of diversity, adjust workplace practices when needed, and create environments where diverse employees can succeed.

The chapter then focuses on accommodation for people with disabilities and religious beliefs. Under the Americans with Disabilities Act, employers must provide reasonable accommodations to qualified individuals with disabilities unless doing so creates undue hardship. Accommodations may include physical access changes, modified schedules, equipment adjustments, interpreters, readers, or service animals. The EEOC enforces these protections, and employers must be attentive because accommodation requests may be indirect. A major example is Verizon’s costly settlement after enforcing an inflexible attendance policy that failed to accommodate disability-related absences. For religion, Title VII requires nondiscrimination, nonharassment, nonretaliation, and reasonable accommodation for sincerely held beliefs, including nontraditional and nonreligious belief systems. Accommodations may involve time off, dress and grooming modifications, prayer spaces, dietary needs, or exceptions to work rules. The chapter highlights cases such as Sikhs seeking to wear religious items and the Abercrombie & Fitch case, where the Supreme Court ruled that employers cannot refuse to hire someone to avoid accommodating a religious practice.

Next, the chapter addresses sexual identity and orientation. Workplace discrimination based on sexual orientation or gender identity can include denial of opportunities, firing, harassment, stereotyping, or assault. Although legal protections were uneven for years, the Supreme Court’s 2020 decision in Bostock v. Clayton County held that Title VII’s ban on sex discrimination covers sexual orientation and gender identity. Many states and companies also extend broader protections and benefits. Ethical leadership in this area includes treating LGBTQ employees fairly, offering equal benefits, and maintaining an inclusive culture. The chapter also notes that anti-LGBTQ laws can provoke boycotts, public backlash, and economic losses, while many corporations earn strong ratings on the Human Rights Campaign’s Corporate Equality Index and support LGBT-owned suppliers and businesses.

The section on income inequality argues that the widening gap between rich and poor is both an ethical and economic concern. The U.S. middle class has shrunk while wealth and income have increasingly concentrated at the top. Because middle-class consumers drive much of the economy, declining middle-class purchasing power harms businesses and overall growth. The chapter discusses possible responses, including raising the minimum wage, which many business leaders support because it can boost consumer spending and reduce employee hardship. It also notes criticism that minimum wage increases alone may not effectively reduce poverty, suggesting that other policy tools such as the Earned Income Tax Credit may be more effective. The chapter links income inequality to gender pay gaps as well, emphasizing that women on average earn less than men and that some states are strengthening pay equity laws by focusing on “substantially similar work” rather than job titles. Ethical managers can help by designing compensation systems that reward comparable work fairly and by avoiding practices that classify workers as independent contractors simply to reduce labor costs.

Finally, the chapter explores animal rights and business. It explains the history of the animal rights movement, the legal protections animals have gained, and the growing public concern about how animals are used in agriculture, medicine, and cosmetics. Agribusiness faces interconnected ethical issues involving food safety, sustainability, labor conditions, environmental protection, labeling, and animal welfare. Consumers increasingly demand humane treatment of animals, greater transparency, and food options aligned with ethical, religious, or health preferences. In medical and cosmetic research, the chapter describes the push for alternatives to animal testing, such as computer modeling, human cell cultures, imaging techniques, and microdosing. Cosmetic animal testing is especially controversial because many alternatives exist, and many countries have banned or restricted it, forcing U.S. companies to adapt if they want access to global markets. The chapter also discusses efforts to give animals greater legal standing, such as lawsuits seeking habeas corpus for chimpanzees, and the Beagle Freedom Project’s work rescuing laboratory dogs. Overall, businesses are urged to anticipate consumer expectations and ethical trends, since public concern for animal welfare continues to grow alongside the expanding pet economy.",,,0.75,,azure
Refining_prompt,business_ethics_9,"This chapter examines four industries with significant ethical challenges: entrepreneurship, advertising, insurance, and health care.

In entrepreneurship, the chapter emphasizes that start-ups are high-risk ventures, with many failing financially despite media attention to success stories. It warns that success can also produce ethical failure, especially when founders develop hubris, create toxic workplace cultures, or excuse harmful behavior because of their brilliance or ambition. Ethical founders must establish respectful practices from the beginning, because the early culture of a company shapes its future. As start-ups grow, they often become more bureaucratic, losing the speed, flexibility, and camaraderie that defined them early on. Growth can dilute shared purpose, add hierarchy, and weaken the founder’s original values unless leaders intentionally preserve an ethical culture. The chapter also highlights the pressure and personal cost of start-up life: long hours, emotional strain, anger, and the temptation to let work consume one’s identity. Ethical entrepreneurship requires self-control, fairness, respect for employees and customers, and an awareness of the human costs of success.

In advertising, the chapter explains how marketing informs consumers but can also manipulate them through exaggeration, psychological appeals, and the promotion of unnecessary or harmful goods. Social media has transformed advertising by making it ubiquitous, highly targeted, and central to brand awareness, especially among younger consumers. This digital environment brings benefits, but also risks such as data exploitation, hacking, and the rapid spread of criticism. The chapter raises questions about whether advertising creates demand rather than merely responding to it, and how much responsibility consumers bear for resisting persuasive marketing. It pays special attention to children, who are especially vulnerable because they have limited ability to distinguish advertising from trustworthy information. The chapter also examines subliminal advertising, noting that while it has long been feared, evidence for its effectiveness is weak and inconclusive. Overall, ethical advertising should be truthful, restrained in its claims, and mindful of consumer vulnerability.

In the insurance industry, the chapter explains that insurance exists to spread risk and protect people from catastrophic loss, but the business model depends on collecting premiums while keeping claims manageable. This creates a basic ethical tension between profit and fair treatment of policyholders. Insurance becomes especially controversial in cases of natural disasters, where the risk of large-scale payouts may cause private insurers to stop offering coverage or raise rates beyond affordability. The chapter notes that government programs such as federal flood insurance and state earthquake authorities exist because private insurers often refuse to cover high-risk disasters. It raises questions about whether government should subsidize or require such coverage and how to define a “reasonable” profit for insurers. A major ethical issue is redlining: charging higher premiums or denying coverage based on neighborhood location, especially when such practices disproportionately affect minority communities. Even when insurers justify pricing by risk, using race or ethnicity directly or indirectly to determine coverage is ethically unacceptable.

In health care, the chapter focuses on the U.S. system’s high cost, uneven access, and ongoing debate over whether health care is a right or a privilege. It contrasts the American multipayer system, in which patients, employers, and private insurers share costs, with single-payer systems in which the government primarily funds and administers care. The U.S. model offers high-quality facilities and often shorter waits for care, but it is far more expensive than systems in other developed countries and leaves many without adequate access. The chapter discusses the high price of prescription drugs and the ethical concern that life-saving treatments may be unavailable to those who cannot pay. It traces the history of employer-based insurance, union benefits, and charitable support, and notes that American physicians historically opposed government insurance. It also examines modern employer practices such as customizable health plans, copayments, deductibles, and wellness programs. While wellness initiatives can improve employee health, they may also invade privacy, reveal sensitive health data, or give employers undue influence over workers’ off-duty behavior. The chapter then turns to the Affordable Care Act, which expanded access and protections but remains politically contested. It also discusses state-level efforts toward universal or single-payer coverage, such as Massachusetts reform and California’s proposed Healthy California plan. The chapter concludes that the U.S. has long relied on private provision for health care, but this has failed to deliver universal affordability, leaving the ethical question of who should bear responsibility for health care still unresolved.",,,1.0,,azure
